tracking_id;dispatch_date;weight_kg;supplier_name;country;critical_flag
TRX-1000006;2026-03-08;0,0;Vendor_40;China;YES
TRX-1000008;2026-05-24;0,0;Vendor_1;Germany;YES
TRX-1000022;2026-03-18;0,0;Vendor_45;Poland;YES
TRX-1000032;2026-08-24;0,0;Vendor_5;Poland;YES
TRX-1000049;2026-02-15;1042,73;UNKNOWN;UNKNOWN;YES
TRX-1000056;2026-01-10;0,0;Vendor_15;Germany;YES
TRX-1000058;2026-05-21;821,74;UNKNOWN;UNKNOWN;YES
TRX-1000067;2026-05-11;0,0;Vendor_45;Poland;YES
TRX-1000087;2026-02-21;686,19;UNKNOWN;UNKNOWN;YES
TRX-1000097;2026-01-18;0,0;Vendor_48;Netherlands;YES
TRX-1000098;2026-07-17;0,0;Vendor_28;Netherlands;YES
TRX-1000099;2026-07-26;0,0;Vendor_26;Netherlands;YES
TRX-1000109;2026-01-30;1498,03;UNKNOWN;UNKNOWN;YES
TRX-1000121;2026-04-13;0,0;Vendor_12;Netherlands;YES
TRX-1000130;2026-03-12;1474,28;UNKNOWN;UNKNOWN;YES
TRX-1000131;2026-01-25;0,0;Vendor_14;China;YES
TRX-1000139;2026-07-02;922,91;UNKNOWN;UNKNOWN;YES
TRX-1000146;2026-08-19;0,0;Vendor_6;China;YES
TRX-1000152;;0,0;Vendor_1;Germany;YES
TRX-1000161;2026-01-17;679,73;UNKNOWN;UNKNOWN;YES
TRX-1000166;2026-06-24;0,0;Vendor_30;Netherlands;YES
TRX-1000169;2026-01-03;810,4;UNKNOWN;UNKNOWN;YES
TRX-1000178;2026-04-21;0,0;Vendor_22;Germany;YES
TRX-1000184;2026-05-02;0,0;Vendor_41;Germany;YES
TRX-1000192;2026-05-13;1092,7;UNKNOWN;UNKNOWN;YES
TRX-1000207;2026-05-14;0,0;Vendor_26;Netherlands;YES
TRX-1000212;2026-05-13;728,26;UNKNOWN;UNKNOWN;YES
TRX-1000216;2026-02-12;6,73;UNKNOWN;UNKNOWN;YES
TRX-1000220;2026-01-21;1287,65;UNKNOWN;UNKNOWN;YES
TRX-1000238;2026-05-22;471,99;UNKNOWN;UNKNOWN;YES
TRX-1000239;2026-03-06;0,0;Vendor_18;China;YES
TRX-1000242;2026-08-23;0,0;Vendor_4;Netherlands;YES
TRX-1000245;2026-01-14;0,0;Vendor_6;China;YES
TRX-1000277;2026-02-07;0,0;Vendor_28;Netherlands;YES
TRX-1000286;2026-03-08;0,0;Vendor_4;Netherlands;YES
TRX-1000287;2026-08-24;0,0;Vendor_7;China;YES
TRX-1000288;2026-03-31;0,0;Vendor_46;Poland;YES
TRX-1000293;2026-05-03;0,0;Vendor_48;Netherlands;YES
TRX-1000321;2026-02-18;0,0;Vendor_35;Poland;YES
TRX-1000325;2026-03-28;125,48;UNKNOWN;UNKNOWN;YES
TRX-1000326;2026-08-26;0,0;Vendor_25;China;YES
TRX-1000332;2026-04-29;0,0;Vendor_29;Netherlands;YES
TRX-1000333;2026-01-19;839,75;UNKNOWN;UNKNOWN;YES
TRX-1000337;2026-03-10;0,0;Vendor_20;Netherlands;YES
TRX-1000348;2026-01-10;531,42;UNKNOWN;UNKNOWN;YES
TRX-1000351;2026-07-07;0,0;Vendor_46;Poland;YES
TRX-1000354;2026-07-09;718,86;UNKNOWN;UNKNOWN;YES
TRX-1000361;2026-02-08;0,0;Vendor_6;China;YES
TRX-1000367;2026-06-02;0,0;Vendor_22;Germany;YES
TRX-1000384;;1052,69;UNKNOWN;UNKNOWN;YES
TRX-1000388;2026-08-29;0,0;Vendor_8;Germany;YES
TRX-1000412;2026-03-28;0,0;UNKNOWN;UNKNOWN;YES
TRX-1000415;2026-02-20;0,0;Vendor_25;China;YES
TRX-1000418;2026-01-10;1322,09;UNKNOWN;UNKNOWN;YES
TRX-1000420;2026-02-11;616,85;UNKNOWN;UNKNOWN;YES
TRX-1000431;2026-01-05;1332,1;UNKNOWN;UNKNOWN;YES
TRX-1000432;2026-01-24;0,0;Vendor_6;China;YES
TRX-1000437;2026-03-03;609,69;UNKNOWN;UNKNOWN;YES
TRX-1000447;2026-02-25;621,39;UNKNOWN;UNKNOWN;YES
TRX-1000472;2026-02-10;0,0;Vendor_41;Germany;YES
TRX-1000486;2026-04-29;1130,06;UNKNOWN;UNKNOWN;YES
TRX-1000489;2026-01-17;0,0;Vendor_3;Poland;YES
TRX-1000493;2026-04-28;0,0;Vendor_13;Netherlands;YES
TRX-1000494;2026-06-27;1370,69;UNKNOWN;UNKNOWN;YES
TRX-1000499;2026-06-07;0,0;Vendor_1;Germany;YES
TRX-1000506;2026-01-27;0,0;Vendor_35;Poland;YES
TRX-1000510;2026-01-04;0,0;Vendor_27;Poland;YES
TRX-1000521;2026-09-02;0,0;Vendor_34;China;YES
TRX-1000527;2026-06-08;1265,68;UNKNOWN;UNKNOWN;YES
TRX-1000532;2026-02-15;0,0;UNKNOWN;UNKNOWN;YES
TRX-1000536;2026-08-04;0,0;Vendor_21;Germany;YES
TRX-1000557;2026-05-08;0,0;Vendor_15;Germany;YES
TRX-1000564;2026-07-14;1254,32;UNKNOWN;UNKNOWN;YES
TRX-1000566;2026-04-13;0,0;Vendor_10;China;YES
TRX-1000567;2026-06-05;0,0;Vendor_48;Netherlands;YES
TRX-1000572;2026-06-08;851,23;UNKNOWN;UNKNOWN;YES
TRX-1000577;2026-06-22;1201,13;UNKNOWN;UNKNOWN;YES
TRX-1000583;2026-02-26;0,0;Vendor_49;Poland;YES
TRX-1000591;2026-08-21;0,0;Vendor_2;China;YES
TRX-1000592;2026-06-24;72,11;UNKNOWN;UNKNOWN;YES
TRX-1000601;2026-08-19;0,0;Vendor_45;Poland;YES
TRX-1000608;2026-08-21;0,0;Vendor_40;China;YES
TRX-1000611;2026-06-11;0,0;Vendor_16;Netherlands;YES
TRX-1000619;2026-02-11;458,46;UNKNOWN;UNKNOWN;YES
TRX-1000621;2026-06-18;0,0;Vendor_18;China;YES
TRX-1000624;2026-02-03;0,0;Vendor_25;China;YES
TRX-1000629;2026-07-03;0,0;Vendor_38;China;YES
TRX-1000642;2026-06-17;0,0;Vendor_4;Netherlands;YES
TRX-1000644;2026-07-22;0,0;Vendor_11;Germany;YES
TRX-1000659;2026-09-01;737,0;UNKNOWN;UNKNOWN;YES
TRX-1000660;2026-07-06;0,0;Vendor_12;Netherlands;YES
TRX-1000681;2026-05-17;0,0;Vendor_22;Germany;YES
TRX-1000693;;0,0;Vendor_18;China;YES
TRX-1000694;2026-03-04;0,0;Vendor_18;China;YES
TRX-1000695;2026-05-08;1429,49;UNKNOWN;UNKNOWN;YES
TRX-1000699;;0,0;Vendor_43;Netherlands;YES
TRX-1000712;2026-05-16;75,9;UNKNOWN;UNKNOWN;YES
TRX-1000720;2026-03-03;1413,98;UNKNOWN;UNKNOWN;YES
TRX-1000721;2026-09-06;851,68;UNKNOWN;UNKNOWN;YES
TRX-1000728;2026-04-07;0,0;UNKNOWN;UNKNOWN;YES
TRX-1000743;2026-02-21;0,0;Vendor_10;China;YES
TRX-1000773;2026-01-07;0,0;Vendor_28;Netherlands;YES
TRX-1000777;;0,0;Vendor_18;China;YES
TRX-1000794;2026-03-14;0,0;Vendor_43;Netherlands;YES
TRX-1000797;2026-01-01;0,0;Vendor_29;Netherlands;YES
TRX-1000806;2026-05-06;0,0;Vendor_26;Netherlands;YES
TRX-1000807;2026-03-24;0,0;UNKNOWN;UNKNOWN;YES
TRX-1000810;;1188,0;UNKNOWN;UNKNOWN;YES
TRX-1000813;2026-01-31;0,0;UNKNOWN;UNKNOWN;YES
TRX-1000820;2026-07-17;0,0;Vendor_18;China;YES
TRX-1000835;2026-04-13;1292,68;UNKNOWN;UNKNOWN;YES
TRX-1000839;2026-07-08;56,78;UNKNOWN;UNKNOWN;YES
TRX-1000847;2026-04-03;0,0;Vendor_24;Germany;YES
TRX-1000850;2026-09-01;1071,18;UNKNOWN;UNKNOWN;YES
TRX-1000858;2026-06-22;965,88;UNKNOWN;UNKNOWN;YES
TRX-1000859;2026-03-30;0,0;Vendor_14;China;YES
TRX-1000863;2026-05-06;1298,62;UNKNOWN;UNKNOWN;YES
TRX-1000872;2026-06-24;0,0;UNKNOWN;UNKNOWN;YES
TRX-1000873;2026-01-15;1487,82;UNKNOWN;UNKNOWN;YES
TRX-1000880;2026-06-18;1059,93;UNKNOWN;UNKNOWN;YES
TRX-1000885;2026-03-25;0,0;Vendor_28;Netherlands;YES
TRX-1000887;2026-07-18;0,0;Vendor_5;Poland;YES
TRX-1000890;2026-07-03;0,0;Vendor_32;Germany;YES
TRX-1000900;2026-03-03;0,0;Vendor_18;China;YES
TRX-1000916;2026-02-12;0,0;Vendor_11;Germany;YES
TRX-1000917;2026-08-08;0,0;Vendor_25;China;YES
TRX-1000918;2026-04-25;875,53;UNKNOWN;UNKNOWN;YES
TRX-1000930;2026-02-12;0,0;Vendor_4;Netherlands;YES
TRX-1000934;;361,67;UNKNOWN;UNKNOWN;YES
TRX-1000940;2026-02-14;0,0;Vendor_34;China;YES
TRX-1000948;;0,0;Vendor_40;China;YES
TRX-1000950;;0,0;Vendor_5;Poland;YES
TRX-1000953;2026-01-28;255,28;UNKNOWN;UNKNOWN;YES
TRX-1000955;2026-07-07;0,0;Vendor_19;Netherlands;YES
TRX-1000957;2026-09-03;1217,06;UNKNOWN;UNKNOWN;YES
TRX-1000961;2026-04-12;1144,33;UNKNOWN;UNKNOWN;YES
TRX-1000971;2026-08-29;712,83;UNKNOWN;UNKNOWN;YES
TRX-1000989;2026-05-30;0,0;Vendor_18;China;YES
TRX-1000994;2026-01-11;0,0;Vendor_32;Germany;YES
TRX-1000999;2026-02-27;1416,77;UNKNOWN;UNKNOWN;YES
TRX-1001002;2026-07-22;133,96;UNKNOWN;UNKNOWN;YES
TRX-1001004;2026-03-30;0,0;Vendor_3;Poland;YES
TRX-1001010;2026-04-19;1087,15;UNKNOWN;UNKNOWN;YES
TRX-1001019;2026-01-15;0,0;Vendor_32;Germany;YES
TRX-1001021;2026-07-23;873,03;UNKNOWN;UNKNOWN;YES
TRX-1001022;2026-07-13;174,04;UNKNOWN;UNKNOWN;YES
TRX-1001032;2026-01-18;0,0;Vendor_32;Germany;YES
TRX-1001035;2026-03-14;0,0;Vendor_37;China;YES
TRX-1001040;2026-02-18;616,01;UNKNOWN;UNKNOWN;YES
TRX-1001053;;0,0;Vendor_39;Poland;YES
TRX-1001079;2026-03-16;0,0;Vendor_23;Poland;YES
TRX-1001094;2026-03-16;0,0;Vendor_1;Germany;YES
TRX-1001096;;0,0;Vendor_40;China;YES
TRX-1001101;2026-04-24;0,0;Vendor_38;China;YES
TRX-1001102;2026-04-10;0,0;Vendor_38;China;YES
TRX-1001112;2026-01-16;0,0;Vendor_25;China;YES
TRX-1001134;2026-08-12;150,67;UNKNOWN;UNKNOWN;YES
TRX-1001135;2026-06-09;749,02;UNKNOWN;UNKNOWN;YES
TRX-1001149;2026-04-05;1131,51;UNKNOWN;UNKNOWN;YES
TRX-1001151;;0,0;Vendor_17;China;YES
TRX-1001153;2026-06-10;0,0;Vendor_11;Germany;YES
TRX-1001157;2026-03-14;0,0;Vendor_44;Poland;YES
TRX-1001167;2026-08-24;0,0;Vendor_22;Germany;YES
TRX-1001171;2026-01-12;0,0;Vendor_16;Netherlands;YES
TRX-1001172;2026-02-28;0,0;Vendor_11;Germany;YES
TRX-1001174;2026-07-24;928,69;UNKNOWN;UNKNOWN;YES
TRX-1001177;2026-03-24;0,0;Vendor_38;China;YES
TRX-1001188;2026-03-02;1373,72;UNKNOWN;UNKNOWN;YES
TRX-1001209;2026-07-05;0,0;Vendor_7;China;YES
TRX-1001211;2026-03-23;0,0;Vendor_17;China;YES
TRX-1001217;2026-09-07;1364,73;UNKNOWN;UNKNOWN;YES
TRX-1001218;2026-03-08;0,0;Vendor_28;Netherlands;YES
TRX-1001235;2026-04-15;0,0;Vendor_46;Poland;YES
TRX-1001252;;0,0;Vendor_24;Germany;YES
TRX-1001256;2026-08-17;0,0;Vendor_47;Netherlands;YES
TRX-1001258;2026-03-31;1066,62;UNKNOWN;UNKNOWN;YES
TRX-1001263;2026-02-19;1346,12;UNKNOWN;UNKNOWN;YES
TRX-1001267;2026-07-01;0,0;Vendor_35;Poland;YES
TRX-1001275;2026-03-08;0,0;Vendor_15;Germany;YES
TRX-1001277;2026-07-22;0,0;Vendor_30;Netherlands;YES
TRX-1001283;2026-04-18;0,0;Vendor_39;Poland;YES
TRX-1001284;2026-05-03;0,0;Vendor_12;Netherlands;YES
TRX-1001287;2026-02-15;571,83;UNKNOWN;UNKNOWN;YES
TRX-1001295;2026-03-27;868,49;UNKNOWN;UNKNOWN;YES
TRX-1001303;2026-04-19;1282,75;UNKNOWN;UNKNOWN;YES
TRX-1001319;2026-08-23;0,0;Vendor_39;Poland;YES
TRX-1001320;2026-05-14;0,0;Vendor_15;Germany;YES
TRX-1001328;2026-01-27;0,0;Vendor_37;China;YES
TRX-1001337;2026-02-18;1400,42;UNKNOWN;UNKNOWN;YES
TRX-1001348;2026-08-07;28,29;UNKNOWN;UNKNOWN;YES
TRX-1001351;2026-04-13;0,0;Vendor_21;Germany;YES
TRX-1001352;2026-03-19;0,0;Vendor_19;Netherlands;YES
TRX-1001361;2026-06-04;7,66;UNKNOWN;UNKNOWN;YES
TRX-1001362;2026-05-18;96,01;UNKNOWN;UNKNOWN;YES
TRX-1001383;2026-09-04;0,0;Vendor_1;Germany;YES
TRX-1001387;2026-08-14;645,55;UNKNOWN;UNKNOWN;YES
TRX-1001388;2026-01-30;1376,72;UNKNOWN;UNKNOWN;YES
TRX-1001391;2026-03-07;0,0;Vendor_47;Netherlands;YES
TRX-1001392;2026-06-02;5,82;UNKNOWN;UNKNOWN;YES
TRX-1001396;2026-01-19;0,0;Vendor_26;Netherlands;YES
TRX-1001399;2026-04-15;101,75;UNKNOWN;UNKNOWN;YES
TRX-1001404;2026-03-03;0,0;Vendor_29;Netherlands;YES
TRX-1001413;2026-02-25;1244,73;UNKNOWN;UNKNOWN;YES
TRX-1001415;2026-06-20;0,0;Vendor_31;Netherlands;YES
TRX-1001423;2026-02-16;280,48;UNKNOWN;UNKNOWN;YES
TRX-1001425;2026-01-31;578,96;UNKNOWN;UNKNOWN;YES
TRX-1001431;2026-06-10;0,0;Vendor_26;Netherlands;YES
TRX-1001432;2026-01-25;277,27;UNKNOWN;UNKNOWN;YES
TRX-1001434;2026-03-25;0,0;Vendor_1;Germany;YES
TRX-1001442;2026-01-18;1255,57;UNKNOWN;UNKNOWN;YES
TRX-1001447;2026-03-18;0,0;Vendor_1;Germany;YES
TRX-1001462;2026-08-14;0,0;Vendor_16;Netherlands;YES
TRX-1001464;2026-05-09;0,0;Vendor_44;Poland;YES
TRX-1001465;2026-04-20;0,0;Vendor_25;China;YES
TRX-1001468;2026-07-05;0,0;Vendor_41;Germany;YES
TRX-1001472;2026-01-11;0,0;Vendor_39;Poland;YES
TRX-1001474;2026-04-01;0,0;Vendor_20;Netherlands;YES
TRX-1001475;2026-04-09;0,0;Vendor_43;Netherlands;YES
TRX-1001484;2026-01-26;0,0;Vendor_47;Netherlands;YES
TRX-1001491;2026-04-15;0,0;Vendor_34;China;YES
TRX-1001492;2026-06-17;0,0;Vendor_11;Germany;YES
TRX-1001501;2026-07-31;0,0;Vendor_21;Germany;YES
TRX-1001502;2026-02-14;0,0;Vendor_4;Netherlands;YES
TRX-1001504;2026-01-18;0,0;Vendor_10;China;YES
TRX-1001515;2026-09-05;0,0;Vendor_49;Poland;YES
TRX-1001524;2026-05-16;577,15;UNKNOWN;UNKNOWN;YES
TRX-1001530;2026-05-21;0,0;Vendor_37;China;YES
TRX-1001536;2026-05-25;1088,76;UNKNOWN;UNKNOWN;YES
TRX-1001537;2026-07-04;0,0;Vendor_19;Netherlands;YES
TRX-1001541;2026-03-11;140,88;UNKNOWN;UNKNOWN;YES
TRX-1001548;2026-06-20;782,76;UNKNOWN;UNKNOWN;YES
TRX-1001550;2026-06-05;0,0;Vendor_18;China;YES
TRX-1001560;2026-09-07;56,56;UNKNOWN;UNKNOWN;YES
TRX-1001564;2026-06-15;0,0;Vendor_50;Poland;YES
TRX-1001573;2026-02-10;0,0;Vendor_36;Poland;YES
TRX-1001576;2026-02-03;563,86;UNKNOWN;UNKNOWN;YES
TRX-1001595;2026-02-22;0,0;Vendor_40;China;YES
TRX-1001597;2026-01-06;110,57;UNKNOWN;UNKNOWN;YES
TRX-1001605;2026-02-17;0,0;Vendor_1;Germany;YES
TRX-1001612;2026-04-30;0,0;Vendor_31;Netherlands;YES
TRX-1001625;;1184,95;UNKNOWN;UNKNOWN;YES
TRX-1001635;2026-01-15;0,0;Vendor_27;Poland;YES
TRX-1001638;2026-05-25;0,0;Vendor_33;Poland;YES
TRX-1001649;2026-02-14;0,0;Vendor_9;China;YES
TRX-1001676;2026-01-10;0,0;Vendor_41;Germany;YES
TRX-1001678;2026-03-16;0,0;Vendor_8;Germany;YES
TRX-1001682;2026-06-28;0,0;Vendor_37;China;YES
TRX-1001685;2026-06-02;299,15;UNKNOWN;UNKNOWN;YES
TRX-1001693;2026-01-29;0,0;Vendor_29;Netherlands;YES
TRX-1001701;2026-08-25;0,0;Vendor_12;Netherlands;YES
TRX-1001720;2026-05-04;0,0;Vendor_30;Netherlands;YES
TRX-1001721;2026-03-05;0,0;Vendor_24;Germany;YES
TRX-1001742;2026-07-14;0,0;Vendor_18;China;YES
TRX-1001748;2026-01-03;0,0;Vendor_41;Germany;YES
TRX-1001766;2026-03-25;0,0;Vendor_26;Netherlands;YES
TRX-1001780;;0,0;UNKNOWN;UNKNOWN;YES
TRX-1001788;2026-03-12;0,0;Vendor_14;China;YES
TRX-1001792;2026-08-19;0,0;UNKNOWN;UNKNOWN;YES
TRX-1001794;2026-02-11;896,04;UNKNOWN;UNKNOWN;YES
TRX-1001808;2026-01-19;0,0;Vendor_28;Netherlands;YES
TRX-1001811;2026-04-12;172,28;UNKNOWN;UNKNOWN;YES
TRX-1001821;2026-02-11;0,0;Vendor_29;Netherlands;YES
TRX-1001822;2026-04-05;1153,94;UNKNOWN;UNKNOWN;YES
TRX-1001824;2026-02-01;0,0;Vendor_36;Poland;YES
TRX-1001827;2026-08-07;0,0;Vendor_47;Netherlands;YES
TRX-1001833;2026-03-22;0,0;Vendor_39;Poland;YES
TRX-1001835;2026-01-31;0,0;Vendor_38;China;YES
TRX-1001838;2026-06-19;1330,27;UNKNOWN;UNKNOWN;YES
TRX-1001841;2026-04-26;0,0;Vendor_49;Poland;YES
TRX-1001845;2026-03-14;0,0;Vendor_48;Netherlands;YES
TRX-1001847;2026-06-08;0,0;Vendor_50;Poland;YES
TRX-1001848;2026-01-03;716,67;UNKNOWN;UNKNOWN;YES
TRX-1001850;2026-02-06;0,0;Vendor_25;China;YES
TRX-1001853;;0,0;Vendor_26;Netherlands;YES
TRX-1001854;;0,0;Vendor_6;China;YES
TRX-1001855;;0,0;Vendor_26;Netherlands;YES
TRX-1001874;2026-01-14;0,0;Vendor_26;Netherlands;YES
TRX-1001880;2026-05-28;0,0;Vendor_50;Poland;YES
TRX-1001882;2026-05-02;0,0;Vendor_35;Poland;YES
TRX-1001886;2026-01-31;0,0;Vendor_47;Netherlands;YES
TRX-1001908;2026-02-22;0,0;Vendor_2;China;YES
TRX-1001909;2026-03-31;0,0;Vendor_44;Poland;YES
TRX-1001923;2026-02-28;594,58;UNKNOWN;UNKNOWN;YES
TRX-1001927;2026-02-06;0,0;Vendor_1;Germany;YES
TRX-1001928;2026-06-25;0,0;Vendor_23;Poland;YES
TRX-1001931;2026-09-01;472,04;UNKNOWN;UNKNOWN;YES
TRX-1001934;2026-04-13;0,0;Vendor_31;Netherlands;YES
TRX-1001940;2026-07-02;0,0;Vendor_4;Netherlands;YES
TRX-1001941;2026-03-09;45,99;UNKNOWN;UNKNOWN;YES
TRX-1001946;2026-06-11;0,0;Vendor_28;Netherlands;YES
TRX-1001959;;0,0;Vendor_33;Poland;YES
TRX-1001963;2026-03-16;1234,76;UNKNOWN;UNKNOWN;YES
TRX-1001967;2026-03-19;0,0;UNKNOWN;UNKNOWN;YES
TRX-1001970;2026-02-06;1363,96;UNKNOWN;UNKNOWN;YES
TRX-1001981;2026-07-26;0,0;Vendor_14;China;YES
TRX-1002006;;0,0;UNKNOWN;UNKNOWN;YES
TRX-1002019;2026-04-19;0,0;Vendor_46;Poland;YES
TRX-1002022;2026-08-06;367,75;UNKNOWN;UNKNOWN;YES
TRX-1002028;2026-03-18;0,0;UNKNOWN;UNKNOWN;YES
TRX-1002030;2026-05-12;0,0;Vendor_39;Poland;YES
TRX-1002065;2026-02-24;33,29;UNKNOWN;UNKNOWN;YES
TRX-1002068;2026-02-17;0,0;Vendor_16;Netherlands;YES
TRX-1002073;2026-06-06;0,0;Vendor_21;Germany;YES
TRX-1002085;2026-07-20;0,0;Vendor_7;China;YES
TRX-1002091;;0,0;Vendor_42;Germany;YES
TRX-1002094;2026-01-30;0,0;Vendor_27;Poland;YES
TRX-1002099;2026-08-23;0,0;Vendor_43;Netherlands;YES
TRX-1002108;2026-02-11;1153,23;UNKNOWN;UNKNOWN;YES
TRX-1002110;2026-03-23;944,15;UNKNOWN;UNKNOWN;YES
TRX-1002116;2026-01-26;0,0;Vendor_4;Netherlands;YES
TRX-1002117;2026-04-06;0,0;Vendor_29;Netherlands;YES
TRX-1002118;2026-02-10;0,0;Vendor_43;Netherlands;YES
TRX-1002121;2026-06-08;0,0;Vendor_15;Germany;YES
TRX-1002133;2026-04-24;0,0;Vendor_3;Poland;YES
TRX-1002137;2026-04-11;673,3;UNKNOWN;UNKNOWN;YES
TRX-1002147;2026-03-08;0,0;UNKNOWN;UNKNOWN;YES
TRX-1002149;2026-05-10;648,45;UNKNOWN;UNKNOWN;YES
TRX-1002154;;0,0;Vendor_31;Netherlands;YES
TRX-1002155;2026-01-26;1292,47;UNKNOWN;UNKNOWN;YES
TRX-1002175;2026-05-31;0,0;Vendor_16;Netherlands;YES
TRX-1002195;2026-02-19;682,55;UNKNOWN;UNKNOWN;YES
TRX-1002199;2026-06-24;0,0;Vendor_40;China;YES
TRX-1002202;2026-01-13;0,0;Vendor_2;China;YES
TRX-1002209;2026-05-08;0,0;Vendor_29;Netherlands;YES
TRX-1002215;2026-02-04;666,68;UNKNOWN;UNKNOWN;YES
TRX-1002222;2026-08-23;0,0;Vendor_5;Poland;YES
TRX-1002230;2026-02-28;0,0;Vendor_24;Germany;YES
TRX-1002236;2026-01-14;0,0;Vendor_23;Poland;YES
TRX-1002267;2026-02-14;0,0;Vendor_27;Poland;YES
TRX-1002268;2026-06-21;0,0;Vendor_15;Germany;YES
TRX-1002270;;0,0;Vendor_49;Poland;YES
TRX-1002271;2026-06-12;0,0;Vendor_3;Poland;YES
TRX-1002288;;846,36;UNKNOWN;UNKNOWN;YES
TRX-1002294;2026-07-08;0,0;Vendor_38;China;YES
TRX-1002296;2026-02-20;281,99;UNKNOWN;UNKNOWN;YES
TRX-1002302;2026-05-02;592,35;UNKNOWN;UNKNOWN;YES
TRX-1002321;2026-08-22;0,0;Vendor_10;China;YES
TRX-1002322;2026-07-13;0,0;Vendor_41;Germany;YES
TRX-1002323;2026-08-31;0,0;Vendor_41;Germany;YES
TRX-1002329;2026-01-23;0,0;Vendor_49;Poland;YES
TRX-1002331;2026-02-03;0,0;Vendor_29;Netherlands;YES
TRX-1002332;2026-03-04;0,0;UNKNOWN;UNKNOWN;YES
TRX-1002393;2026-03-18;0,0;Vendor_8;Germany;YES
TRX-1002394;2026-01-06;0,0;UNKNOWN;UNKNOWN;YES
TRX-1002399;2026-03-26;0,0;Vendor_27;Poland;YES
TRX-1002404;2026-01-03;0,0;Vendor_20;Netherlands;YES
TRX-1002407;2026-02-02;0,0;Vendor_11;Germany;YES
TRX-1002411;2026-04-01;0,0;Vendor_10;China;YES
TRX-1002413;2026-07-07;0,0;Vendor_8;Germany;YES
TRX-1002417;2026-06-11;0,0;Vendor_24;Germany;YES
TRX-1002423;2026-05-09;547,51;UNKNOWN;UNKNOWN;YES
TRX-1002428;2026-03-16;652,88;UNKNOWN;UNKNOWN;YES
TRX-1002434;;1373,98;UNKNOWN;UNKNOWN;YES
TRX-1002438;2026-08-16;0,0;Vendor_27;Poland;YES
TRX-1002444;2026-08-04;495,77;UNKNOWN;UNKNOWN;YES
TRX-1002447;2026-03-13;377,8;UNKNOWN;UNKNOWN;YES
TRX-1002456;2026-03-09;0,0;Vendor_26;Netherlands;YES
TRX-1002466;2026-04-10;0,0;Vendor_9;China;YES
TRX-1002480;2026-03-23;869,15;UNKNOWN;UNKNOWN;YES
TRX-1002482;2026-04-28;0,0;Vendor_3;Poland;YES
TRX-1002483;2026-06-02;0,0;Vendor_25;China;YES
TRX-1002485;2026-02-12;0,0;Vendor_32;Germany;YES
TRX-1002486;2026-05-13;0,0;Vendor_16;Netherlands;YES
TRX-1002488;2026-01-17;1265,25;UNKNOWN;UNKNOWN;YES
TRX-1002494;2026-02-05;0,0;Vendor_42;Germany;YES
TRX-1002496;2026-02-01;612,05;UNKNOWN;UNKNOWN;YES
TRX-1002499;2026-08-26;0,0;Vendor_18;China;YES
TRX-1002505;2026-02-14;0,0;Vendor_22;Germany;YES
TRX-1002507;2026-02-24;0,0;Vendor_2;China;YES
TRX-1002513;2026-07-09;0,0;UNKNOWN;UNKNOWN;YES
TRX-1002514;2026-04-25;0,0;Vendor_50;Poland;YES
TRX-1002524;2026-08-05;1093,74;UNKNOWN;UNKNOWN;YES
TRX-1002531;;0,0;Vendor_22;Germany;YES
TRX-1002535;2026-02-17;0,0;UNKNOWN;UNKNOWN;YES
TRX-1002536;;827,55;UNKNOWN;UNKNOWN;YES
TRX-1002538;2026-03-15;0,0;Vendor_3;Poland;YES
TRX-1002555;2026-03-21;747,25;UNKNOWN;UNKNOWN;YES
TRX-1002556;2026-01-03;0,0;Vendor_1;Germany;YES
TRX-1002557;2026-06-12;748,75;UNKNOWN;UNKNOWN;YES
TRX-1002568;2026-08-15;1055,34;UNKNOWN;UNKNOWN;YES
TRX-1002575;2026-01-21;0,0;Vendor_15;Germany;YES
TRX-1002576;2026-06-29;1453,34;UNKNOWN;UNKNOWN;YES
TRX-1002580;2026-06-09;0,0;Vendor_40;China;YES
TRX-1002590;2026-08-23;0,0;Vendor_49;Poland;YES
TRX-1002615;2026-05-30;761,5;UNKNOWN;UNKNOWN;YES
TRX-1002621;2026-04-10;1085,69;UNKNOWN;UNKNOWN;YES
TRX-1002644;2026-03-21;790,52;UNKNOWN;UNKNOWN;YES
TRX-1002656;;1467,98;UNKNOWN;UNKNOWN;YES
TRX-1002658;2026-07-28;854,07;UNKNOWN;UNKNOWN;YES
TRX-1002677;2026-03-05;0,0;Vendor_9;China;YES
TRX-1002680;2026-05-07;0,0;Vendor_32;Germany;YES
TRX-1002682;2026-01-27;0,0;Vendor_38;China;YES
TRX-1002685;2026-07-03;529,42;UNKNOWN;UNKNOWN;YES
TRX-1002704;2026-07-08;792,82;UNKNOWN;UNKNOWN;YES
TRX-1002743;2026-08-06;0,0;Vendor_14;China;YES
TRX-1002752;2026-05-21;929,42;UNKNOWN;UNKNOWN;YES
TRX-1002755;2026-01-11;0,0;Vendor_9;China;YES
TRX-1002764;2026-09-05;0,0;Vendor_20;Netherlands;YES
TRX-1002765;2026-03-19;0,0;Vendor_24;Germany;YES
TRX-1002767;2026-01-16;73,19;UNKNOWN;UNKNOWN;YES
TRX-1002769;2026-08-29;0,0;Vendor_50;Poland;YES
TRX-1002786;2026-06-16;0,0;Vendor_46;Poland;YES
TRX-1002788;2026-03-03;630,77;UNKNOWN;UNKNOWN;YES
TRX-1002808;2026-07-13;0,0;Vendor_32;Germany;YES
TRX-1002809;2026-09-01;1413,33;UNKNOWN;UNKNOWN;YES
TRX-1002816;2026-06-24;1299,16;UNKNOWN;UNKNOWN;YES
TRX-1002822;2026-08-02;987,05;UNKNOWN;UNKNOWN;YES
TRX-1002826;2026-03-24;0,0;Vendor_42;Germany;YES
TRX-1002836;2026-08-10;0,0;Vendor_33;Poland;YES
TRX-1002851;2026-06-25;0,0;Vendor_15;Germany;YES
TRX-1002854;2026-07-09;0,0;Vendor_4;Netherlands;YES
TRX-1002862;2026-02-18;540,42;UNKNOWN;UNKNOWN;YES
TRX-1002863;2026-01-24;1247,94;UNKNOWN;UNKNOWN;YES
TRX-1002872;2026-06-08;0,0;Vendor_37;China;YES
TRX-1002874;2026-02-08;0,0;Vendor_21;Germany;YES
TRX-1002896;2026-01-27;0,0;UNKNOWN;UNKNOWN;YES
TRX-1002908;2026-01-20;0,0;Vendor_29;Netherlands;YES
TRX-1002909;2026-05-25;0,0;Vendor_14;China;YES
TRX-1002911;2026-08-30;0,0;Vendor_12;Netherlands;YES
TRX-1002917;2026-05-13;0,0;Vendor_46;Poland;YES
TRX-1002922;2026-01-09;0,0;Vendor_9;China;YES
TRX-1002927;2026-05-12;911,66;UNKNOWN;UNKNOWN;YES
TRX-1002930;2026-02-04;1341,79;UNKNOWN;UNKNOWN;YES
TRX-1002936;2026-06-03;480,38;UNKNOWN;UNKNOWN;YES
TRX-1002940;2026-01-04;232,04;UNKNOWN;UNKNOWN;YES
TRX-1002947;2026-06-18;0,0;Vendor_6;China;YES
TRX-1002951;2026-07-21;0,0;Vendor_4;Netherlands;YES
TRX-1002958;2026-01-23;0,0;Vendor_31;Netherlands;YES
TRX-1002960;2026-07-25;137,05;UNKNOWN;UNKNOWN;YES
TRX-1002967;2026-02-04;384,65;UNKNOWN;UNKNOWN;YES
TRX-1002971;2026-06-12;0,0;Vendor_49;Poland;YES
TRX-1002972;2026-04-02;0,0;Vendor_23;Poland;YES
TRX-1002981;2026-06-05;0,0;Vendor_44;Poland;YES
TRX-1002990;2026-01-10;150,15;UNKNOWN;UNKNOWN;YES
TRX-1002996;2026-07-17;0,0;Vendor_38;China;YES
TRX-1002998;2026-06-02;0,0;Vendor_5;Poland;YES
TRX-1003001;2026-07-17;0,0;Vendor_2;China;YES
TRX-1003003;2026-07-23;0,0;Vendor_22;Germany;YES
TRX-1003008;2026-06-28;0,0;Vendor_3;Poland;YES
TRX-1003053;2026-06-28;0,0;Vendor_6;China;YES
TRX-1003055;2026-05-28;0,0;Vendor_43;Netherlands;YES
TRX-1003057;2026-06-11;81,87;UNKNOWN;UNKNOWN;YES
TRX-1003076;;395,27;UNKNOWN;UNKNOWN;YES
TRX-1003077;2026-08-14;0,0;Vendor_22;Germany;YES
TRX-1003079;2026-09-02;0,0;Vendor_4;Netherlands;YES
TRX-1003080;2026-08-20;0,0;Vendor_22;Germany;YES
TRX-1003084;2026-08-09;1347,09;UNKNOWN;UNKNOWN;YES
TRX-1003087;2026-07-25;0,0;Vendor_2;China;YES
TRX-1003088;2026-06-17;0,0;Vendor_17;China;YES
TRX-1003089;2026-04-17;884,1;UNKNOWN;UNKNOWN;YES
TRX-1003092;2026-04-01;0,0;Vendor_28;Netherlands;YES
TRX-1003093;2026-01-27;0,0;Vendor_20;Netherlands;YES
TRX-1003096;2026-02-16;0,0;Vendor_38;China;YES
TRX-1003113;2026-08-25;0,0;Vendor_39;Poland;YES
TRX-1003123;2026-01-07;591,95;UNKNOWN;UNKNOWN;YES
TRX-1003127;2026-01-23;0,0;Vendor_43;Netherlands;YES
TRX-1003135;2026-05-01;0,0;Vendor_7;China;YES
TRX-1003141;2026-03-30;376,74;UNKNOWN;UNKNOWN;YES
TRX-1003147;2026-05-20;0,0;Vendor_35;Poland;YES
TRX-1003150;2026-06-26;0,0;Vendor_25;China;YES
TRX-1003160;2026-03-22;659,77;UNKNOWN;UNKNOWN;YES
TRX-1003166;2026-03-03;736,35;UNKNOWN;UNKNOWN;YES
TRX-1003182;2026-05-21;0,0;Vendor_44;Poland;YES
TRX-1003183;2026-06-11;0,0;Vendor_29;Netherlands;YES
TRX-1003194;;0,0;Vendor_20;Netherlands;YES
TRX-1003201;2026-02-08;0,0;Vendor_36;Poland;YES
TRX-1003203;2026-06-04;0,0;Vendor_8;Germany;YES
TRX-1003206;2026-07-23;211,15;UNKNOWN;UNKNOWN;YES
TRX-1003209;2026-06-15;0,0;Vendor_4;Netherlands;YES
TRX-1003210;;0,0;Vendor_25;China;YES
TRX-1003211;2026-07-10;685,99;UNKNOWN;UNKNOWN;YES
TRX-1003217;2026-07-01;0,0;Vendor_21;Germany;YES
TRX-1003219;2026-05-18;0,0;Vendor_2;China;YES
TRX-1003222;2026-07-29;1293,68;UNKNOWN;UNKNOWN;YES
TRX-1003231;2026-05-27;0,0;Vendor_10;China;YES
TRX-1003233;2026-03-04;0,0;Vendor_14;China;YES
TRX-1003239;2026-09-06;1053,78;UNKNOWN;UNKNOWN;YES
TRX-1003246;2026-04-03;0,0;Vendor_30;Netherlands;YES
TRX-1003250;2026-04-22;0,0;Vendor_22;Germany;YES
TRX-1003254;2026-05-23;0,0;Vendor_48;Netherlands;YES
TRX-1003260;2026-04-08;0,0;Vendor_6;China;YES
TRX-1003262;2026-01-25;1280,37;UNKNOWN;UNKNOWN;YES
TRX-1003264;2026-04-23;0,0;Vendor_38;China;YES
TRX-1003276;2026-03-23;0,0;Vendor_19;Netherlands;YES
TRX-1003283;2026-04-25;35,71;UNKNOWN;UNKNOWN;YES
TRX-1003291;2026-02-13;0,0;Vendor_20;Netherlands;YES
TRX-1003293;2026-08-05;0,0;Vendor_23;Poland;YES
TRX-1003295;2026-08-10;0,0;Vendor_35;Poland;YES
TRX-1003298;;260,99;UNKNOWN;UNKNOWN;YES
TRX-1003299;2026-07-29;0,0;Vendor_39;Poland;YES
TRX-1003317;2026-06-25;0,0;Vendor_25;China;YES
TRX-1003354;2026-02-26;580,61;UNKNOWN;UNKNOWN;YES
TRX-1003380;2026-01-13;172,78;UNKNOWN;UNKNOWN;YES
TRX-1003389;2026-04-16;0,0;Vendor_47;Netherlands;YES
TRX-1003401;2026-02-10;0,0;Vendor_11;Germany;YES
TRX-1003402;2026-06-09;1091,5;UNKNOWN;UNKNOWN;YES
TRX-1003404;2026-07-29;0,0;Vendor_4;Netherlands;YES
TRX-1003412;2026-01-21;0,0;Vendor_8;Germany;YES
TRX-1003414;2026-02-07;0,0;Vendor_44;Poland;YES
TRX-1003419;2026-09-05;0,0;Vendor_10;China;YES
TRX-1003449;2026-06-21;0,0;Vendor_42;Germany;YES
TRX-1003453;2026-07-30;0,0;Vendor_30;Netherlands;YES
TRX-1003473;2026-07-06;0,0;Vendor_20;Netherlands;YES
TRX-1003479;2026-04-26;0,0;Vendor_27;Poland;YES
TRX-1003490;2026-05-07;511,29;UNKNOWN;UNKNOWN;YES
TRX-1003492;2026-01-02;0,0;Vendor_13;Netherlands;YES
TRX-1003494;2026-01-30;0,0;Vendor_2;China;YES
TRX-1003505;2026-07-22;0,0;Vendor_6;China;YES
TRX-1003513;2026-05-07;0,0;Vendor_23;Poland;YES
TRX-1003526;2026-05-14;0,0;Vendor_8;Germany;YES
TRX-1003528;2026-03-09;238,2;UNKNOWN;UNKNOWN;YES
TRX-1003549;2026-03-01;0,0;Vendor_17;China;YES
TRX-1003556;2026-02-01;0,0;Vendor_6;China;YES
TRX-1003581;2026-04-29;0,0;Vendor_39;Poland;YES
TRX-1003590;2026-03-04;0,0;Vendor_42;Germany;YES
TRX-1003591;2026-08-18;0,0;Vendor_22;Germany;YES
TRX-1003594;2026-05-04;1372,25;UNKNOWN;UNKNOWN;YES
TRX-1003603;2026-01-26;0,0;Vendor_17;China;YES
TRX-1003610;2026-03-09;0,0;Vendor_4;Netherlands;YES
TRX-1003614;2026-07-31;739,24;UNKNOWN;UNKNOWN;YES
TRX-1003639;2026-07-09;0,0;Vendor_10;China;YES
TRX-1003643;2026-05-08;0,0;Vendor_49;Poland;YES
TRX-1003654;2026-03-07;0,0;Vendor_30;Netherlands;YES
TRX-1003657;2026-08-04;422,49;UNKNOWN;UNKNOWN;YES
TRX-1003663;2026-07-11;0,0;Vendor_47;Netherlands;YES
TRX-1003664;2026-03-20;0,0;Vendor_8;Germany;YES
TRX-1003666;2026-09-06;0,0;Vendor_24;Germany;YES
TRX-1003672;2026-03-26;107,33;UNKNOWN;UNKNOWN;YES
TRX-1003678;2026-02-05;0,0;Vendor_37;China;YES
TRX-1003703;2026-03-26;1195,43;UNKNOWN;UNKNOWN;YES
TRX-1003721;2026-04-28;0,0;Vendor_2;China;YES
TRX-1003731;2026-02-06;1034,55;UNKNOWN;UNKNOWN;YES
TRX-1003742;2026-05-11;1373,93;UNKNOWN;UNKNOWN;YES
TRX-1003752;2026-01-31;0,0;Vendor_36;Poland;YES
TRX-1003757;2026-05-23;0,0;Vendor_19;Netherlands;YES
TRX-1003765;2026-04-25;0,0;Vendor_12;Netherlands;YES
TRX-1003768;2026-07-04;925,88;UNKNOWN;UNKNOWN;YES
TRX-1003776;2026-09-01;0,0;Vendor_43;Netherlands;YES
TRX-1003780;2026-07-21;0,0;Vendor_14;China;YES
TRX-1003793;2026-05-13;0,0;Vendor_41;Germany;YES
TRX-1003796;2026-05-14;723,89;UNKNOWN;UNKNOWN;YES
TRX-1003797;2026-09-04;129,52;UNKNOWN;UNKNOWN;YES
TRX-1003798;2026-05-07;0,0;Vendor_3;Poland;YES
TRX-1003809;2026-04-28;1464,39;UNKNOWN;UNKNOWN;YES
TRX-1003828;2026-07-13;0,0;Vendor_6;China;YES
TRX-1003834;2026-07-11;0,0;Vendor_47;Netherlands;YES
TRX-1003848;2026-07-19;0,0;Vendor_31;Netherlands;YES
TRX-1003854;2026-07-26;0,0;Vendor_6;China;YES
TRX-1003855;2026-03-08;785,44;UNKNOWN;UNKNOWN;YES
TRX-1003858;2026-07-01;890,5;UNKNOWN;UNKNOWN;YES
TRX-1003860;;133,86;UNKNOWN;UNKNOWN;YES
TRX-1003865;2026-02-25;53,35;UNKNOWN;UNKNOWN;YES
TRX-1003873;2026-04-10;1297,44;UNKNOWN;UNKNOWN;YES
TRX-1003894;2026-05-16;0,0;Vendor_32;Germany;YES
TRX-1003911;2026-07-19;129,56;UNKNOWN;UNKNOWN;YES
TRX-1003915;2026-01-29;0,0;Vendor_12;Netherlands;YES
TRX-1003922;2026-01-01;0,0;Vendor_16;Netherlands;YES
TRX-1003925;2026-03-31;1382,38;UNKNOWN;UNKNOWN;YES
TRX-1003942;2026-06-16;0,0;Vendor_14;China;YES
TRX-1003948;2026-07-13;0,0;Vendor_38;China;YES
TRX-1003969;2026-08-20;0,0;Vendor_32;Germany;YES
TRX-1003980;2026-05-08;0,0;Vendor_47;Netherlands;YES
TRX-1003986;2026-05-10;0,0;Vendor_6;China;YES
TRX-1003997;2026-08-08;0,0;Vendor_7;China;YES
TRX-1004003;2026-04-16;411,95;UNKNOWN;UNKNOWN;YES
TRX-1004006;2026-08-23;0,0;Vendor_16;Netherlands;YES
TRX-1004019;2026-05-20;1422,74;UNKNOWN;UNKNOWN;YES
TRX-1004024;2026-03-30;912,99;UNKNOWN;UNKNOWN;YES
TRX-1004025;2026-05-26;0,0;Vendor_20;Netherlands;YES
TRX-1004028;2026-05-14;0,0;Vendor_28;Netherlands;YES
TRX-1004029;2026-08-07;0,0;Vendor_42;Germany;YES
TRX-1004045;2026-06-24;0,0;Vendor_37;China;YES
TRX-1004050;2026-01-27;0,0;Vendor_12;Netherlands;YES
TRX-1004056;2026-04-27;45,65;UNKNOWN;UNKNOWN;YES
TRX-1004063;2026-03-25;0,0;Vendor_14;China;YES
TRX-1004066;2026-04-30;0,0;Vendor_29;Netherlands;YES
TRX-1004069;;0,0;Vendor_42;Germany;YES
TRX-1004074;2026-07-17;957,2;UNKNOWN;UNKNOWN;YES
TRX-1004077;2026-07-03;0,0;Vendor_4;Netherlands;YES
TRX-1004087;2026-09-05;0,0;Vendor_15;Germany;YES
TRX-1004092;2026-06-29;652,58;UNKNOWN;UNKNOWN;YES
TRX-1004102;2026-03-10;0,0;Vendor_39;Poland;YES
TRX-1004104;2026-03-06;91,02;UNKNOWN;UNKNOWN;YES
TRX-1004113;2026-08-31;0,0;Vendor_31;Netherlands;YES
TRX-1004114;2026-06-27;1268,71;UNKNOWN;UNKNOWN;YES
TRX-1004118;2026-04-07;0,0;Vendor_34;China;YES
TRX-1004119;2026-07-11;0,0;Vendor_42;Germany;YES
TRX-1004125;2026-02-09;0,0;Vendor_18;China;YES
TRX-1004135;2026-06-08;0,0;Vendor_31;Netherlands;YES
TRX-1004142;2026-03-16;0,0;Vendor_27;Poland;YES
TRX-1004143;2026-01-11;455,07;UNKNOWN;UNKNOWN;YES
TRX-1004165;2026-03-25;0,0;Vendor_2;China;YES
TRX-1004174;2026-02-03;0,0;Vendor_49;Poland;YES
TRX-1004184;2026-01-29;0,0;Vendor_15;Germany;YES
TRX-1004194;2026-03-02;431,88;UNKNOWN;UNKNOWN;YES
TRX-1004196;;741,01;UNKNOWN;UNKNOWN;YES
TRX-1004197;2026-07-24;0,0;Vendor_21;Germany;YES
TRX-1004207;2026-06-03;0,0;UNKNOWN;UNKNOWN;YES
TRX-1004215;2026-03-24;1056,67;UNKNOWN;UNKNOWN;YES
TRX-1004217;2026-06-21;279,22;UNKNOWN;UNKNOWN;YES
TRX-1004222;2026-05-03;0,0;Vendor_21;Germany;YES
TRX-1004223;2026-06-22;0,0;Vendor_30;Netherlands;YES
TRX-1004237;2026-08-01;0,0;Vendor_13;Netherlands;YES
TRX-1004239;2026-08-09;1299,22;UNKNOWN;UNKNOWN;YES
TRX-1004246;2026-04-03;0,0;Vendor_48;Netherlands;YES
TRX-1004249;2026-06-17;1080,55;UNKNOWN;UNKNOWN;YES
TRX-1004277;2026-03-15;0,0;Vendor_33;Poland;YES
TRX-1004287;2026-07-07;0,0;Vendor_49;Poland;YES
TRX-1004298;2026-08-20;0,0;Vendor_24;Germany;YES
TRX-1004305;2026-04-26;40,24;UNKNOWN;UNKNOWN;YES
TRX-1004312;;554,12;UNKNOWN;UNKNOWN;YES
TRX-1004314;2026-08-01;0,0;Vendor_11;Germany;YES
TRX-1004323;2026-05-07;110,61;UNKNOWN;UNKNOWN;YES
TRX-1004324;2026-04-28;0,0;Vendor_13;Netherlands;YES
TRX-1004325;2026-04-29;0,0;Vendor_30;Netherlands;YES
TRX-1004326;2026-06-25;0,0;Vendor_10;China;YES
TRX-1004331;2026-07-21;0,0;Vendor_1;Germany;YES
TRX-1004333;2026-06-04;0,0;Vendor_32;Germany;YES
TRX-1004335;2026-09-08;0,0;Vendor_27;Poland;YES
TRX-1004336;2026-07-29;0,0;Vendor_9;China;YES
TRX-1004338;2026-03-30;0,0;Vendor_19;Netherlands;YES
TRX-1004341;2026-01-02;737,26;UNKNOWN;UNKNOWN;YES
TRX-1004351;2026-06-30;1044,17;UNKNOWN;UNKNOWN;YES
TRX-1004356;2026-03-06;0,0;Vendor_28;Netherlands;YES
TRX-1004382;2026-01-24;0,0;Vendor_9;China;YES
TRX-1004387;2026-08-05;0,0;Vendor_5;Poland;YES
TRX-1004389;2026-07-06;0,0;UNKNOWN;UNKNOWN;YES
TRX-1004397;2026-03-01;0,0;Vendor_25;China;YES
TRX-1004416;2026-07-21;244,85;UNKNOWN;UNKNOWN;YES
TRX-1004419;2026-01-06;0,0;Vendor_31;Netherlands;YES
TRX-1004433;2026-05-17;676,81;UNKNOWN;UNKNOWN;YES
TRX-1004437;2026-08-03;0,0;Vendor_15;Germany;YES
TRX-1004439;2026-08-08;193,47;UNKNOWN;UNKNOWN;YES
TRX-1004440;2026-05-06;0,0;Vendor_8;Germany;YES
TRX-1004463;2026-03-26;0,0;Vendor_12;Netherlands;YES
TRX-1004468;2026-04-21;772,45;UNKNOWN;UNKNOWN;YES
TRX-1004500;2026-03-26;0,0;Vendor_43;Netherlands;YES
TRX-1004502;2026-01-26;0,0;Vendor_25;China;YES
TRX-1004503;2026-08-12;0,0;Vendor_37;China;YES
TRX-1004505;2026-02-07;0,0;Vendor_48;Netherlands;YES
TRX-1004507;2026-07-17;0,0;Vendor_42;Germany;YES
TRX-1004517;2026-01-18;0,0;Vendor_45;Poland;YES
TRX-1004518;2026-01-05;0,0;Vendor_43;Netherlands;YES
TRX-1004530;2026-08-28;0,0;Vendor_32;Germany;YES
TRX-1004540;2026-01-06;0,0;Vendor_36;Poland;YES
TRX-1004541;2026-03-27;0,0;Vendor_33;Poland;YES
TRX-1004549;2026-01-13;0,0;Vendor_37;China;YES
TRX-1004564;2026-02-02;0,0;Vendor_35;Poland;YES
TRX-1004575;2026-05-06;0,0;Vendor_12;Netherlands;YES
TRX-1004580;2026-02-09;0,0;Vendor_28;Netherlands;YES
TRX-1004583;2026-07-12;1051,26;UNKNOWN;UNKNOWN;YES
TRX-1004589;2026-02-21;0,0;Vendor_30;Netherlands;YES
TRX-1004607;2026-05-24;93,51;UNKNOWN;UNKNOWN;YES
TRX-1004614;;757,9;UNKNOWN;UNKNOWN;YES
TRX-1004615;2026-09-02;0,0;Vendor_47;Netherlands;YES
TRX-1004627;2026-04-28;501,43;UNKNOWN;UNKNOWN;YES
TRX-1004633;2026-02-18;687,0;UNKNOWN;UNKNOWN;YES
TRX-1004634;2026-02-26;0,0;Vendor_11;Germany;YES
TRX-1004635;2026-04-29;0,0;Vendor_32;Germany;YES
TRX-1004637;;1062,68;UNKNOWN;UNKNOWN;YES
TRX-1004648;;0,0;Vendor_5;Poland;YES
TRX-1004662;2026-08-14;0,0;Vendor_12;Netherlands;YES
TRX-1004663;2026-03-22;802,83;UNKNOWN;UNKNOWN;YES
TRX-1004673;2026-05-12;605,71;UNKNOWN;UNKNOWN;YES
TRX-1004674;2026-07-21;0,0;Vendor_50;Poland;YES
TRX-1004681;2026-08-25;0,0;Vendor_9;China;YES
TRX-1004689;2026-02-27;0,0;Vendor_32;Germany;YES
TRX-1004700;2026-06-25;0,0;Vendor_27;Poland;YES
TRX-1004725;2026-01-23;0,0;UNKNOWN;UNKNOWN;YES
TRX-1004734;2026-07-02;0,0;Vendor_29;Netherlands;YES
TRX-1004747;2026-02-06;0,0;Vendor_50;Poland;YES
TRX-1004763;2026-01-27;0,0;Vendor_40;China;YES
TRX-1004785;2026-01-10;651,82;UNKNOWN;UNKNOWN;YES
TRX-1004786;2026-06-05;0,0;Vendor_43;Netherlands;YES
TRX-1004804;2026-04-02;1255,72;UNKNOWN;UNKNOWN;YES
TRX-1004816;2026-03-04;1400,87;UNKNOWN;UNKNOWN;YES
TRX-1004817;2026-04-13;977,83;UNKNOWN;UNKNOWN;YES
TRX-1004824;2026-02-25;0,0;Vendor_25;China;YES
TRX-1004825;2026-03-28;0,0;Vendor_24;Germany;YES
TRX-1004826;2026-07-23;0,0;Vendor_5;Poland;YES
TRX-1004836;2026-03-17;0,0;Vendor_1;Germany;YES
TRX-1004837;;0,0;Vendor_33;Poland;YES
TRX-1004841;2026-06-11;0,0;Vendor_13;Netherlands;YES
TRX-1004844;2026-03-24;0,0;Vendor_13;Netherlands;YES
TRX-1004850;2026-07-11;0,0;Vendor_12;Netherlands;YES
TRX-1004851;2026-06-04;0,0;Vendor_11;Germany;YES
TRX-1004853;2026-04-02;0,0;Vendor_48;Netherlands;YES
TRX-1004854;2026-03-22;659,24;UNKNOWN;UNKNOWN;YES
TRX-1004864;2026-02-27;777,64;UNKNOWN;UNKNOWN;YES
TRX-1004872;2026-02-03;0,0;Vendor_19;Netherlands;YES
TRX-1004887;2026-04-13;0,0;Vendor_38;China;YES
TRX-1004895;2026-08-03;0,0;Vendor_46;Poland;YES
TRX-1004906;2026-02-23;0,0;Vendor_13;Netherlands;YES
TRX-1004911;2026-03-11;0,0;Vendor_26;Netherlands;YES
TRX-1004925;2026-04-25;284,79;UNKNOWN;UNKNOWN;YES
TRX-1004941;2026-01-12;0,0;Vendor_15;Germany;YES
TRX-1004955;2026-03-05;0,0;Vendor_27;Poland;YES
TRX-1004957;2026-05-03;0,0;Vendor_14;China;YES
TRX-1004965;2026-02-04;676,85;UNKNOWN;UNKNOWN;YES
TRX-1004969;2026-05-11;0,0;Vendor_26;Netherlands;YES
TRX-1004978;2026-06-24;563,96;UNKNOWN;UNKNOWN;YES
TRX-1004992;2026-08-24;422,11;UNKNOWN;UNKNOWN;YES
TRX-1004998;2026-02-02;0,0;Vendor_23;Poland;YES
TRX-1004999;2026-03-13;806,07;UNKNOWN;UNKNOWN;YES
TRX-1005006;2026-02-17;0,0;Vendor_45;Poland;YES
TRX-1005023;2026-05-03;0,0;Vendor_7;China;YES
TRX-1005029;2026-08-22;590,31;UNKNOWN;UNKNOWN;YES
TRX-1005045;2026-07-20;0,0;Vendor_25;China;YES
TRX-1005046;2026-04-17;0,0;Vendor_42;Germany;YES
TRX-1005056;2026-05-06;362,46;UNKNOWN;UNKNOWN;YES
TRX-1005060;2026-01-16;0,0;Vendor_11;Germany;YES
TRX-1005080;2026-04-06;0,0;Vendor_37;China;YES
TRX-1005081;2026-04-04;0,0;Vendor_15;Germany;YES
TRX-1005095;2026-06-09;0,0;Vendor_47;Netherlands;YES
TRX-1005119;2026-07-19;0,0;Vendor_23;Poland;YES
TRX-1005126;2026-08-22;491,63;UNKNOWN;UNKNOWN;YES
TRX-1005130;2026-06-04;0,0;Vendor_17;China;YES
TRX-1005136;2026-06-29;0,0;Vendor_45;Poland;YES
TRX-1005140;2026-04-24;349,56;UNKNOWN;UNKNOWN;YES
TRX-1005153;2026-01-23;0,0;Vendor_14;China;YES
TRX-1005161;2026-04-25;1247,28;UNKNOWN;UNKNOWN;YES
TRX-1005167;2026-03-01;109,32;UNKNOWN;UNKNOWN;YES
TRX-1005175;2026-07-21;0,0;Vendor_36;Poland;YES
TRX-1005179;;0,0;Vendor_35;Poland;YES
TRX-1005192;2026-03-28;0,0;Vendor_28;Netherlands;YES
TRX-1005203;2026-01-26;0,0;Vendor_18;China;YES
TRX-1005220;2026-05-13;0,0;Vendor_20;Netherlands;YES
TRX-1005226;2026-03-12;947,97;UNKNOWN;UNKNOWN;YES
TRX-1005230;2026-03-15;0,0;Vendor_47;Netherlands;YES
TRX-1005231;2026-07-25;0,0;Vendor_42;Germany;YES
TRX-1005234;2026-03-19;0,0;Vendor_42;Germany;YES
TRX-1005238;2026-03-17;0,0;Vendor_46;Poland;YES
TRX-1005241;2026-08-09;0,0;Vendor_23;Poland;YES
TRX-1005247;2026-05-12;932,48;UNKNOWN;UNKNOWN;YES
TRX-1005251;2026-04-11;0,0;Vendor_4;Netherlands;YES
TRX-1005262;2026-01-27;0,0;Vendor_48;Netherlands;YES
TRX-1005276;2026-05-01;0,0;Vendor_37;China;YES
TRX-1005278;2026-06-06;0,0;Vendor_38;China;YES
TRX-1005291;2026-08-07;0,0;Vendor_34;China;YES
TRX-1005305;2026-08-25;0,0;Vendor_42;Germany;YES
TRX-1005308;2026-07-07;1470,92;UNKNOWN;UNKNOWN;YES
TRX-1005309;2026-05-24;0,0;Vendor_8;Germany;YES
TRX-1005314;2026-03-11;0,0;Vendor_10;China;YES
TRX-1005315;2026-09-04;0,0;Vendor_34;China;YES
TRX-1005319;2026-06-18;0,0;Vendor_13;Netherlands;YES
TRX-1005322;2026-09-02;996,4;UNKNOWN;UNKNOWN;YES
TRX-1005323;2026-08-21;0,0;Vendor_27;Poland;YES
TRX-1005325;2026-02-20;0,0;Vendor_33;Poland;YES
TRX-1005328;2026-04-09;0,0;Vendor_35;Poland;YES
TRX-1005330;2026-07-05;0,0;Vendor_3;Poland;YES
TRX-1005338;2026-01-31;0,0;Vendor_45;Poland;YES
TRX-1005339;2026-06-17;0,0;Vendor_11;Germany;YES
TRX-1005340;2026-05-26;0,0;Vendor_21;Germany;YES
TRX-1005350;2026-05-14;0,0;Vendor_29;Netherlands;YES
TRX-1005355;2026-06-29;0,0;Vendor_30;Netherlands;YES
TRX-1005380;2026-08-29;0,0;Vendor_10;China;YES
TRX-1005383;2026-02-19;0,0;Vendor_44;Poland;YES
TRX-1005393;2026-08-01;613,07;UNKNOWN;UNKNOWN;YES
TRX-1005395;2026-02-27;0,0;Vendor_32;Germany;YES
TRX-1005400;2026-04-20;0,0;Vendor_22;Germany;YES
TRX-1005411;2026-01-12;168,58;UNKNOWN;UNKNOWN;YES
TRX-1005415;;824,13;UNKNOWN;UNKNOWN;YES
TRX-1005421;2026-01-25;1002,69;UNKNOWN;UNKNOWN;YES
TRX-1005422;2026-09-07;910,2;UNKNOWN;UNKNOWN;YES
TRX-1005448;2026-07-23;0,0;Vendor_8;Germany;YES
TRX-1005451;2026-01-06;0,0;Vendor_34;China;YES
TRX-1005455;2026-03-08;0,0;UNKNOWN;UNKNOWN;YES
TRX-1005458;2026-01-22;1362,91;UNKNOWN;UNKNOWN;YES
TRX-1005468;2026-08-01;0,0;Vendor_41;Germany;YES
TRX-1005475;2026-04-10;1279,89;UNKNOWN;UNKNOWN;YES
TRX-1005478;;1458,93;UNKNOWN;UNKNOWN;YES
TRX-1005482;2026-07-02;409,01;UNKNOWN;UNKNOWN;YES
TRX-1005483;2026-01-09;0,0;Vendor_19;Netherlands;YES
TRX-1005485;2026-02-17;0,0;Vendor_42;Germany;YES
TRX-1005488;2026-04-16;0,0;Vendor_27;Poland;YES
TRX-1005495;2026-03-24;0,0;Vendor_4;Netherlands;YES
TRX-1005497;2026-08-18;0,0;Vendor_39;Poland;YES
TRX-1005511;;0,0;Vendor_47;Netherlands;YES
TRX-1005533;2026-02-26;339,16;UNKNOWN;UNKNOWN;YES
TRX-1005552;2026-07-30;0,0;Vendor_14;China;YES
TRX-1005553;2026-03-13;341,2;UNKNOWN;UNKNOWN;YES
TRX-1005566;2026-08-10;0,0;Vendor_12;Netherlands;YES
TRX-1005573;2026-04-24;0,0;Vendor_6;China;YES
TRX-1005574;2026-07-24;0,0;Vendor_7;China;YES
TRX-1005579;2026-05-27;0,0;Vendor_18;China;YES
TRX-1005580;2026-02-21;1406,65;UNKNOWN;UNKNOWN;YES
TRX-1005582;2026-08-21;0,0;Vendor_1;Germany;YES
TRX-1005585;;0,0;Vendor_43;Netherlands;YES
TRX-1005602;2026-06-21;0,0;Vendor_2;China;YES
TRX-1005609;2026-03-13;0,0;Vendor_44;Poland;YES
TRX-1005610;2026-01-30;0,0;Vendor_39;Poland;YES
TRX-1005612;2026-02-02;0,0;Vendor_19;Netherlands;YES
TRX-1005619;;0,0;Vendor_21;Germany;YES
TRX-1005621;2026-06-08;244,87;UNKNOWN;UNKNOWN;YES
TRX-1005644;2026-06-06;0,0;Vendor_50;Poland;YES
TRX-1005646;2026-07-06;0,0;Vendor_27;Poland;YES
TRX-1005662;2026-07-03;0,0;Vendor_20;Netherlands;YES
TRX-1005663;2026-06-19;40,62;UNKNOWN;UNKNOWN;YES
TRX-1005671;2026-02-20;1463,28;UNKNOWN;UNKNOWN;YES
TRX-1005673;2026-05-30;0,0;Vendor_24;Germany;YES
TRX-1005680;;0,0;Vendor_35;Poland;YES
TRX-1005685;2026-01-09;109,53;UNKNOWN;UNKNOWN;YES
TRX-1005691;2026-05-07;0,0;Vendor_44;Poland;YES
TRX-1005700;2026-02-14;563,54;UNKNOWN;UNKNOWN;YES
TRX-1005714;;925,42;UNKNOWN;UNKNOWN;YES
TRX-1005734;2026-07-01;0,0;Vendor_5;Poland;YES
TRX-1005735;2026-04-30;743,3;UNKNOWN;UNKNOWN;YES
TRX-1005738;2026-02-04;772,24;UNKNOWN;UNKNOWN;YES
TRX-1005756;2026-02-06;941,07;UNKNOWN;UNKNOWN;YES
TRX-1005773;2026-03-07;0,0;UNKNOWN;UNKNOWN;YES
TRX-1005778;2026-02-13;0,0;Vendor_13;Netherlands;YES
TRX-1005789;2026-03-24;56,9;UNKNOWN;UNKNOWN;YES
TRX-1005791;2026-04-12;0,0;Vendor_10;China;YES
TRX-1005792;2026-04-29;0,0;Vendor_11;Germany;YES
TRX-1005794;2026-01-23;0,0;Vendor_48;Netherlands;YES
TRX-1005798;2026-04-28;736,93;UNKNOWN;UNKNOWN;YES
TRX-1005807;2026-01-03;0,0;Vendor_13;Netherlands;YES
TRX-1005811;2026-03-05;0,0;Vendor_9;China;YES
TRX-1005824;2026-02-23;0,0;Vendor_16;Netherlands;YES
TRX-1005825;2026-09-03;0,0;Vendor_18;China;YES
TRX-1005837;2026-06-03;0,0;Vendor_44;Poland;YES
TRX-1005839;2026-02-20;1129,36;UNKNOWN;UNKNOWN;YES
TRX-1005847;2026-02-06;0,0;Vendor_12;Netherlands;YES
TRX-1005848;2026-06-26;682,06;UNKNOWN;UNKNOWN;YES
TRX-1005869;2026-05-28;0,0;Vendor_34;China;YES
TRX-1005871;;390,51;UNKNOWN;UNKNOWN;YES
TRX-1005873;2026-06-22;0,0;Vendor_3;Poland;YES
TRX-1005901;2026-01-27;157,04;UNKNOWN;UNKNOWN;YES
TRX-1005904;2026-02-10;275,68;UNKNOWN;UNKNOWN;YES
TRX-1005907;2026-02-22;0,0;Vendor_26;Netherlands;YES
TRX-1005921;2026-01-18;0,0;Vendor_48;Netherlands;YES
TRX-1005922;2026-02-14;0,0;Vendor_5;Poland;YES
TRX-1005928;2026-06-09;1150,05;UNKNOWN;UNKNOWN;YES
TRX-1005941;;0,0;Vendor_4;Netherlands;YES
TRX-1005951;2026-08-26;0,0;Vendor_38;China;YES
TRX-1005952;2026-03-21;0,0;Vendor_19;Netherlands;YES
TRX-1005968;2026-03-10;0,0;Vendor_4;Netherlands;YES
TRX-1005970;2026-07-15;0,0;Vendor_24;Germany;YES
TRX-1005972;2026-06-23;0,0;Vendor_22;Germany;YES
TRX-1005974;2026-06-10;0,0;Vendor_26;Netherlands;YES
TRX-1005982;2026-07-10;534,13;UNKNOWN;UNKNOWN;YES
TRX-1006008;2026-08-17;0,0;Vendor_49;Poland;YES
TRX-1006041;2026-08-05;432,82;UNKNOWN;UNKNOWN;YES
TRX-1006047;2026-05-17;0,0;Vendor_4;Netherlands;YES
TRX-1006063;2026-09-04;939,77;UNKNOWN;UNKNOWN;YES
TRX-1006068;2026-05-20;0,0;Vendor_37;China;YES
TRX-1006074;2026-02-28;0,0;Vendor_42;Germany;YES
TRX-1006076;2026-03-11;1476,06;UNKNOWN;UNKNOWN;YES
TRX-1006091;2026-08-28;0,0;Vendor_46;Poland;YES
TRX-1006094;2026-04-08;1223,82;UNKNOWN;UNKNOWN;YES
TRX-1006098;2026-05-30;0,0;Vendor_19;Netherlands;YES
TRX-1006104;;140,38;UNKNOWN;UNKNOWN;YES
TRX-1006106;2026-04-25;0,0;Vendor_10;China;YES
TRX-1006108;2026-08-30;0,0;Vendor_12;Netherlands;YES
TRX-1006114;2026-05-06;751,63;UNKNOWN;UNKNOWN;YES
TRX-1006135;2026-03-15;1274,31;UNKNOWN;UNKNOWN;YES
TRX-1006139;2026-07-04;0,0;Vendor_17;China;YES
TRX-1006142;2026-03-30;0,0;Vendor_36;Poland;YES
TRX-1006153;2026-01-27;0,0;Vendor_4;Netherlands;YES
TRX-1006156;2026-02-28;0,0;Vendor_21;Germany;YES
TRX-1006160;2026-06-12;0,0;Vendor_46;Poland;YES
TRX-1006170;2026-06-08;540,51;UNKNOWN;UNKNOWN;YES
TRX-1006184;2026-09-02;0,0;Vendor_13;Netherlands;YES
TRX-1006189;2026-08-09;115,04;UNKNOWN;UNKNOWN;YES
TRX-1006198;2026-03-03;0,0;Vendor_27;Poland;YES
TRX-1006200;2026-02-18;931,62;UNKNOWN;UNKNOWN;YES
TRX-1006204;2026-02-27;838,06;UNKNOWN;UNKNOWN;YES
TRX-1006206;2026-05-29;0,0;Vendor_32;Germany;YES
TRX-1006209;2026-08-11;343,99;UNKNOWN;UNKNOWN;YES
TRX-1006211;2026-01-02;104,93;UNKNOWN;UNKNOWN;YES
TRX-1006220;2026-05-17;426,06;UNKNOWN;UNKNOWN;YES
TRX-1006225;2026-05-22;0,0;Vendor_31;Netherlands;YES
TRX-1006226;2026-03-04;0,0;Vendor_13;Netherlands;YES
TRX-1006238;2026-08-06;0,0;Vendor_23;Poland;YES
TRX-1006249;2026-05-11;696,06;UNKNOWN;UNKNOWN;YES
TRX-1006250;2026-03-13;1322,43;UNKNOWN;UNKNOWN;YES
TRX-1006258;2026-05-12;102,19;UNKNOWN;UNKNOWN;YES
TRX-1006259;2026-07-08;0,0;Vendor_9;China;YES
TRX-1006261;2026-02-22;92,69;UNKNOWN;UNKNOWN;YES
TRX-1006275;2026-05-03;0,0;UNKNOWN;UNKNOWN;YES
TRX-1006278;2026-06-25;0,0;Vendor_23;Poland;YES
TRX-1006286;2026-03-01;1172,77;UNKNOWN;UNKNOWN;YES
TRX-1006291;2026-07-01;0,0;Vendor_37;China;YES
TRX-1006295;2026-03-04;0,0;Vendor_16;Netherlands;YES
TRX-1006298;;0,0;Vendor_45;Poland;YES
TRX-1006308;2026-05-13;0,0;Vendor_46;Poland;YES
TRX-1006317;2026-08-02;615,45;UNKNOWN;UNKNOWN;YES
TRX-1006319;2026-04-14;709,57;UNKNOWN;UNKNOWN;YES
TRX-1006321;2026-01-20;0,0;Vendor_2;China;YES
TRX-1006322;2026-02-12;1395,32;UNKNOWN;UNKNOWN;YES
TRX-1006323;2026-03-26;761,78;UNKNOWN;UNKNOWN;YES
TRX-1006324;2026-04-15;0,0;Vendor_13;Netherlands;YES
TRX-1006330;2026-01-15;1336,35;UNKNOWN;UNKNOWN;YES
TRX-1006331;2026-08-12;0,0;Vendor_30;Netherlands;YES
TRX-1006339;2026-08-20;0,0;Vendor_13;Netherlands;YES
TRX-1006341;2026-07-24;1417,23;UNKNOWN;UNKNOWN;YES
TRX-1006345;2026-08-13;0,0;Vendor_30;Netherlands;YES
TRX-1006349;;0,0;Vendor_13;Netherlands;YES
TRX-1006353;2026-02-22;0,0;Vendor_42;Germany;YES
TRX-1006358;2026-02-05;0,0;Vendor_21;Germany;YES
TRX-1006360;2026-01-16;1387,6;UNKNOWN;UNKNOWN;YES
TRX-1006367;2026-03-05;0,0;Vendor_27;Poland;YES
TRX-1006384;2026-01-17;0,0;Vendor_50;Poland;YES
TRX-1006388;2026-04-26;0,0;Vendor_34;China;YES
TRX-1006391;2026-01-11;1268,28;UNKNOWN;UNKNOWN;YES
TRX-1006397;2026-08-31;0,0;Vendor_30;Netherlands;YES
TRX-1006398;2026-02-11;0,0;Vendor_27;Poland;YES
TRX-1006413;2026-02-15;0,0;Vendor_32;Germany;YES
TRX-1006416;2026-08-23;0,0;Vendor_40;China;YES
TRX-1006421;2026-02-19;0,0;Vendor_12;Netherlands;YES
TRX-1006422;2026-04-06;0,0;Vendor_50;Poland;YES
TRX-1006423;2026-02-23;0,0;Vendor_5;Poland;YES
TRX-1006427;2026-05-13;0,0;Vendor_30;Netherlands;YES
TRX-1006428;2026-02-22;0,0;Vendor_12;Netherlands;YES
TRX-1006443;2026-01-29;0,0;Vendor_43;Netherlands;YES
TRX-1006455;2026-05-27;0,0;Vendor_19;Netherlands;YES
TRX-1006458;2026-08-08;0,0;Vendor_37;China;YES
TRX-1006465;2026-02-23;0,0;Vendor_1;Germany;YES
TRX-1006480;2026-04-24;923,23;UNKNOWN;UNKNOWN;YES
TRX-1006490;2026-05-23;857,38;UNKNOWN;UNKNOWN;YES
TRX-1006494;2026-01-03;0,0;Vendor_1;Germany;YES
TRX-1006498;2026-02-06;0,0;Vendor_37;China;YES
TRX-1006500;2026-08-24;0,0;Vendor_26;Netherlands;YES
TRX-1006509;2026-01-26;0,0;Vendor_16;Netherlands;YES
TRX-1006510;2026-04-13;745,64;UNKNOWN;UNKNOWN;YES
TRX-1006530;2026-06-21;1496,14;UNKNOWN;UNKNOWN;YES
TRX-1006531;2026-03-23;0,0;Vendor_22;Germany;YES
TRX-1006539;2026-04-17;0,0;Vendor_49;Poland;YES
TRX-1006559;2026-07-07;0,0;Vendor_19;Netherlands;YES
TRX-1006562;2026-07-25;238,54;UNKNOWN;UNKNOWN;YES
TRX-1006566;2026-08-14;0,0;Vendor_12;Netherlands;YES
TRX-1006588;2026-06-24;0,0;Vendor_30;Netherlands;YES
TRX-1006616;2026-06-08;1345,19;UNKNOWN;UNKNOWN;YES
TRX-1006620;2026-04-09;0,0;Vendor_42;Germany;YES
TRX-1006621;2026-06-17;0,0;Vendor_38;China;YES
TRX-1006622;2026-02-09;0,0;Vendor_18;China;YES
TRX-1006627;2026-03-09;0,0;Vendor_29;Netherlands;YES
TRX-1006638;;453,99;UNKNOWN;UNKNOWN;YES
TRX-1006646;;1107,9;UNKNOWN;UNKNOWN;YES
TRX-1006652;2026-08-15;0,0;Vendor_47;Netherlands;YES
TRX-1006654;2026-06-18;0,0;UNKNOWN;UNKNOWN;YES
TRX-1006657;2026-04-24;0,0;Vendor_17;China;YES
TRX-1006661;2026-07-08;937,94;UNKNOWN;UNKNOWN;YES
TRX-1006662;2026-04-17;0,0;Vendor_10;China;YES
TRX-1006672;2026-08-13;941,53;UNKNOWN;UNKNOWN;YES
TRX-1006676;2026-01-01;0,0;Vendor_26;Netherlands;YES
TRX-1006677;2026-07-15;1156,34;UNKNOWN;UNKNOWN;YES
TRX-1006692;2026-05-17;0,0;Vendor_18;China;YES
TRX-1006695;2026-06-22;0,0;Vendor_18;China;YES
TRX-1006706;2026-05-11;528,39;UNKNOWN;UNKNOWN;YES
TRX-1006716;2026-05-28;344,53;UNKNOWN;UNKNOWN;YES
TRX-1006718;2026-05-16;0,0;Vendor_32;Germany;YES
TRX-1006720;2026-07-31;720,44;UNKNOWN;UNKNOWN;YES
TRX-1006723;2026-06-06;0,0;Vendor_31;Netherlands;YES
TRX-1006728;2026-06-03;0,0;Vendor_39;Poland;YES
TRX-1006729;2026-06-26;0,0;Vendor_13;Netherlands;YES
TRX-1006732;2026-02-28;0,0;Vendor_34;China;YES
TRX-1006749;2026-01-21;0,0;Vendor_22;Germany;YES
TRX-1006758;2026-03-12;190,53;UNKNOWN;UNKNOWN;YES
TRX-1006769;2026-07-23;0,0;Vendor_35;Poland;YES
TRX-1006770;2026-04-06;0,0;Vendor_31;Netherlands;YES
TRX-1006785;2026-08-23;0,0;Vendor_46;Poland;YES
TRX-1006798;2026-03-19;0,0;Vendor_44;Poland;YES
TRX-1006800;2026-08-23;0,0;Vendor_33;Poland;YES
TRX-1006804;2026-01-25;0,0;Vendor_3;Poland;YES
TRX-1006814;2026-01-15;0,0;Vendor_32;Germany;YES
TRX-1006816;2026-08-02;1078,1;UNKNOWN;UNKNOWN;YES
TRX-1006820;2026-04-08;0,0;Vendor_44;Poland;YES
TRX-1006821;2026-06-19;0,0;Vendor_30;Netherlands;YES
TRX-1006825;2026-08-19;1028,11;UNKNOWN;UNKNOWN;YES
TRX-1006833;2026-08-21;1014,15;UNKNOWN;UNKNOWN;YES
TRX-1006844;2026-01-15;0,0;Vendor_8;Germany;YES
TRX-1006853;2026-03-29;237,5;UNKNOWN;UNKNOWN;YES
TRX-1006858;2026-08-27;0,0;Vendor_19;Netherlands;YES
TRX-1006862;2026-04-30;0,0;Vendor_14;China;YES
TRX-1006865;2026-07-09;371,34;UNKNOWN;UNKNOWN;YES
TRX-1006870;2026-02-28;0,0;Vendor_19;Netherlands;YES
TRX-1006875;2026-05-24;0,0;Vendor_14;China;YES
TRX-1006880;2026-07-10;671,06;UNKNOWN;UNKNOWN;YES
TRX-1006885;2026-01-25;0,0;Vendor_18;China;YES
TRX-1006892;2026-09-04;726,45;UNKNOWN;UNKNOWN;YES
TRX-1006896;2026-04-27;674,5;UNKNOWN;UNKNOWN;YES
TRX-1006900;2026-05-26;664,7;UNKNOWN;UNKNOWN;YES
TRX-1006917;2026-03-19;1156,93;UNKNOWN;UNKNOWN;YES
TRX-1006921;2026-02-16;0,0;Vendor_3;Poland;YES
TRX-1006922;2026-01-18;1023,64;UNKNOWN;UNKNOWN;YES
TRX-1006924;2026-07-30;0,0;Vendor_16;Netherlands;YES
TRX-1006925;2026-04-06;0,0;Vendor_13;Netherlands;YES
TRX-1006933;;0,0;Vendor_45;Poland;YES
TRX-1006945;2026-02-13;0,0;Vendor_36;Poland;YES
TRX-1006955;2026-02-11;0,0;Vendor_7;China;YES
TRX-1006956;2026-05-23;432,76;UNKNOWN;UNKNOWN;YES
TRX-1006962;2026-06-16;0,0;Vendor_23;Poland;YES
TRX-1006964;2026-02-03;908,89;UNKNOWN;UNKNOWN;YES
TRX-1006967;2026-01-21;1484,38;UNKNOWN;UNKNOWN;YES
TRX-1006970;2026-03-20;0,0;Vendor_33;Poland;YES
TRX-1006973;2026-06-13;0,0;Vendor_32;Germany;YES
TRX-1006976;2026-01-04;0,0;Vendor_22;Germany;YES
TRX-1006985;2026-02-09;0,0;Vendor_34;China;YES
TRX-1006992;2026-03-24;0,0;Vendor_17;China;YES
TRX-1007004;2026-01-06;0,0;Vendor_31;Netherlands;YES
TRX-1007005;2026-05-20;0,0;Vendor_13;Netherlands;YES
TRX-1007007;2026-02-28;0,0;Vendor_49;Poland;YES
TRX-1007016;2026-08-25;0,0;Vendor_2;China;YES
TRX-1007019;2026-05-23;768,98;UNKNOWN;UNKNOWN;YES
TRX-1007022;2026-06-13;0,0;Vendor_30;Netherlands;YES
TRX-1007032;2026-03-24;236,38;UNKNOWN;UNKNOWN;YES
TRX-1007037;2026-02-27;0,0;Vendor_47;Netherlands;YES
TRX-1007054;2026-03-22;0,0;UNKNOWN;UNKNOWN;YES
TRX-1007063;2026-01-06;0,0;Vendor_31;Netherlands;YES
TRX-1007068;2026-02-06;0,0;Vendor_9;China;YES
TRX-1007071;;0,0;Vendor_7;China;YES
TRX-1007083;2026-05-22;0,0;Vendor_3;Poland;YES
TRX-1007084;2026-05-29;0,0;Vendor_19;Netherlands;YES
TRX-1007085;2026-03-08;0,0;Vendor_35;Poland;YES
TRX-1007102;2026-04-04;410,25;UNKNOWN;UNKNOWN;YES
TRX-1007106;2026-05-26;1206,74;UNKNOWN;UNKNOWN;YES
TRX-1007114;2026-01-14;0,0;Vendor_47;Netherlands;YES
TRX-1007118;2026-06-05;0,0;Vendor_15;Germany;YES
TRX-1007123;2026-08-13;105,32;UNKNOWN;UNKNOWN;YES
TRX-1007131;2026-03-07;0,0;Vendor_38;China;YES
TRX-1007137;2026-09-01;0,0;Vendor_16;Netherlands;YES
TRX-1007139;2026-09-03;0,0;Vendor_5;Poland;YES
TRX-1007143;2026-05-17;0,0;Vendor_45;Poland;YES
TRX-1007148;2026-02-02;0,0;Vendor_10;China;YES
TRX-1007149;2026-07-02;0,0;Vendor_20;Netherlands;YES
TRX-1007150;2026-05-27;0,0;UNKNOWN;UNKNOWN;YES
TRX-1007151;2026-04-25;0,0;Vendor_31;Netherlands;YES
TRX-1007153;2026-06-08;0,0;Vendor_30;Netherlands;YES
TRX-1007160;2026-01-21;1108,7;UNKNOWN;UNKNOWN;YES
TRX-1007171;2026-02-27;0,0;Vendor_43;Netherlands;YES
TRX-1007175;2026-05-18;124,06;UNKNOWN;UNKNOWN;YES
TRX-1007178;2026-01-30;18,21;UNKNOWN;UNKNOWN;YES
TRX-1007192;2026-01-05;320,58;UNKNOWN;UNKNOWN;YES
TRX-1007198;2026-07-31;0,0;Vendor_42;Germany;YES
TRX-1007208;2026-07-23;0,0;Vendor_36;Poland;YES
TRX-1007212;2026-03-21;0,0;Vendor_24;Germany;YES
TRX-1007214;2026-07-16;548,4;UNKNOWN;UNKNOWN;YES
TRX-1007221;2026-09-01;1361,2;UNKNOWN;UNKNOWN;YES
TRX-1007225;;0,0;Vendor_14;China;YES
TRX-1007236;2026-04-23;0,0;Vendor_17;China;YES
TRX-1007243;2026-07-28;1290,8;UNKNOWN;UNKNOWN;YES
TRX-1007255;2026-02-12;0,0;Vendor_22;Germany;YES
TRX-1007265;2026-01-27;0,0;Vendor_16;Netherlands;YES
TRX-1007267;2026-01-22;0,0;Vendor_7;China;YES
TRX-1007269;2026-04-11;918,55;UNKNOWN;UNKNOWN;YES
TRX-1007275;2026-07-27;0,0;Vendor_29;Netherlands;YES
TRX-1007279;;0,0;UNKNOWN;UNKNOWN;YES
TRX-1007281;2026-05-09;62,27;UNKNOWN;UNKNOWN;YES
TRX-1007284;2026-01-02;1183,35;UNKNOWN;UNKNOWN;YES
TRX-1007290;2026-03-19;0,0;Vendor_14;China;YES
TRX-1007298;2026-06-18;0,0;UNKNOWN;UNKNOWN;YES
TRX-1007299;2026-01-21;0,0;Vendor_32;Germany;YES
TRX-1007309;2026-02-03;0,0;Vendor_30;Netherlands;YES
TRX-1007317;2026-05-27;209,25;UNKNOWN;UNKNOWN;YES
TRX-1007327;2026-03-24;0,0;Vendor_38;China;YES
TRX-1007328;2026-04-21;0,0;Vendor_19;Netherlands;YES
TRX-1007331;2026-05-18;287,06;UNKNOWN;UNKNOWN;YES
TRX-1007333;2026-04-15;0,0;Vendor_33;Poland;YES
TRX-1007338;2026-03-06;0,0;Vendor_12;Netherlands;YES
TRX-1007345;2026-06-28;224,85;UNKNOWN;UNKNOWN;YES
TRX-1007352;2026-03-29;0,0;Vendor_38;China;YES
TRX-1007363;;0,0;Vendor_46;Poland;YES
TRX-1007367;2026-07-06;1454,06;UNKNOWN;UNKNOWN;YES
TRX-1007369;2026-08-10;0,0;Vendor_37;China;YES
TRX-1007383;2026-05-27;638,25;UNKNOWN;UNKNOWN;YES
TRX-1007388;2026-06-02;0,0;Vendor_4;Netherlands;YES
TRX-1007389;2026-07-07;0,0;Vendor_36;Poland;YES
TRX-1007400;2026-06-24;0,0;Vendor_5;Poland;YES
TRX-1007402;2026-07-06;0,0;Vendor_16;Netherlands;YES
TRX-1007407;2026-03-31;1455,06;UNKNOWN;UNKNOWN;YES
TRX-1007414;2026-04-19;0,0;Vendor_47;Netherlands;YES
TRX-1007415;2026-05-26;0,0;Vendor_31;Netherlands;YES
TRX-1007420;2026-07-09;0,0;Vendor_11;Germany;YES
TRX-1007425;2026-08-13;0,0;Vendor_1;Germany;YES
TRX-1007430;2026-07-30;1024,22;UNKNOWN;UNKNOWN;YES
TRX-1007434;2026-08-27;0,0;Vendor_15;Germany;YES
TRX-1007437;2026-07-18;0,0;Vendor_30;Netherlands;YES
TRX-1007449;2026-06-27;1083,44;UNKNOWN;UNKNOWN;YES
TRX-1007462;2026-02-17;0,0;Vendor_36;Poland;YES
TRX-1007471;2026-06-25;0,0;Vendor_17;China;YES
TRX-1007475;2026-01-25;0,0;Vendor_41;Germany;YES
TRX-1007484;2026-03-02;0,0;Vendor_7;China;YES
TRX-1007485;2026-06-30;1366,79;UNKNOWN;UNKNOWN;YES
TRX-1007494;;62,86;UNKNOWN;UNKNOWN;YES
TRX-1007496;2026-05-23;0,0;Vendor_26;Netherlands;YES
TRX-1007501;2026-05-25;0,0;Vendor_41;Germany;YES
TRX-1007508;2026-06-23;0,0;Vendor_48;Netherlands;YES
TRX-1007510;2026-01-04;0,0;Vendor_32;Germany;YES
TRX-1007512;2026-05-24;0,0;Vendor_10;China;YES
TRX-1007514;2026-08-11;0,0;Vendor_4;Netherlands;YES
TRX-1007520;2026-01-06;0,0;Vendor_12;Netherlands;YES
TRX-1007532;2026-02-02;242,56;UNKNOWN;UNKNOWN;YES
TRX-1007535;2026-01-23;0,0;Vendor_23;Poland;YES
TRX-1007541;2026-09-05;0,0;Vendor_3;Poland;YES
TRX-1007545;2026-02-25;0,0;Vendor_44;Poland;YES
TRX-1007546;2026-01-21;0,0;Vendor_14;China;YES
TRX-1007549;2026-08-02;0,0;Vendor_14;China;YES
TRX-1007551;2026-05-15;0,0;Vendor_12;Netherlands;YES
TRX-1007553;2026-04-25;0,0;Vendor_15;Germany;YES
TRX-1007562;2026-08-07;0,0;Vendor_40;China;YES
TRX-1007565;2026-03-22;1179,29;UNKNOWN;UNKNOWN;YES
TRX-1007567;2026-06-09;0,0;Vendor_47;Netherlands;YES
TRX-1007569;;393,25;UNKNOWN;UNKNOWN;YES
TRX-1007578;2026-04-29;0,0;Vendor_15;Germany;YES
TRX-1007580;2026-06-18;757,08;UNKNOWN;UNKNOWN;YES
TRX-1007584;2026-01-22;0,0;Vendor_7;China;YES
TRX-1007590;2026-08-27;0,0;Vendor_28;Netherlands;YES
TRX-1007599;2026-04-28;836,23;UNKNOWN;UNKNOWN;YES
TRX-1007619;2026-08-15;0,0;Vendor_24;Germany;YES
TRX-1007620;2026-08-04;0,0;Vendor_30;Netherlands;YES
TRX-1007632;;0,0;Vendor_42;Germany;YES
TRX-1007635;2026-02-03;0,0;Vendor_4;Netherlands;YES
TRX-1007647;2026-05-17;1479,08;UNKNOWN;UNKNOWN;YES
TRX-1007664;2026-06-10;0,0;Vendor_45;Poland;YES
TRX-1007668;2026-04-08;0,0;Vendor_33;Poland;YES
TRX-1007680;;0,0;Vendor_14;China;YES
TRX-1007695;2026-03-22;1304,58;UNKNOWN;UNKNOWN;YES
TRX-1007697;2026-05-20;648,9;UNKNOWN;UNKNOWN;YES
TRX-1007706;2026-06-23;0,0;Vendor_7;China;YES
TRX-1007707;2026-02-16;938,69;UNKNOWN;UNKNOWN;YES
TRX-1007715;2026-01-27;1095,39;UNKNOWN;UNKNOWN;YES
TRX-1007724;2026-05-27;387,17;UNKNOWN;UNKNOWN;YES
TRX-1007725;2026-08-31;685,5;UNKNOWN;UNKNOWN;YES
TRX-1007734;2026-03-03;0,0;Vendor_9;China;YES
TRX-1007761;2026-06-27;0,0;Vendor_48;Netherlands;YES
TRX-1007768;2026-08-22;1319,31;UNKNOWN;UNKNOWN;YES
TRX-1007782;2026-05-17;1207,53;UNKNOWN;UNKNOWN;YES
TRX-1007786;2026-03-02;0,0;UNKNOWN;UNKNOWN;YES
TRX-1007794;2026-09-08;1429,68;UNKNOWN;UNKNOWN;YES
TRX-1007800;2026-06-13;0,0;Vendor_23;Poland;YES
TRX-1007802;2026-04-26;0,0;Vendor_35;Poland;YES
TRX-1007824;2026-07-24;452,49;UNKNOWN;UNKNOWN;YES
TRX-1007826;2026-06-05;446,94;UNKNOWN;UNKNOWN;YES
TRX-1007829;;0,0;Vendor_19;Netherlands;YES
TRX-1007832;2026-01-11;0,0;Vendor_45;Poland;YES
TRX-1007833;2026-04-05;0,0;Vendor_23;Poland;YES
TRX-1007869;2026-06-06;0,0;Vendor_41;Germany;YES
TRX-1007888;2026-07-16;0,0;Vendor_9;China;YES
TRX-1007890;2026-07-31;401,93;UNKNOWN;UNKNOWN;YES
TRX-1007892;2026-08-30;852,09;UNKNOWN;UNKNOWN;YES
TRX-1007900;2026-01-20;878,3;UNKNOWN;UNKNOWN;YES
TRX-1007903;2026-02-19;0,0;Vendor_20;Netherlands;YES
TRX-1007910;2026-05-06;0,0;Vendor_14;China;YES
TRX-1007912;2026-05-23;0,0;Vendor_31;Netherlands;YES
TRX-1007920;2026-04-26;0,0;Vendor_12;Netherlands;YES
TRX-1007924;2026-02-21;0,0;Vendor_28;Netherlands;YES
TRX-1007927;2026-08-27;0,0;Vendor_7;China;YES
TRX-1007939;2026-08-26;0,0;Vendor_27;Poland;YES
TRX-1007951;2026-07-13;0,0;Vendor_13;Netherlands;YES
TRX-1007956;2026-06-24;0,0;Vendor_4;Netherlands;YES
TRX-1007958;;167,74;UNKNOWN;UNKNOWN;YES
TRX-1007977;2026-04-04;0,0;Vendor_25;China;YES
TRX-1007978;2026-07-26;0,0;Vendor_4;Netherlands;YES
TRX-1007986;2026-03-08;0,0;Vendor_19;Netherlands;YES
TRX-1007999;2026-04-17;0,0;Vendor_37;China;YES
TRX-1008005;2026-06-25;0,0;Vendor_6;China;YES
TRX-1008010;2026-06-26;0,0;Vendor_31;Netherlands;YES
TRX-1008014;2026-04-26;0,0;Vendor_29;Netherlands;YES
TRX-1008019;2026-06-06;0,0;Vendor_45;Poland;YES
TRX-1008033;2026-05-19;0,0;Vendor_35;Poland;YES
TRX-1008034;2026-07-15;1098,57;UNKNOWN;UNKNOWN;YES
TRX-1008041;2026-02-23;170,0;UNKNOWN;UNKNOWN;YES
TRX-1008047;2026-06-18;1140,67;UNKNOWN;UNKNOWN;YES
TRX-1008075;2026-04-18;1456,57;UNKNOWN;UNKNOWN;YES
TRX-1008087;2026-08-01;0,0;UNKNOWN;UNKNOWN;YES
TRX-1008091;2026-07-12;401,26;UNKNOWN;UNKNOWN;YES
TRX-1008108;2026-03-03;0,0;Vendor_10;China;YES
TRX-1008114;2026-08-08;0,0;Vendor_39;Poland;YES
TRX-1008124;2026-01-12;429,26;UNKNOWN;UNKNOWN;YES
TRX-1008125;2026-06-05;621,19;UNKNOWN;UNKNOWN;YES
TRX-1008128;2026-02-13;0,0;Vendor_16;Netherlands;YES
TRX-1008131;2026-03-30;0,0;Vendor_20;Netherlands;YES
TRX-1008138;2026-08-07;642,21;UNKNOWN;UNKNOWN;YES
TRX-1008151;2026-01-14;0,0;UNKNOWN;UNKNOWN;YES
TRX-1008166;2026-07-29;0,0;Vendor_10;China;YES
TRX-1008184;2026-07-24;773,86;UNKNOWN;UNKNOWN;YES
TRX-1008185;2026-02-01;0,0;Vendor_2;China;YES
TRX-1008188;2026-08-19;344,15;UNKNOWN;UNKNOWN;YES
TRX-1008195;2026-02-08;0,0;Vendor_47;Netherlands;YES
TRX-1008210;2026-04-10;807,06;UNKNOWN;UNKNOWN;YES
TRX-1008250;2026-04-24;0,0;Vendor_7;China;YES
TRX-1008251;2026-04-16;0,0;Vendor_35;Poland;YES
TRX-1008254;2026-01-09;1387,47;UNKNOWN;UNKNOWN;YES
TRX-1008257;2026-03-05;0,0;Vendor_38;China;YES
TRX-1008261;2026-06-03;1122,16;UNKNOWN;UNKNOWN;YES
TRX-1008264;;0,0;Vendor_33;Poland;YES
TRX-1008267;2026-04-16;698,06;UNKNOWN;UNKNOWN;YES
TRX-1008268;2026-08-13;1233,17;UNKNOWN;UNKNOWN;YES
TRX-1008271;2026-08-31;0,0;Vendor_31;Netherlands;YES
TRX-1008274;2026-08-10;0,0;UNKNOWN;UNKNOWN;YES
TRX-1008276;2026-06-29;0,0;Vendor_34;China;YES
TRX-1008277;2026-07-17;0,0;Vendor_25;China;YES
TRX-1008295;;785,28;UNKNOWN;UNKNOWN;YES
TRX-1008298;2026-07-22;0,0;Vendor_28;Netherlands;YES
TRX-1008307;2026-02-20;1188,05;UNKNOWN;UNKNOWN;YES
TRX-1008320;2026-06-08;0,0;Vendor_25;China;YES
TRX-1008322;2026-04-07;1321,75;UNKNOWN;UNKNOWN;YES
TRX-1008325;2026-07-15;0,0;Vendor_16;Netherlands;YES
TRX-1008331;2026-05-04;1269,31;UNKNOWN;UNKNOWN;YES
TRX-1008332;2026-08-12;18,15;UNKNOWN;UNKNOWN;YES
TRX-1008333;2026-01-15;0,0;Vendor_15;Germany;YES
TRX-1008334;2026-03-03;123,9;UNKNOWN;UNKNOWN;YES
TRX-1008351;2026-08-24;0,0;Vendor_22;Germany;YES
TRX-1008374;2026-08-20;0,0;Vendor_8;Germany;YES
TRX-1008383;2026-03-16;0,0;Vendor_19;Netherlands;YES
TRX-1008393;2026-07-29;0,0;Vendor_20;Netherlands;YES
TRX-1008395;2026-03-13;573,16;UNKNOWN;UNKNOWN;YES
TRX-1008405;2026-02-09;629,12;UNKNOWN;UNKNOWN;YES
TRX-1008410;2026-08-04;1414,81;UNKNOWN;UNKNOWN;YES
TRX-1008411;2026-09-05;0,0;Vendor_26;Netherlands;YES
TRX-1008417;2026-07-13;0,0;Vendor_2;China;YES
TRX-1008432;2026-07-03;0,0;Vendor_22;Germany;YES
TRX-1008435;2026-02-27;0,0;Vendor_49;Poland;YES
TRX-1008441;2026-02-21;426,83;UNKNOWN;UNKNOWN;YES
TRX-1008447;2026-04-08;0,0;Vendor_40;China;YES
TRX-1008450;2026-06-29;0,0;Vendor_32;Germany;YES
TRX-1008453;2026-01-17;0,0;Vendor_9;China;YES
TRX-1008460;2026-09-06;320,68;UNKNOWN;UNKNOWN;YES
TRX-1008466;2026-08-01;0,0;Vendor_47;Netherlands;YES
TRX-1008469;2026-01-08;0,0;UNKNOWN;UNKNOWN;YES
TRX-1008475;2026-08-26;0,0;Vendor_22;Germany;YES
TRX-1008477;2026-07-30;0,0;Vendor_16;Netherlands;YES
TRX-1008489;2026-07-19;1488,53;UNKNOWN;UNKNOWN;YES
TRX-1008492;2026-01-31;0,0;Vendor_41;Germany;YES
TRX-1008514;2026-03-11;0,0;Vendor_38;China;YES
TRX-1008522;2026-02-01;326,64;UNKNOWN;UNKNOWN;YES
TRX-1008527;2026-02-12;0,0;Vendor_16;Netherlands;YES
TRX-1008542;2026-04-23;0,0;Vendor_1;Germany;YES
TRX-1008559;2026-03-06;1092,12;UNKNOWN;UNKNOWN;YES
TRX-1008562;2026-04-22;0,0;Vendor_15;Germany;YES
TRX-1008566;;0,0;Vendor_42;Germany;YES
TRX-1008569;2026-09-01;1299,3;UNKNOWN;UNKNOWN;YES
TRX-1008573;2026-07-24;964,28;UNKNOWN;UNKNOWN;YES
TRX-1008575;2026-05-25;1308,56;UNKNOWN;UNKNOWN;YES
TRX-1008577;2026-03-30;1366,96;UNKNOWN;UNKNOWN;YES
TRX-1008582;2026-01-03;0,0;Vendor_30;Netherlands;YES
TRX-1008590;2026-01-22;124,17;UNKNOWN;UNKNOWN;YES
TRX-1008593;2026-07-22;0,0;Vendor_21;Germany;YES
TRX-1008598;2026-01-08;0,0;Vendor_27;Poland;YES
TRX-1008605;2026-05-25;0,0;Vendor_20;Netherlands;YES
TRX-1008621;2026-04-09;0,0;Vendor_17;China;YES
TRX-1008636;2026-01-16;94,49;UNKNOWN;UNKNOWN;YES
TRX-1008644;2026-08-09;0,0;Vendor_27;Poland;YES
TRX-1008650;2026-01-03;0,0;Vendor_37;China;YES
TRX-1008663;2026-09-06;0,0;UNKNOWN;UNKNOWN;YES
TRX-1008708;2026-03-26;0,0;Vendor_38;China;YES
TRX-1008714;2026-01-28;0,0;Vendor_20;Netherlands;YES
TRX-1008717;2026-08-18;997,8;UNKNOWN;UNKNOWN;YES
TRX-1008719;2026-01-24;0,0;Vendor_19;Netherlands;YES
TRX-1008730;2026-07-19;0,0;Vendor_41;Germany;YES
TRX-1008738;2026-05-10;0,0;Vendor_43;Netherlands;YES
TRX-1008758;2026-03-05;125,48;UNKNOWN;UNKNOWN;YES
TRX-1008761;2026-07-01;0,0;Vendor_4;Netherlands;YES
TRX-1008765;2026-08-18;0,0;Vendor_27;Poland;YES
TRX-1008769;2026-02-27;0,0;Vendor_36;Poland;YES
TRX-1008771;2026-05-22;679,3;UNKNOWN;UNKNOWN;YES
TRX-1008779;;0,0;Vendor_10;China;YES
TRX-1008787;2026-04-18;1116,67;UNKNOWN;UNKNOWN;YES
TRX-1008792;2026-05-13;0,0;Vendor_20;Netherlands;YES
TRX-1008800;2026-08-30;0,0;UNKNOWN;UNKNOWN;YES
TRX-1008809;2026-02-18;0,0;Vendor_3;Poland;YES
TRX-1008812;2026-02-18;0,0;Vendor_9;China;YES
TRX-1008814;2026-08-19;997,24;UNKNOWN;UNKNOWN;YES
TRX-1008818;2026-04-29;0,0;Vendor_2;China;YES
TRX-1008820;2026-03-30;0,0;Vendor_43;Netherlands;YES
TRX-1008830;2026-09-07;0,0;UNKNOWN;UNKNOWN;YES
TRX-1008833;2026-05-06;0,0;Vendor_10;China;YES
TRX-1008835;2026-05-06;0,0;Vendor_24;Germany;YES
TRX-1008845;2026-07-06;0,0;Vendor_31;Netherlands;YES
TRX-1008846;;0,0;Vendor_44;Poland;YES
TRX-1008851;2026-09-07;1202,81;UNKNOWN;UNKNOWN;YES
TRX-1008855;2026-04-16;0,0;Vendor_34;China;YES
TRX-1008860;2026-02-05;0,0;Vendor_5;Poland;YES
TRX-1008862;2026-04-10;0,0;Vendor_4;Netherlands;YES
TRX-1008866;2026-03-01;0,0;UNKNOWN;UNKNOWN;YES
TRX-1008869;;0,0;Vendor_6;China;YES
TRX-1008877;2026-07-21;0,0;Vendor_35;Poland;YES
TRX-1008881;2026-09-06;233,41;UNKNOWN;UNKNOWN;YES
TRX-1008892;2026-03-23;0,0;Vendor_41;Germany;YES
TRX-1008893;2026-05-20;0,0;UNKNOWN;UNKNOWN;YES
TRX-1008896;2026-05-15;0,0;Vendor_46;Poland;YES
TRX-1008901;2026-05-07;656,04;UNKNOWN;UNKNOWN;YES
TRX-1008904;2026-02-28;0,0;Vendor_3;Poland;YES
TRX-1008914;2026-05-28;1433,62;UNKNOWN;UNKNOWN;YES
TRX-1008917;2026-01-19;0,0;Vendor_9;China;YES
TRX-1008925;2026-08-25;884,84;UNKNOWN;UNKNOWN;YES
TRX-1008926;2026-07-14;59,46;UNKNOWN;UNKNOWN;YES
TRX-1008932;2026-04-21;0,0;Vendor_20;Netherlands;YES
TRX-1008937;2026-08-18;484,23;UNKNOWN;UNKNOWN;YES
TRX-1008940;2026-04-19;0,0;Vendor_11;Germany;YES
TRX-1008944;2026-08-02;583,12;UNKNOWN;UNKNOWN;YES
TRX-1008951;2026-02-21;0,0;Vendor_39;Poland;YES
TRX-1008957;2026-08-09;0,0;Vendor_21;Germany;YES
TRX-1008958;2026-07-12;521,08;UNKNOWN;UNKNOWN;YES
TRX-1008966;2026-02-11;0,0;Vendor_1;Germany;YES
TRX-1008971;;1163,77;UNKNOWN;UNKNOWN;YES
TRX-1008978;2026-05-26;0,0;Vendor_46;Poland;YES
TRX-1008983;2026-08-20;0,0;Vendor_32;Germany;YES
TRX-1008990;2026-03-05;0,0;Vendor_23;Poland;YES
TRX-1009001;2026-06-28;345,78;UNKNOWN;UNKNOWN;YES
TRX-1009003;2026-04-03;1476,63;UNKNOWN;UNKNOWN;YES
TRX-1009006;;76,71;UNKNOWN;UNKNOWN;YES
TRX-1009011;;0,0;Vendor_48;Netherlands;YES
TRX-1009016;;0,0;Vendor_20;Netherlands;YES
TRX-1009022;2026-05-06;0,0;Vendor_14;China;YES
TRX-1009029;2026-03-29;321,88;UNKNOWN;UNKNOWN;YES
TRX-1009036;2026-07-17;0,0;Vendor_3;Poland;YES
TRX-1009037;2026-02-04;0,0;Vendor_44;Poland;YES
TRX-1009043;2026-02-12;0,0;Vendor_41;Germany;YES
TRX-1009049;2026-03-19;1115,03;UNKNOWN;UNKNOWN;YES
TRX-1009056;2026-07-12;0,0;Vendor_29;Netherlands;YES
TRX-1009058;2026-03-31;0,0;Vendor_40;China;YES
TRX-1009060;2026-07-23;0,0;Vendor_34;China;YES
TRX-1009076;2026-05-10;0,0;Vendor_23;Poland;YES
TRX-1009080;2026-04-28;1072,21;UNKNOWN;UNKNOWN;YES
TRX-1009082;2026-09-01;779,15;UNKNOWN;UNKNOWN;YES
TRX-1009091;2026-04-30;0,0;Vendor_44;Poland;YES
TRX-1009092;2026-07-06;0,0;Vendor_40;China;YES
TRX-1009098;2026-05-26;660,0;UNKNOWN;UNKNOWN;YES
TRX-1009102;2026-06-21;0,0;Vendor_50;Poland;YES
TRX-1009111;2026-06-01;0,0;Vendor_14;China;YES
TRX-1009115;2026-08-29;971,94;UNKNOWN;UNKNOWN;YES
TRX-1009117;2026-01-26;0,0;Vendor_15;Germany;YES
TRX-1009123;;0,0;Vendor_9;China;YES
TRX-1009130;2026-09-05;1042,97;UNKNOWN;UNKNOWN;YES
TRX-1009139;2026-06-26;143,71;UNKNOWN;UNKNOWN;YES
TRX-1009141;2026-09-06;1175,9;UNKNOWN;UNKNOWN;YES
TRX-1009168;2026-09-02;0,0;Vendor_15;Germany;YES
TRX-1009179;2026-07-12;0,0;Vendor_30;Netherlands;YES
TRX-1009188;2026-01-05;0,0;Vendor_21;Germany;YES
TRX-1009191;2026-02-25;383,07;UNKNOWN;UNKNOWN;YES
TRX-1009204;2026-03-01;0,0;Vendor_21;Germany;YES
TRX-1009219;2026-05-10;0,0;Vendor_37;China;YES
TRX-1009227;2026-07-22;0,0;Vendor_24;Germany;YES
TRX-1009242;2026-02-18;0,0;Vendor_46;Poland;YES
TRX-1009245;2026-01-27;1124,32;UNKNOWN;UNKNOWN;YES
TRX-1009253;2026-04-11;0,0;Vendor_48;Netherlands;YES
TRX-1009258;2026-07-28;616,63;UNKNOWN;UNKNOWN;YES
TRX-1009263;2026-05-01;1402,85;UNKNOWN;UNKNOWN;YES
TRX-1009264;2026-01-04;0,0;Vendor_21;Germany;YES
TRX-1009281;2026-04-05;1138,61;UNKNOWN;UNKNOWN;YES
TRX-1009288;2026-02-28;0,0;Vendor_40;China;YES
TRX-1009294;2026-05-28;0,0;Vendor_26;Netherlands;YES
TRX-1009301;2026-06-02;0,0;Vendor_45;Poland;YES
TRX-1009320;2026-03-27;314,69;UNKNOWN;UNKNOWN;YES
TRX-1009322;2026-03-01;0,0;Vendor_28;Netherlands;YES
TRX-1009332;2026-04-08;0,0;Vendor_30;Netherlands;YES
TRX-1009340;2026-02-09;0,0;Vendor_5;Poland;YES
TRX-1009348;2026-07-26;1244,0;UNKNOWN;UNKNOWN;YES
TRX-1009351;2026-02-08;0,0;Vendor_37;China;YES
TRX-1009362;2026-05-31;0,0;Vendor_41;Germany;YES
TRX-1009368;2026-08-16;0,0;Vendor_48;Netherlands;YES
TRX-1009369;2026-05-14;0,0;Vendor_10;China;YES
TRX-1009374;2026-06-19;0,0;Vendor_16;Netherlands;YES
TRX-1009380;2026-05-13;1453,29;UNKNOWN;UNKNOWN;YES
TRX-1009393;2026-03-31;995,68;UNKNOWN;UNKNOWN;YES
TRX-1009396;2026-02-20;0,0;Vendor_2;China;YES
TRX-1009399;2026-03-31;0,0;Vendor_6;China;YES
TRX-1009433;2026-01-22;0,0;UNKNOWN;UNKNOWN;YES
TRX-1009459;2026-01-04;0,0;Vendor_25;China;YES
TRX-1009462;2026-02-25;0,0;Vendor_44;Poland;YES
TRX-1009475;2026-04-15;0,0;Vendor_40;China;YES
TRX-1009477;2026-02-10;434,69;UNKNOWN;UNKNOWN;YES
TRX-1009492;2026-08-19;0,0;Vendor_7;China;YES
TRX-1009513;2026-06-16;0,0;Vendor_31;Netherlands;YES
TRX-1009530;2026-03-01;0,0;Vendor_19;Netherlands;YES
TRX-1009531;2026-08-27;0,0;Vendor_14;China;YES
TRX-1009533;2026-01-23;0,0;Vendor_5;Poland;YES
TRX-1009534;2026-06-04;0,0;Vendor_25;China;YES
TRX-1009545;2026-01-27;0,0;Vendor_32;Germany;YES
TRX-1009549;2026-08-13;0,0;Vendor_40;China;YES
TRX-1009556;2026-03-24;0,0;Vendor_21;Germany;YES
TRX-1009575;2026-04-24;0,0;Vendor_24;Germany;YES
TRX-1009581;2026-03-07;481,58;UNKNOWN;UNKNOWN;YES
TRX-1009584;;1488,58;UNKNOWN;UNKNOWN;YES
TRX-1009598;2026-03-22;0,0;Vendor_20;Netherlands;YES
TRX-1009602;2026-07-15;0,0;Vendor_10;China;YES
TRX-1009619;2026-02-27;0,0;Vendor_31;Netherlands;YES
TRX-1009629;2026-05-28;0,0;Vendor_21;Germany;YES
TRX-1009633;2026-07-26;0,0;Vendor_41;Germany;YES
TRX-1009640;2026-07-18;0,0;Vendor_21;Germany;YES
TRX-1009645;2026-07-06;186,19;UNKNOWN;UNKNOWN;YES
TRX-1009647;2026-05-13;1352,25;UNKNOWN;UNKNOWN;YES
TRX-1009649;2026-08-10;0,0;Vendor_45;Poland;YES
TRX-1009650;2026-05-29;909,28;UNKNOWN;UNKNOWN;YES
TRX-1009670;2026-02-26;0,0;Vendor_29;Netherlands;YES
TRX-1009676;2026-01-27;358,17;UNKNOWN;UNKNOWN;YES
TRX-1009678;2026-08-06;0,0;Vendor_10;China;YES
TRX-1009682;2026-01-12;0,0;UNKNOWN;UNKNOWN;YES
TRX-1009683;2026-05-13;0,0;Vendor_7;China;YES
TRX-1009689;2026-04-28;0,0;Vendor_6;China;YES
TRX-1009694;2026-05-20;0,0;Vendor_50;Poland;YES
TRX-1009710;2026-03-20;0,0;Vendor_32;Germany;YES
TRX-1009724;2026-09-07;0,0;Vendor_16;Netherlands;YES
TRX-1009726;2026-07-08;0,0;Vendor_2;China;YES
TRX-1009729;2026-01-13;0,0;Vendor_36;Poland;YES
TRX-1009735;2026-08-02;672,7;UNKNOWN;UNKNOWN;YES
TRX-1009741;2026-05-30;245,77;UNKNOWN;UNKNOWN;YES
TRX-1009743;2026-04-11;0,0;Vendor_17;China;YES
TRX-1009762;2026-06-13;1233,38;UNKNOWN;UNKNOWN;YES
TRX-1009766;2026-02-01;1127,89;UNKNOWN;UNKNOWN;YES
TRX-1009773;2026-03-18;0,0;Vendor_33;Poland;YES
TRX-1009776;2026-03-17;1432,03;UNKNOWN;UNKNOWN;YES
TRX-1009780;2026-07-28;0,0;Vendor_28;Netherlands;YES
TRX-1009786;2026-09-08;0,0;Vendor_19;Netherlands;YES
TRX-1009799;2026-03-09;0,0;Vendor_11;Germany;YES
TRX-1009801;2026-02-19;0,0;Vendor_11;Germany;YES
TRX-1009806;2026-03-30;0,0;Vendor_35;Poland;YES
TRX-1009816;2026-05-01;0,0;Vendor_48;Netherlands;YES
TRX-1009817;2026-03-21;0,0;Vendor_11;Germany;YES
TRX-1009818;2026-05-08;0,0;Vendor_25;China;YES
TRX-1009819;2026-01-15;0,0;Vendor_25;China;YES
TRX-1009822;2026-03-19;1068,87;UNKNOWN;UNKNOWN;YES
TRX-1009825;2026-03-16;0,0;Vendor_18;China;YES
TRX-1009832;2026-08-08;612,86;UNKNOWN;UNKNOWN;YES
TRX-1009840;2026-07-05;0,0;UNKNOWN;UNKNOWN;YES
TRX-1009843;2026-07-29;0,0;Vendor_20;Netherlands;YES
TRX-1009849;2026-02-02;0,0;Vendor_34;China;YES
TRX-1009852;2026-01-25;0,0;Vendor_49;Poland;YES
TRX-1009854;2026-08-22;0,0;Vendor_20;Netherlands;YES
TRX-1009855;2026-05-22;0,0;Vendor_6;China;YES
TRX-1009880;2026-07-28;229,37;UNKNOWN;UNKNOWN;YES
TRX-1009882;2026-07-03;0,0;Vendor_18;China;YES
TRX-1009885;2026-07-08;1043,68;UNKNOWN;UNKNOWN;YES
TRX-1009886;2026-08-07;0,0;Vendor_13;Netherlands;YES
TRX-1009891;2026-08-22;0,0;Vendor_17;China;YES
TRX-1009913;2026-03-01;272,4;UNKNOWN;UNKNOWN;YES
TRX-1009929;2026-03-19;0,0;Vendor_26;Netherlands;YES
TRX-1009936;2026-06-05;1332,27;UNKNOWN;UNKNOWN;YES
TRX-1009937;2026-01-16;722,58;UNKNOWN;UNKNOWN;YES
TRX-1009943;2026-03-26;0,0;Vendor_26;Netherlands;YES
TRX-1009946;2026-07-12;0,0;Vendor_22;Germany;YES
TRX-1009947;2026-07-26;1302,96;UNKNOWN;UNKNOWN;YES
TRX-1009955;2026-01-26;0,0;Vendor_23;Poland;YES
TRX-1009962;2026-04-14;266,23;UNKNOWN;UNKNOWN;YES
TRX-1009969;;0,0;UNKNOWN;UNKNOWN;YES
TRX-1009972;2026-02-27;0,0;Vendor_15;Germany;YES
TRX-1009975;2026-03-23;0,0;Vendor_26;Netherlands;YES
TRX-1009979;2026-05-20;0,0;Vendor_11;Germany;YES
TRX-1009980;2026-03-16;0,0;Vendor_30;Netherlands;YES
TRX-1009983;2026-01-15;1353,85;UNKNOWN;UNKNOWN;YES
TRX-1009984;2026-08-02;0,0;Vendor_24;Germany;YES
TRX-1009998;2026-08-08;647,72;UNKNOWN;UNKNOWN;YES
TRX-1010002;2026-01-15;0,0;Vendor_49;Poland;YES
TRX-1010005;2026-04-22;0,0;Vendor_43;Netherlands;YES
TRX-1010006;2026-01-21;646,32;UNKNOWN;UNKNOWN;YES
TRX-1010017;2026-02-05;299,24;UNKNOWN;UNKNOWN;YES
TRX-1010020;2026-08-11;0,0;Vendor_23;Poland;YES
TRX-1010021;2026-07-23;0,0;Vendor_32;Germany;YES
TRX-1010035;2026-07-01;778,34;UNKNOWN;UNKNOWN;YES
TRX-1010039;2026-06-10;1331,97;UNKNOWN;UNKNOWN;YES
TRX-1010041;2026-05-27;0,0;Vendor_20;Netherlands;YES
TRX-1010053;2026-05-10;0,0;Vendor_11;Germany;YES
TRX-1010058;;617,81;UNKNOWN;UNKNOWN;YES
TRX-1010060;2026-04-25;0,0;Vendor_21;Germany;YES
TRX-1010077;2026-07-11;1449,7;UNKNOWN;UNKNOWN;YES
TRX-1010081;2026-01-01;0,0;Vendor_36;Poland;YES
TRX-1010082;2026-08-16;0,0;Vendor_12;Netherlands;YES
TRX-1010093;2026-04-20;0,0;UNKNOWN;UNKNOWN;YES
TRX-1010103;2026-06-02;0,0;Vendor_20;Netherlands;YES
TRX-1010112;2026-05-15;0,0;Vendor_50;Poland;YES
TRX-1010118;2026-07-08;0,0;Vendor_36;Poland;YES
TRX-1010120;2026-02-13;0,0;Vendor_41;Germany;YES
TRX-1010123;2026-08-16;1300,85;UNKNOWN;UNKNOWN;YES
TRX-1010132;2026-02-17;0,0;Vendor_41;Germany;YES
TRX-1010133;;123,54;UNKNOWN;UNKNOWN;YES
TRX-1010139;2026-06-24;0,0;Vendor_43;Netherlands;YES
TRX-1010140;2026-06-29;502,11;UNKNOWN;UNKNOWN;YES
TRX-1010141;2026-05-02;37,74;UNKNOWN;UNKNOWN;YES
TRX-1010149;2026-03-22;0,0;Vendor_1;Germany;YES
TRX-1010152;2026-01-15;1038,59;UNKNOWN;UNKNOWN;YES
TRX-1010160;2026-02-14;0,0;Vendor_40;China;YES
TRX-1010163;2026-08-21;416,79;UNKNOWN;UNKNOWN;YES
TRX-1010169;;880,41;UNKNOWN;UNKNOWN;YES
TRX-1010170;2026-05-19;1484,99;UNKNOWN;UNKNOWN;YES
TRX-1010178;2026-08-30;718,25;UNKNOWN;UNKNOWN;YES
TRX-1010182;2026-04-24;0,0;Vendor_2;China;YES
TRX-1010194;2026-07-29;0,0;Vendor_17;China;YES
TRX-1010196;2026-01-26;0,0;Vendor_50;Poland;YES
TRX-1010198;2026-04-06;0,0;Vendor_39;Poland;YES
TRX-1010203;2026-07-22;0,0;Vendor_25;China;YES
TRX-1010210;2026-03-20;0,0;Vendor_16;Netherlands;YES
TRX-1010218;2026-07-04;0,0;Vendor_49;Poland;YES
TRX-1010220;2026-05-02;0,0;Vendor_36;Poland;YES
TRX-1010226;2026-08-31;0,0;Vendor_27;Poland;YES
TRX-1010227;2026-04-22;0,0;Vendor_8;Germany;YES
TRX-1010239;2026-02-23;0,0;Vendor_8;Germany;YES
TRX-1010242;2026-01-19;202,2;UNKNOWN;UNKNOWN;YES
TRX-1010257;;794,89;UNKNOWN;UNKNOWN;YES
TRX-1010258;2026-04-11;1106,53;UNKNOWN;UNKNOWN;YES
TRX-1010268;2026-02-08;121,49;UNKNOWN;UNKNOWN;YES
TRX-1010270;2026-01-26;1470,29;UNKNOWN;UNKNOWN;YES
TRX-1010272;2026-04-16;1041,04;UNKNOWN;UNKNOWN;YES
TRX-1010275;2026-02-23;0,0;Vendor_3;Poland;YES
TRX-1010291;2026-08-26;0,0;Vendor_1;Germany;YES
TRX-1010308;2026-08-27;0,0;Vendor_8;Germany;YES
TRX-1010316;2026-04-24;0,0;Vendor_14;China;YES
TRX-1010330;2026-02-10;0,0;Vendor_47;Netherlands;YES
TRX-1010343;2026-04-11;0,0;Vendor_10;China;YES
TRX-1010355;2026-08-15;0,0;Vendor_25;China;YES
TRX-1010357;2026-06-15;0,0;Vendor_28;Netherlands;YES
TRX-1010371;2026-05-06;0,0;Vendor_34;China;YES
TRX-1010372;2026-06-24;694,66;UNKNOWN;UNKNOWN;YES
TRX-1010389;2026-04-18;0,0;Vendor_49;Poland;YES
TRX-1010391;2026-04-13;0,0;Vendor_32;Germany;YES
TRX-1010394;2026-05-22;0,0;Vendor_21;Germany;YES
TRX-1010395;2026-06-17;96,33;UNKNOWN;UNKNOWN;YES
TRX-1010398;2026-08-12;0,0;Vendor_22;Germany;YES
TRX-1010403;2026-08-31;0,0;UNKNOWN;UNKNOWN;YES
TRX-1010409;2026-02-10;0,0;Vendor_45;Poland;YES
TRX-1010413;2026-02-02;1472,28;UNKNOWN;UNKNOWN;YES
TRX-1010420;2026-01-20;1217,26;UNKNOWN;UNKNOWN;YES
TRX-1010434;2026-06-07;0,0;Vendor_1;Germany;YES
TRX-1010435;2026-04-23;0,0;Vendor_48;Netherlands;YES
TRX-1010449;2026-01-22;0,0;Vendor_9;China;YES
TRX-1010464;2026-08-07;0,0;Vendor_12;Netherlands;YES
TRX-1010471;2026-07-09;662,17;UNKNOWN;UNKNOWN;YES
TRX-1010473;2026-03-08;0,0;Vendor_10;China;YES
TRX-1010474;2026-04-01;0,0;Vendor_6;China;YES
TRX-1010476;2026-02-08;0,0;Vendor_36;Poland;YES
TRX-1010486;2026-04-05;0,0;Vendor_7;China;YES
TRX-1010487;2026-07-11;0,0;Vendor_39;Poland;YES
TRX-1010496;2026-01-15;0,0;Vendor_47;Netherlands;YES
TRX-1010500;2026-07-05;0,0;Vendor_29;Netherlands;YES
TRX-1010506;2026-02-18;1499,96;UNKNOWN;UNKNOWN;YES
TRX-1010515;2026-02-05;1205,99;UNKNOWN;UNKNOWN;YES
TRX-1010516;2026-07-30;0,0;Vendor_38;China;YES
TRX-1010517;2026-01-25;0,0;Vendor_3;Poland;YES
TRX-1010528;2026-05-27;0,0;UNKNOWN;UNKNOWN;YES
TRX-1010531;2026-01-13;0,0;Vendor_14;China;YES
TRX-1010533;2026-05-27;0,0;Vendor_41;Germany;YES
TRX-1010538;2026-01-16;0,0;Vendor_30;Netherlands;YES
TRX-1010544;2026-05-01;1330,07;UNKNOWN;UNKNOWN;YES
TRX-1010549;2026-01-05;0,0;Vendor_1;Germany;YES
TRX-1010559;2026-01-08;627,82;UNKNOWN;UNKNOWN;YES
TRX-1010561;2026-04-06;0,0;Vendor_33;Poland;YES
TRX-1010563;2026-02-04;0,0;Vendor_39;Poland;YES
TRX-1010566;2026-05-08;0,0;Vendor_20;Netherlands;YES
TRX-1010588;2026-03-27;0,0;Vendor_17;China;YES
TRX-1010589;2026-04-20;0,0;Vendor_50;Poland;YES
TRX-1010593;2026-07-09;0,0;Vendor_21;Germany;YES
TRX-1010599;2026-08-16;1496,2;UNKNOWN;UNKNOWN;YES
TRX-1010601;2026-04-26;0,0;Vendor_45;Poland;YES
TRX-1010609;2026-03-03;1074,06;UNKNOWN;UNKNOWN;YES
TRX-1010625;2026-02-21;515,44;UNKNOWN;UNKNOWN;YES
TRX-1010629;2026-08-19;0,0;Vendor_10;China;YES
TRX-1010636;2026-02-21;0,0;Vendor_5;Poland;YES
TRX-1010642;2026-06-08;49,8;UNKNOWN;UNKNOWN;YES
TRX-1010647;2026-06-20;0,0;Vendor_9;China;YES
TRX-1010650;2026-01-06;0,0;Vendor_12;Netherlands;YES
TRX-1010678;2026-01-12;0,0;Vendor_42;Germany;YES
TRX-1010688;2026-02-18;1280,05;UNKNOWN;UNKNOWN;YES
TRX-1010691;2026-02-04;0,0;Vendor_38;China;YES
TRX-1010694;2026-05-15;0,0;Vendor_13;Netherlands;YES
TRX-1010696;2026-05-01;0,0;Vendor_42;Germany;YES
TRX-1010704;2026-08-12;0,0;Vendor_20;Netherlands;YES
TRX-1010710;2026-08-23;0,0;Vendor_21;Germany;YES
TRX-1010720;2026-08-18;0,0;Vendor_21;Germany;YES
TRX-1010730;2026-07-08;0,0;Vendor_25;China;YES
TRX-1010735;2026-03-23;0,0;Vendor_6;China;YES
TRX-1010736;2026-03-02;431,28;UNKNOWN;UNKNOWN;YES
TRX-1010737;2026-08-09;1001,21;UNKNOWN;UNKNOWN;YES
TRX-1010747;2026-01-25;771,83;UNKNOWN;UNKNOWN;YES
TRX-1010751;2026-04-12;0,0;Vendor_5;Poland;YES
TRX-1010754;2026-01-02;468,19;UNKNOWN;UNKNOWN;YES
TRX-1010764;2026-02-19;0,0;Vendor_18;China;YES
TRX-1010776;2026-05-07;0,0;Vendor_30;Netherlands;YES
TRX-1010780;2026-06-28;0,0;Vendor_11;Germany;YES
TRX-1010782;2026-05-25;0,0;Vendor_45;Poland;YES
TRX-1010784;2026-07-16;1008,1;UNKNOWN;UNKNOWN;YES
TRX-1010789;2026-04-10;1229,04;UNKNOWN;UNKNOWN;YES
TRX-1010801;2026-07-18;798,85;UNKNOWN;UNKNOWN;YES
TRX-1010804;2026-08-27;634,69;UNKNOWN;UNKNOWN;YES
TRX-1010805;2026-06-04;525,35;UNKNOWN;UNKNOWN;YES
TRX-1010810;2026-07-10;0,0;Vendor_17;China;YES
TRX-1010826;2026-02-02;854,14;UNKNOWN;UNKNOWN;YES
TRX-1010835;2026-02-01;0,0;Vendor_20;Netherlands;YES
TRX-1010844;2026-02-26;0,0;Vendor_16;Netherlands;YES
TRX-1010848;2026-01-01;0,0;Vendor_45;Poland;YES
TRX-1010850;2026-07-17;1498,35;UNKNOWN;UNKNOWN;YES
TRX-1010856;2026-02-17;0,0;Vendor_19;Netherlands;YES
TRX-1010859;2026-01-11;1484,83;UNKNOWN;UNKNOWN;YES
TRX-1010861;2026-07-21;0,0;Vendor_11;Germany;YES
TRX-1010873;2026-04-07;0,0;Vendor_24;Germany;YES
TRX-1010876;2026-06-25;0,0;Vendor_15;Germany;YES
TRX-1010880;2026-03-28;0,0;Vendor_10;China;YES
TRX-1010902;2026-06-06;0,0;Vendor_28;Netherlands;YES
TRX-1010914;2026-05-24;134,44;UNKNOWN;UNKNOWN;YES
TRX-1010915;2026-04-14;0,0;Vendor_10;China;YES
TRX-1010940;2026-08-11;1163,25;UNKNOWN;UNKNOWN;YES
TRX-1010942;2026-07-31;1152,78;UNKNOWN;UNKNOWN;YES
TRX-1010943;2026-01-02;0,0;Vendor_19;Netherlands;YES
TRX-1010948;2026-01-28;0,0;Vendor_35;Poland;YES
TRX-1010955;2026-07-30;458,4;UNKNOWN;UNKNOWN;YES
TRX-1010965;2026-06-21;0,0;Vendor_28;Netherlands;YES
TRX-1010972;2026-01-27;0,0;Vendor_47;Netherlands;YES
TRX-1010990;2026-01-02;0,0;Vendor_19;Netherlands;YES
TRX-1010998;2026-07-11;1384,37;UNKNOWN;UNKNOWN;YES
TRX-1011001;2026-01-15;0,0;Vendor_3;Poland;YES
TRX-1011018;2026-09-04;0,0;Vendor_21;Germany;YES
TRX-1011027;2026-06-25;0,0;Vendor_21;Germany;YES
TRX-1011032;2026-04-10;0,0;Vendor_30;Netherlands;YES
TRX-1011033;2026-07-12;0,0;Vendor_45;Poland;YES
TRX-1011041;2026-06-22;0,0;Vendor_3;Poland;YES
TRX-1011049;2026-04-14;0,0;Vendor_27;Poland;YES
TRX-1011052;2026-09-04;238,81;UNKNOWN;UNKNOWN;YES
TRX-1011083;2026-02-24;0,0;Vendor_2;China;YES
TRX-1011085;2026-03-28;0,0;Vendor_29;Netherlands;YES
TRX-1011095;;0,0;Vendor_34;China;YES
TRX-1011097;2026-08-21;1182,23;UNKNOWN;UNKNOWN;YES
TRX-1011099;2026-07-17;1038,41;UNKNOWN;UNKNOWN;YES
TRX-1011107;2026-08-24;899,44;UNKNOWN;UNKNOWN;YES
TRX-1011120;2026-07-29;0,0;Vendor_40;China;YES
TRX-1011131;2026-03-06;726,21;UNKNOWN;UNKNOWN;YES
TRX-1011133;2026-09-01;0,0;Vendor_45;Poland;YES
TRX-1011141;2026-07-21;0,0;Vendor_37;China;YES
TRX-1011143;2026-09-02;0,0;Vendor_17;China;YES
TRX-1011153;2026-03-11;825,72;UNKNOWN;UNKNOWN;YES
TRX-1011154;2026-01-16;0,0;Vendor_22;Germany;YES
TRX-1011155;2026-02-10;485,77;UNKNOWN;UNKNOWN;YES
TRX-1011176;2026-09-08;0,0;Vendor_33;Poland;YES
TRX-1011186;2026-04-27;1410,37;UNKNOWN;UNKNOWN;YES
TRX-1011195;2026-06-06;0,0;Vendor_8;Germany;YES
TRX-1011198;2026-01-26;0,0;Vendor_33;Poland;YES
TRX-1011199;2026-05-05;0,0;Vendor_32;Germany;YES
TRX-1011204;;0,0;Vendor_8;Germany;YES
TRX-1011221;2026-01-23;0,0;Vendor_25;China;YES
TRX-1011228;2026-03-02;0,0;Vendor_28;Netherlands;YES
TRX-1011230;2026-08-16;0,0;Vendor_26;Netherlands;YES
TRX-1011233;2026-02-13;0,0;Vendor_21;Germany;YES
TRX-1011257;2026-07-10;0,0;Vendor_31;Netherlands;YES
TRX-1011272;2026-04-13;1160,61;UNKNOWN;UNKNOWN;YES
TRX-1011275;2026-01-27;0,0;Vendor_12;Netherlands;YES
TRX-1011276;2026-08-31;0,0;Vendor_6;China;YES
TRX-1011282;2026-07-15;0,0;Vendor_21;Germany;YES
TRX-1011298;2026-03-18;1128,49;UNKNOWN;UNKNOWN;YES
TRX-1011306;2026-04-09;0,0;Vendor_19;Netherlands;YES
TRX-1011312;2026-07-31;0,0;Vendor_25;China;YES
TRX-1011314;2026-03-13;0,0;Vendor_19;Netherlands;YES
TRX-1011321;2026-07-20;0,0;Vendor_37;China;YES
TRX-1011326;2026-04-29;1073,93;UNKNOWN;UNKNOWN;YES
TRX-1011339;2026-08-02;0,0;Vendor_1;Germany;YES
TRX-1011346;2026-03-05;379,05;UNKNOWN;UNKNOWN;YES
TRX-1011348;2026-04-17;721,82;UNKNOWN;UNKNOWN;YES
TRX-1011360;2026-03-14;1346,28;UNKNOWN;UNKNOWN;YES
TRX-1011382;2026-06-07;0,0;Vendor_49;Poland;YES
TRX-1011385;2026-05-27;0,0;Vendor_15;Germany;YES
TRX-1011388;2026-06-13;658,08;UNKNOWN;UNKNOWN;YES
TRX-1011394;;0,0;Vendor_42;Germany;YES
TRX-1011396;2026-03-18;0,0;Vendor_17;China;YES
TRX-1011397;2026-03-11;547,96;UNKNOWN;UNKNOWN;YES
TRX-1011400;2026-02-14;0,0;Vendor_48;Netherlands;YES
TRX-1011404;2026-06-26;1492,66;UNKNOWN;UNKNOWN;YES
TRX-1011410;2026-01-07;0,0;Vendor_42;Germany;YES
TRX-1011413;2026-02-06;0,0;Vendor_2;China;YES
TRX-1011425;;0,0;Vendor_10;China;YES
TRX-1011451;2026-08-12;0,0;Vendor_12;Netherlands;YES
TRX-1011452;2026-08-15;1135,27;UNKNOWN;UNKNOWN;YES
TRX-1011454;2026-03-27;0,0;Vendor_30;Netherlands;YES
TRX-1011457;2026-05-08;0,0;Vendor_21;Germany;YES
TRX-1011459;2026-09-05;0,0;Vendor_13;Netherlands;YES
TRX-1011461;2026-03-29;0,0;Vendor_32;Germany;YES
TRX-1011468;2026-07-08;0,0;Vendor_29;Netherlands;YES
TRX-1011481;2026-07-04;0,0;Vendor_14;China;YES
TRX-1011492;2026-07-27;0,0;Vendor_32;Germany;YES
TRX-1011503;2026-02-11;1477,14;UNKNOWN;UNKNOWN;YES
TRX-1011515;2026-08-04;0,0;Vendor_34;China;YES
TRX-1011516;2026-05-25;0,0;UNKNOWN;UNKNOWN;YES
TRX-1011524;2026-07-11;0,0;Vendor_35;Poland;YES
TRX-1011529;2026-06-24;0,0;Vendor_16;Netherlands;YES
TRX-1011531;2026-05-24;0,0;Vendor_10;China;YES
TRX-1011532;2026-05-29;0,0;Vendor_29;Netherlands;YES
TRX-1011533;2026-06-27;0,0;Vendor_45;Poland;YES
TRX-1011538;2026-07-19;0,0;Vendor_33;Poland;YES
TRX-1011544;2026-06-09;0,0;Vendor_3;Poland;YES
TRX-1011551;2026-03-31;672,42;UNKNOWN;UNKNOWN;YES
TRX-1011561;2026-06-19;0,0;Vendor_33;Poland;YES
TRX-1011586;2026-06-26;0,0;UNKNOWN;UNKNOWN;YES
TRX-1011596;2026-07-03;0,0;Vendor_48;Netherlands;YES
TRX-1011609;2026-03-31;161,75;UNKNOWN;UNKNOWN;YES
TRX-1011610;2026-04-22;0,0;Vendor_9;China;YES
TRX-1011623;2026-04-10;0,0;Vendor_35;Poland;YES
TRX-1011625;2026-01-24;1449,06;UNKNOWN;UNKNOWN;YES
TRX-1011632;2026-06-03;0,0;Vendor_45;Poland;YES
TRX-1011640;2026-03-01;0,0;Vendor_22;Germany;YES
TRX-1011650;2026-07-18;0,0;Vendor_13;Netherlands;YES
TRX-1011654;2026-01-11;355,96;UNKNOWN;UNKNOWN;YES
TRX-1011667;2026-04-26;1108,94;UNKNOWN;UNKNOWN;YES
TRX-1011671;2026-03-15;0,0;Vendor_2;China;YES
TRX-1011676;2026-07-01;0,0;Vendor_32;Germany;YES
TRX-1011682;2026-07-22;0,0;Vendor_27;Poland;YES
TRX-1011691;;0,0;Vendor_22;Germany;YES
TRX-1011693;2026-09-02;0,0;Vendor_2;China;YES
TRX-1011701;2026-01-11;0,0;Vendor_6;China;YES
TRX-1011705;2026-02-11;0,0;Vendor_4;Netherlands;YES
TRX-1011718;2026-02-16;0,0;Vendor_21;Germany;YES
TRX-1011719;2026-08-31;1384,57;UNKNOWN;UNKNOWN;YES
TRX-1011720;2026-03-05;0,0;Vendor_47;Netherlands;YES
TRX-1011723;2026-05-16;0,0;Vendor_48;Netherlands;YES
TRX-1011725;2026-02-09;0,0;Vendor_5;Poland;YES
TRX-1011739;2026-01-14;0,0;Vendor_42;Germany;YES
TRX-1011750;2026-06-19;104,46;UNKNOWN;UNKNOWN;YES
TRX-1011752;2026-08-08;0,0;Vendor_3;Poland;YES
TRX-1011754;2026-03-20;0,0;Vendor_21;Germany;YES
TRX-1011757;2026-03-29;0,0;Vendor_43;Netherlands;YES
TRX-1011759;2026-04-20;0,0;Vendor_40;China;YES
TRX-1011769;2026-02-03;0,0;Vendor_9;China;YES
TRX-1011770;2026-07-15;0,0;Vendor_33;Poland;YES
TRX-1011778;2026-04-30;1468,75;UNKNOWN;UNKNOWN;YES
TRX-1011782;2026-06-14;0,0;Vendor_31;Netherlands;YES
TRX-1011799;2026-02-12;0,0;Vendor_46;Poland;YES
TRX-1011801;2026-06-06;0,0;Vendor_45;Poland;YES
TRX-1011805;2026-06-28;103,16;UNKNOWN;UNKNOWN;YES
TRX-1011813;2026-02-27;0,0;Vendor_8;Germany;YES
TRX-1011816;2026-01-13;0,0;UNKNOWN;UNKNOWN;YES
TRX-1011819;2026-03-26;0,0;Vendor_7;China;YES
TRX-1011834;2026-09-05;0,0;Vendor_35;Poland;YES
TRX-1011851;2026-05-09;864,97;UNKNOWN;UNKNOWN;YES
TRX-1011853;2026-04-29;0,0;Vendor_32;Germany;YES
TRX-1011854;2026-09-05;0,0;Vendor_2;China;YES
TRX-1011856;2026-03-20;1186,37;UNKNOWN;UNKNOWN;YES
TRX-1011866;2026-01-30;0,0;Vendor_17;China;YES
TRX-1011872;;0,0;Vendor_40;China;YES
TRX-1011876;2026-05-24;741,02;UNKNOWN;UNKNOWN;YES
TRX-1011883;2026-06-05;594,28;UNKNOWN;UNKNOWN;YES
TRX-1011884;2026-02-05;0,0;Vendor_25;China;YES
TRX-1011886;2026-03-22;1136,24;UNKNOWN;UNKNOWN;YES
TRX-1011900;2026-03-04;732,87;UNKNOWN;UNKNOWN;YES
TRX-1011912;2026-08-11;358,64;UNKNOWN;UNKNOWN;YES
TRX-1011940;2026-08-08;0,0;Vendor_41;Germany;YES
TRX-1011944;2026-08-13;0,0;Vendor_12;Netherlands;YES
TRX-1011945;2026-04-03;0,0;Vendor_38;China;YES
TRX-1011946;2026-03-16;0,0;Vendor_8;Germany;YES
TRX-1011947;2026-01-21;0,0;Vendor_50;Poland;YES
TRX-1011957;2026-01-12;0,0;Vendor_46;Poland;YES
TRX-1011968;2026-08-24;367,04;UNKNOWN;UNKNOWN;YES
TRX-1011975;2026-07-05;0,0;Vendor_5;Poland;YES
TRX-1011993;2026-03-05;0,0;Vendor_20;Netherlands;YES
TRX-1011995;2026-07-26;0,0;Vendor_33;Poland;YES
TRX-1011998;2026-05-25;1290,1;UNKNOWN;UNKNOWN;YES
TRX-1012001;2026-04-01;0,0;Vendor_27;Poland;YES
TRX-1012027;2026-07-23;804,21;UNKNOWN;UNKNOWN;YES
TRX-1012032;2026-07-11;0,0;Vendor_1;Germany;YES
TRX-1012033;2026-06-13;0,0;Vendor_41;Germany;YES
TRX-1012034;2026-01-13;0,0;Vendor_29;Netherlands;YES
TRX-1012037;2026-04-21;1200,5;UNKNOWN;UNKNOWN;YES
TRX-1012050;2026-01-31;543,5;UNKNOWN;UNKNOWN;YES
TRX-1012060;2026-08-09;0,0;Vendor_16;Netherlands;YES
TRX-1012073;2026-04-14;0,0;Vendor_35;Poland;YES
TRX-1012085;2026-03-30;0,0;Vendor_46;Poland;YES
TRX-1012092;;0,0;Vendor_21;Germany;YES
TRX-1012096;2026-06-19;1037,52;UNKNOWN;UNKNOWN;YES
TRX-1012107;;1301,4;UNKNOWN;UNKNOWN;YES
TRX-1012110;2026-04-22;115,76;UNKNOWN;UNKNOWN;YES
TRX-1012114;2026-09-02;462,86;UNKNOWN;UNKNOWN;YES
TRX-1012117;2026-03-28;0,0;Vendor_17;China;YES
TRX-1012124;2026-03-01;374,96;UNKNOWN;UNKNOWN;YES
TRX-1012131;2026-09-07;73,18;UNKNOWN;UNKNOWN;YES
TRX-1012132;2026-04-09;0,0;Vendor_35;Poland;YES
TRX-1012140;2026-06-13;0,0;Vendor_30;Netherlands;YES
TRX-1012160;2026-02-21;0,0;Vendor_5;Poland;YES
TRX-1012163;2026-07-09;0,0;Vendor_50;Poland;YES
TRX-1012166;2026-05-12;835,78;UNKNOWN;UNKNOWN;YES
TRX-1012176;2026-06-08;0,0;Vendor_19;Netherlands;YES
TRX-1012185;2026-08-25;0,0;Vendor_37;China;YES
TRX-1012193;2026-01-14;1022,02;UNKNOWN;UNKNOWN;YES
TRX-1012194;2026-01-06;877,23;UNKNOWN;UNKNOWN;YES
TRX-1012196;2026-08-04;0,0;Vendor_22;Germany;YES
TRX-1012198;2026-01-24;0,0;Vendor_5;Poland;YES
TRX-1012221;2026-09-05;0,0;UNKNOWN;UNKNOWN;YES
TRX-1012226;2026-07-10;0,0;Vendor_43;Netherlands;YES
TRX-1012227;2026-06-15;1284,85;UNKNOWN;UNKNOWN;YES
TRX-1012231;2026-02-07;359,62;UNKNOWN;UNKNOWN;YES
TRX-1012232;2026-03-19;621,21;UNKNOWN;UNKNOWN;YES
TRX-1012238;2026-06-22;1010,48;UNKNOWN;UNKNOWN;YES
TRX-1012242;2026-01-10;0,0;Vendor_5;Poland;YES
TRX-1012257;2026-08-17;838,25;UNKNOWN;UNKNOWN;YES
TRX-1012261;2026-08-18;0,0;Vendor_25;China;YES
TRX-1012290;2026-01-20;0,0;Vendor_27;Poland;YES
TRX-1012292;2026-05-02;98,47;UNKNOWN;UNKNOWN;YES
TRX-1012302;2026-06-26;710,84;UNKNOWN;UNKNOWN;YES
TRX-1012312;2026-04-22;0,0;Vendor_45;Poland;YES
TRX-1012313;2026-07-06;0,0;Vendor_10;China;YES
TRX-1012331;2026-02-19;0,0;Vendor_11;Germany;YES
TRX-1012341;2026-01-28;0,0;Vendor_23;Poland;YES
TRX-1012343;2026-06-15;0,0;Vendor_45;Poland;YES
TRX-1012347;2026-07-01;0,0;Vendor_48;Netherlands;YES
TRX-1012349;2026-03-13;816,66;UNKNOWN;UNKNOWN;YES
TRX-1012350;2026-05-29;0,0;Vendor_37;China;YES
TRX-1012360;2026-07-22;0,0;UNKNOWN;UNKNOWN;YES
TRX-1012369;2026-02-23;0,0;Vendor_45;Poland;YES
TRX-1012372;2026-06-28;0,0;Vendor_45;Poland;YES
TRX-1012376;2026-08-10;0,0;Vendor_43;Netherlands;YES
TRX-1012387;2026-04-01;0,0;UNKNOWN;UNKNOWN;YES
TRX-1012392;2026-05-06;0,0;Vendor_27;Poland;YES
TRX-1012395;2026-01-17;0,0;Vendor_11;Germany;YES
TRX-1012402;2026-07-02;0,0;Vendor_45;Poland;YES
TRX-1012406;2026-01-19;0,0;Vendor_30;Netherlands;YES
TRX-1012410;2026-01-13;1223,7;UNKNOWN;UNKNOWN;YES
TRX-1012422;;539,89;UNKNOWN;UNKNOWN;YES
TRX-1012444;2026-01-22;0,0;Vendor_38;China;YES
TRX-1012452;2026-04-04;567,8;UNKNOWN;UNKNOWN;YES
TRX-1012462;2026-04-08;367,91;UNKNOWN;UNKNOWN;YES
TRX-1012473;2026-02-10;0,0;Vendor_33;Poland;YES
TRX-1012474;2026-03-25;0,0;Vendor_35;Poland;YES
TRX-1012494;2026-01-02;0,0;Vendor_34;China;YES
TRX-1012498;2026-02-12;0,0;Vendor_11;Germany;YES
TRX-1012501;2026-07-06;817,85;UNKNOWN;UNKNOWN;YES
TRX-1012507;2026-08-29;209,59;UNKNOWN;UNKNOWN;YES
TRX-1012512;2026-07-01;0,0;Vendor_41;Germany;YES
TRX-1012522;2026-02-22;0,0;Vendor_3;Poland;YES
TRX-1012562;2026-01-20;0,0;Vendor_24;Germany;YES
TRX-1012572;2026-03-30;77,06;UNKNOWN;UNKNOWN;YES
TRX-1012574;2026-06-09;0,0;Vendor_24;Germany;YES
TRX-1012577;2026-06-28;125,56;UNKNOWN;UNKNOWN;YES
TRX-1012592;2026-01-14;0,0;Vendor_21;Germany;YES
TRX-1012603;2026-06-06;0,0;Vendor_10;China;YES
TRX-1012611;2026-03-31;0,0;Vendor_32;Germany;YES
TRX-1012620;2026-05-06;0,0;Vendor_36;Poland;YES
TRX-1012626;2026-01-21;786,46;UNKNOWN;UNKNOWN;YES
TRX-1012630;2026-05-07;19,72;UNKNOWN;UNKNOWN;YES
TRX-1012641;2026-07-13;0,0;Vendor_3;Poland;YES
TRX-1012647;2026-08-23;0,0;Vendor_50;Poland;YES
TRX-1012661;2026-04-27;386,31;UNKNOWN;UNKNOWN;YES
TRX-1012664;2026-05-03;0,0;Vendor_36;Poland;YES
TRX-1012667;2026-04-23;665,2;UNKNOWN;UNKNOWN;YES
TRX-1012669;2026-03-20;0,0;Vendor_50;Poland;YES
TRX-1012677;2026-04-30;0,0;Vendor_14;China;YES
TRX-1012680;2026-04-28;241,58;UNKNOWN;UNKNOWN;YES
TRX-1012681;2026-04-30;0,0;Vendor_38;China;YES
TRX-1012688;2026-04-04;0,0;Vendor_39;Poland;YES
TRX-1012691;2026-02-11;185,42;UNKNOWN;UNKNOWN;YES
TRX-1012693;2026-01-02;194,84;UNKNOWN;UNKNOWN;YES
TRX-1012704;2026-06-29;0,0;Vendor_26;Netherlands;YES
TRX-1012721;2026-03-07;1367,39;UNKNOWN;UNKNOWN;YES
TRX-1012725;2026-07-11;0,0;Vendor_31;Netherlands;YES
TRX-1012731;2026-01-30;0,0;Vendor_50;Poland;YES
TRX-1012734;2026-03-07;1094,5;UNKNOWN;UNKNOWN;YES
TRX-1012742;2026-06-22;1456,15;UNKNOWN;UNKNOWN;YES
TRX-1012744;2026-06-14;0,0;Vendor_34;China;YES
TRX-1012745;2026-07-29;0,0;Vendor_11;Germany;YES
TRX-1012756;2026-01-09;757,4;UNKNOWN;UNKNOWN;YES
TRX-1012757;2026-06-06;0,0;Vendor_9;China;YES
TRX-1012765;2026-07-08;0,0;Vendor_27;Poland;YES
TRX-1012775;;257,16;UNKNOWN;UNKNOWN;YES
TRX-1012779;2026-03-22;1147,25;UNKNOWN;UNKNOWN;YES
TRX-1012784;2026-04-25;0,0;Vendor_16;Netherlands;YES
TRX-1012796;2026-02-28;283,26;UNKNOWN;UNKNOWN;YES
TRX-1012811;2026-01-30;0,0;Vendor_43;Netherlands;YES
TRX-1012824;2026-08-05;0,0;Vendor_11;Germany;YES
TRX-1012825;2026-07-31;0,0;Vendor_32;Germany;YES
TRX-1012830;2026-04-09;0,0;Vendor_42;Germany;YES
TRX-1012835;2026-01-10;0,0;Vendor_32;Germany;YES
TRX-1012841;2026-02-05;0,0;Vendor_28;Netherlands;YES
TRX-1012849;2026-05-14;472,14;UNKNOWN;UNKNOWN;YES
TRX-1012856;;0,0;Vendor_39;Poland;YES
TRX-1012866;2026-06-16;0,0;Vendor_28;Netherlands;YES
TRX-1012869;2026-07-06;378,39;UNKNOWN;UNKNOWN;YES
TRX-1012884;2026-02-09;959,3;UNKNOWN;UNKNOWN;YES
TRX-1012890;2026-07-28;0,0;Vendor_5;Poland;YES
TRX-1012892;2026-01-16;0,0;Vendor_42;Germany;YES
TRX-1012893;2026-03-24;0,0;Vendor_23;Poland;YES
TRX-1012897;2026-02-10;0,0;Vendor_6;China;YES
TRX-1012905;2026-01-26;0,0;Vendor_14;China;YES
TRX-1012918;2026-01-05;924,51;UNKNOWN;UNKNOWN;YES
TRX-1012924;2026-03-19;0,0;Vendor_34;China;YES
TRX-1012936;2026-02-18;221,84;UNKNOWN;UNKNOWN;YES
TRX-1012949;2026-01-02;0,0;Vendor_38;China;YES
TRX-1012959;2026-04-20;0,0;Vendor_22;Germany;YES
TRX-1012961;2026-06-30;0,0;Vendor_31;Netherlands;YES
TRX-1012967;2026-07-27;1388,85;UNKNOWN;UNKNOWN;YES
TRX-1012968;2026-06-26;487,94;UNKNOWN;UNKNOWN;YES
TRX-1012970;2026-07-30;419,46;UNKNOWN;UNKNOWN;YES
TRX-1012976;2026-03-07;0,0;Vendor_23;Poland;YES
TRX-1013005;2026-03-13;0,0;Vendor_21;Germany;YES
TRX-1013006;2026-08-27;0,0;Vendor_25;China;YES
TRX-1013009;2026-01-11;459,49;UNKNOWN;UNKNOWN;YES
TRX-1013010;2026-08-16;0,0;Vendor_16;Netherlands;YES
TRX-1013012;2026-06-30;0,0;Vendor_40;China;YES
TRX-1013014;2026-08-25;0,0;Vendor_35;Poland;YES
TRX-1013016;2026-08-12;0,0;Vendor_8;Germany;YES
TRX-1013017;2026-06-07;967,71;UNKNOWN;UNKNOWN;YES
TRX-1013025;2026-03-22;641,28;UNKNOWN;UNKNOWN;YES
TRX-1013027;2026-05-22;0,0;Vendor_10;China;YES
TRX-1013031;2026-06-02;0,0;Vendor_5;Poland;YES
TRX-1013045;2026-01-19;0,0;Vendor_27;Poland;YES
TRX-1013052;2026-08-23;0,0;Vendor_49;Poland;YES
TRX-1013056;2026-05-31;0,0;Vendor_22;Germany;YES
TRX-1013070;2026-04-14;0,0;Vendor_11;Germany;YES
TRX-1013074;2026-05-13;0,0;Vendor_3;Poland;YES
TRX-1013086;2026-06-01;927,06;UNKNOWN;UNKNOWN;YES
TRX-1013097;2026-02-01;0,0;UNKNOWN;UNKNOWN;YES
TRX-1013105;2026-04-01;0,0;Vendor_46;Poland;YES
TRX-1013117;2026-05-14;0,0;Vendor_9;China;YES
TRX-1013122;2026-01-09;0,0;Vendor_1;Germany;YES
TRX-1013126;2026-06-12;0,0;Vendor_44;Poland;YES
TRX-1013132;2026-08-17;0,0;Vendor_43;Netherlands;YES
TRX-1013135;2026-01-31;833,78;UNKNOWN;UNKNOWN;YES
TRX-1013153;2026-02-04;0,0;Vendor_29;Netherlands;YES
TRX-1013159;2026-05-26;0,0;Vendor_27;Poland;YES
TRX-1013160;2026-07-17;0,0;Vendor_31;Netherlands;YES
TRX-1013177;2026-04-11;1227,68;UNKNOWN;UNKNOWN;YES
TRX-1013178;2026-07-12;0,0;Vendor_3;Poland;YES
TRX-1013179;2026-02-05;0,0;Vendor_13;Netherlands;YES
TRX-1013190;2026-01-05;0,0;Vendor_29;Netherlands;YES
TRX-1013205;2026-01-20;1096,92;UNKNOWN;UNKNOWN;YES
TRX-1013206;2026-04-13;0,0;Vendor_17;China;YES
TRX-1013207;2026-03-09;1049,63;UNKNOWN;UNKNOWN;YES
TRX-1013211;2026-09-01;0,0;UNKNOWN;UNKNOWN;YES
TRX-1013216;2026-03-07;0,0;Vendor_3;Poland;YES
TRX-1013217;2026-08-02;0,0;Vendor_19;Netherlands;YES
TRX-1013223;2026-03-26;173,66;UNKNOWN;UNKNOWN;YES
TRX-1013234;2026-04-20;0,0;Vendor_14;China;YES
TRX-1013236;2026-08-07;0,0;Vendor_29;Netherlands;YES
TRX-1013239;2026-05-17;0,0;Vendor_47;Netherlands;YES
TRX-1013247;2026-05-04;0,0;Vendor_38;China;YES
TRX-1013250;2026-03-03;0,0;Vendor_6;China;YES
TRX-1013252;2026-03-19;0,0;Vendor_5;Poland;YES
TRX-1013254;2026-08-28;0,0;Vendor_45;Poland;YES
TRX-1013255;2026-06-17;0,0;Vendor_8;Germany;YES
TRX-1013259;2026-06-19;0,0;Vendor_1;Germany;YES
TRX-1013262;2026-06-27;0,0;UNKNOWN;UNKNOWN;YES
TRX-1013270;2026-02-22;0,0;Vendor_33;Poland;YES
TRX-1013273;2026-01-04;0,0;Vendor_13;Netherlands;YES
TRX-1013275;2026-08-05;0,0;Vendor_11;Germany;YES
TRX-1013276;2026-02-15;1488,92;UNKNOWN;UNKNOWN;YES
TRX-1013277;2026-05-10;0,0;Vendor_39;Poland;YES
TRX-1013291;2026-08-19;0,0;Vendor_27;Poland;YES
TRX-1013295;2026-06-20;0,0;Vendor_11;Germany;YES
TRX-1013297;2026-08-31;0,0;Vendor_35;Poland;YES
TRX-1013301;2026-06-09;0,0;Vendor_5;Poland;YES
TRX-1013302;2026-04-20;0,0;Vendor_23;Poland;YES
TRX-1013304;2026-06-04;0,0;Vendor_15;Germany;YES
TRX-1013306;2026-08-16;0,0;Vendor_8;Germany;YES
TRX-1013326;2026-04-08;0,0;Vendor_21;Germany;YES
TRX-1013329;2026-01-04;727,08;UNKNOWN;UNKNOWN;YES
TRX-1013334;2026-01-31;495,69;UNKNOWN;UNKNOWN;YES
TRX-1013335;2026-02-25;0,0;Vendor_12;Netherlands;YES
TRX-1013341;2026-08-03;0,0;Vendor_40;China;YES
TRX-1013342;2026-06-06;0,0;Vendor_29;Netherlands;YES
TRX-1013344;2026-07-12;0,0;Vendor_6;China;YES
TRX-1013356;2026-01-22;0,0;Vendor_17;China;YES
TRX-1013357;2026-06-01;45,89;UNKNOWN;UNKNOWN;YES
TRX-1013377;2026-04-02;973,96;UNKNOWN;UNKNOWN;YES
TRX-1013394;2026-01-11;248,12;UNKNOWN;UNKNOWN;YES
TRX-1013395;2026-01-16;0,0;Vendor_43;Netherlands;YES
TRX-1013413;2026-04-20;0,0;Vendor_27;Poland;YES
TRX-1013416;2026-08-14;1001,18;UNKNOWN;UNKNOWN;YES
TRX-1013422;2026-06-25;0,0;Vendor_17;China;YES
TRX-1013424;2026-07-30;0,0;Vendor_40;China;YES
TRX-1013441;2026-06-18;1456,26;UNKNOWN;UNKNOWN;YES
TRX-1013443;2026-05-15;761,82;UNKNOWN;UNKNOWN;YES
TRX-1013447;2026-04-04;0,0;Vendor_40;China;YES
TRX-1013456;2026-07-28;0,0;Vendor_9;China;YES
TRX-1013474;2026-02-13;1214,99;UNKNOWN;UNKNOWN;YES
TRX-1013477;2026-02-07;0,0;Vendor_29;Netherlands;YES
TRX-1013480;2026-01-02;0,0;Vendor_45;Poland;YES
TRX-1013493;2026-01-13;0,0;Vendor_17;China;YES
TRX-1013498;2026-01-27;1296,14;UNKNOWN;UNKNOWN;YES
TRX-1013505;2026-04-21;0,0;Vendor_6;China;YES
TRX-1013506;2026-08-19;0,0;Vendor_37;China;YES
TRX-1013528;2026-05-22;0,0;Vendor_40;China;YES
TRX-1013537;2026-07-08;911,62;UNKNOWN;UNKNOWN;YES
TRX-1013539;2026-09-06;0,0;Vendor_22;Germany;YES
TRX-1013541;2026-09-08;381,74;UNKNOWN;UNKNOWN;YES
TRX-1013542;2026-08-26;0,0;Vendor_48;Netherlands;YES
TRX-1013543;2026-06-20;1283,47;UNKNOWN;UNKNOWN;YES
TRX-1013544;2026-04-28;0,0;Vendor_28;Netherlands;YES
TRX-1013547;2026-03-15;0,0;Vendor_17;China;YES
TRX-1013555;2026-03-23;1491,66;UNKNOWN;UNKNOWN;YES
TRX-1013557;2026-06-24;0,0;UNKNOWN;UNKNOWN;YES
TRX-1013560;2026-01-26;0,0;Vendor_46;Poland;YES
TRX-1013566;2026-05-18;0,0;Vendor_50;Poland;YES
TRX-1013568;2026-02-26;0,0;Vendor_29;Netherlands;YES
TRX-1013570;2026-07-29;0,0;Vendor_10;China;YES
TRX-1013590;2026-02-16;0,0;Vendor_9;China;YES
TRX-1013591;2026-06-03;0,0;Vendor_20;Netherlands;YES
TRX-1013602;2026-06-15;0,0;Vendor_43;Netherlands;YES
TRX-1013614;2026-02-09;0,0;Vendor_49;Poland;YES
TRX-1013621;2026-05-09;323,42;UNKNOWN;UNKNOWN;YES
TRX-1013629;2026-07-23;187,7;UNKNOWN;UNKNOWN;YES
TRX-1013630;2026-03-24;1370,67;UNKNOWN;UNKNOWN;YES
TRX-1013661;2026-02-15;348,04;UNKNOWN;UNKNOWN;YES
TRX-1013668;2026-09-01;0,0;Vendor_38;China;YES
TRX-1013686;2026-04-26;261,5;UNKNOWN;UNKNOWN;YES
TRX-1013692;2026-09-02;1338,65;UNKNOWN;UNKNOWN;YES
TRX-1013722;2026-02-23;0,0;Vendor_46;Poland;YES
TRX-1013728;2026-03-01;1463,69;UNKNOWN;UNKNOWN;YES
TRX-1013737;2026-04-23;577,72;UNKNOWN;UNKNOWN;YES
TRX-1013741;2026-02-17;0,0;Vendor_50;Poland;YES
TRX-1013743;2026-04-17;1152,1;UNKNOWN;UNKNOWN;YES
TRX-1013749;2026-07-28;626,27;UNKNOWN;UNKNOWN;YES
TRX-1013759;2026-08-04;0,0;Vendor_39;Poland;YES
TRX-1013760;2026-02-26;1162,19;UNKNOWN;UNKNOWN;YES
TRX-1013764;2026-07-15;359,65;UNKNOWN;UNKNOWN;YES
TRX-1013773;2026-05-19;271,02;UNKNOWN;UNKNOWN;YES
TRX-1013777;2026-07-02;0,0;Vendor_24;Germany;YES
TRX-1013783;2026-04-03;0,0;Vendor_21;Germany;YES
TRX-1013796;2026-04-30;0,0;Vendor_45;Poland;YES
TRX-1013808;2026-03-20;0,0;Vendor_44;Poland;YES
TRX-1013810;2026-08-13;0,0;Vendor_4;Netherlands;YES
TRX-1013818;2026-07-10;1090,32;UNKNOWN;UNKNOWN;YES
TRX-1013825;2026-09-03;0,0;Vendor_24;Germany;YES
TRX-1013828;2026-09-05;0,0;Vendor_45;Poland;YES
TRX-1013831;2026-03-08;0,0;Vendor_16;Netherlands;YES
TRX-1013843;2026-03-09;758,09;UNKNOWN;UNKNOWN;YES
TRX-1013844;2026-02-04;0,0;Vendor_38;China;YES
TRX-1013849;2026-03-12;231,88;UNKNOWN;UNKNOWN;YES
TRX-1013863;2026-06-20;0,0;Vendor_16;Netherlands;YES
TRX-1013864;2026-06-21;698,81;UNKNOWN;UNKNOWN;YES
TRX-1013865;2026-01-04;0,0;Vendor_7;China;YES
TRX-1013866;2026-01-04;0,0;Vendor_41;Germany;YES
TRX-1013875;2026-08-21;646,81;UNKNOWN;UNKNOWN;YES
TRX-1013880;2026-03-05;0,0;Vendor_22;Germany;YES
TRX-1013887;2026-08-25;1373,51;UNKNOWN;UNKNOWN;YES
TRX-1013907;2026-04-15;0,0;Vendor_50;Poland;YES
TRX-1013915;2026-05-28;0,0;Vendor_46;Poland;YES
TRX-1013922;2026-03-05;0,0;Vendor_38;China;YES
TRX-1013943;2026-02-17;0,0;Vendor_33;Poland;YES
TRX-1013946;2026-06-06;0,0;Vendor_35;Poland;YES
TRX-1013952;2026-08-13;0,0;Vendor_15;Germany;YES
TRX-1013960;2026-01-21;0,0;Vendor_39;Poland;YES
TRX-1013979;2026-08-14;365,5;UNKNOWN;UNKNOWN;YES
TRX-1013987;2026-04-03;0,0;Vendor_49;Poland;YES
TRX-1013991;2026-09-06;984,45;UNKNOWN;UNKNOWN;YES
TRX-1013993;2026-02-03;0,0;Vendor_10;China;YES
TRX-1013998;2026-08-22;1263,11;UNKNOWN;UNKNOWN;YES
TRX-1014008;2026-06-05;553,79;UNKNOWN;UNKNOWN;YES
TRX-1014014;2026-01-30;0,0;Vendor_45;Poland;YES
TRX-1014022;2026-07-10;1291,16;UNKNOWN;UNKNOWN;YES
TRX-1014027;2026-06-24;0,0;Vendor_24;Germany;YES
TRX-1014030;2026-06-13;0,0;Vendor_21;Germany;YES
TRX-1014032;2026-03-19;1015,52;UNKNOWN;UNKNOWN;YES
TRX-1014048;2026-07-14;0,0;Vendor_31;Netherlands;YES
TRX-1014065;2026-07-14;1112,21;UNKNOWN;UNKNOWN;YES
TRX-1014067;2026-05-24;0,0;Vendor_41;Germany;YES
TRX-1014074;2026-05-25;1071,39;UNKNOWN;UNKNOWN;YES
TRX-1014097;2026-06-28;0,0;Vendor_7;China;YES
TRX-1014107;2026-08-24;698,05;UNKNOWN;UNKNOWN;YES
TRX-1014108;2026-05-14;0,0;Vendor_15;Germany;YES
TRX-1014111;2026-05-05;0,0;Vendor_5;Poland;YES
TRX-1014136;2026-05-19;0,0;Vendor_20;Netherlands;YES
TRX-1014145;2026-01-11;0,0;Vendor_11;Germany;YES
TRX-1014149;2026-03-30;0,0;Vendor_26;Netherlands;YES
TRX-1014150;2026-01-26;1391,12;UNKNOWN;UNKNOWN;YES
TRX-1014155;2026-07-18;0,0;Vendor_24;Germany;YES
TRX-1014158;2026-01-15;438,74;UNKNOWN;UNKNOWN;YES
TRX-1014164;2026-08-29;205,23;UNKNOWN;UNKNOWN;YES
TRX-1014174;2026-03-22;0,0;Vendor_49;Poland;YES
TRX-1014178;2026-01-20;1070,61;UNKNOWN;UNKNOWN;YES
TRX-1014179;2026-01-11;0,0;Vendor_45;Poland;YES
TRX-1014192;2026-01-02;0,0;Vendor_19;Netherlands;YES
TRX-1014198;2026-08-15;0,0;Vendor_14;China;YES
TRX-1014199;2026-02-23;0,0;Vendor_42;Germany;YES
TRX-1014206;;0,0;Vendor_7;China;YES
TRX-1014217;2026-08-25;448,59;UNKNOWN;UNKNOWN;YES
TRX-1014230;2026-06-06;1156,25;UNKNOWN;UNKNOWN;YES
TRX-1014251;2026-08-05;0,0;UNKNOWN;UNKNOWN;YES
TRX-1014259;2026-08-07;0,0;Vendor_8;Germany;YES
TRX-1014266;2026-01-23;1284,81;UNKNOWN;UNKNOWN;YES
TRX-1014277;2026-05-24;0,0;UNKNOWN;UNKNOWN;YES
TRX-1014278;2026-04-18;0,0;Vendor_24;Germany;YES
TRX-1014285;2026-06-09;0,0;Vendor_50;Poland;YES
TRX-1014287;2026-04-06;100,85;UNKNOWN;UNKNOWN;YES
TRX-1014290;2026-03-04;0,0;Vendor_41;Germany;YES
TRX-1014300;2026-04-18;0,0;Vendor_45;Poland;YES
TRX-1014303;2026-01-13;0,0;Vendor_20;Netherlands;YES
TRX-1014305;2026-07-18;0,0;Vendor_22;Germany;YES
TRX-1014311;;0,0;Vendor_38;China;YES
TRX-1014312;2026-01-23;0,0;Vendor_48;Netherlands;YES
TRX-1014320;2026-03-11;0,0;Vendor_50;Poland;YES
TRX-1014321;2026-01-21;714,28;UNKNOWN;UNKNOWN;YES
TRX-1014325;2026-03-10;0,0;Vendor_41;Germany;YES
TRX-1014332;2026-06-22;1392,42;UNKNOWN;UNKNOWN;YES
TRX-1014336;2026-05-12;0,0;UNKNOWN;UNKNOWN;YES
TRX-1014342;2026-03-12;44,66;UNKNOWN;UNKNOWN;YES
TRX-1014343;2026-03-14;0,0;Vendor_30;Netherlands;YES
TRX-1014347;2026-07-31;0,0;Vendor_16;Netherlands;YES
TRX-1014352;2026-07-09;564,05;UNKNOWN;UNKNOWN;YES
TRX-1014355;2026-08-24;644,96;UNKNOWN;UNKNOWN;YES
TRX-1014359;2026-04-26;0,0;Vendor_25;China;YES
TRX-1014362;2026-01-19;655,7;UNKNOWN;UNKNOWN;YES
TRX-1014371;2026-06-27;0,0;Vendor_13;Netherlands;YES
TRX-1014395;2026-01-22;1499,6;UNKNOWN;UNKNOWN;YES
TRX-1014400;2026-04-02;0,0;Vendor_20;Netherlands;YES
TRX-1014404;2026-09-03;891,85;UNKNOWN;UNKNOWN;YES
TRX-1014413;2026-03-23;0,0;Vendor_30;Netherlands;YES
TRX-1014416;2026-05-05;0,0;Vendor_47;Netherlands;YES
TRX-1014437;2026-03-17;0,0;Vendor_37;China;YES
TRX-1014438;2026-08-13;190,21;UNKNOWN;UNKNOWN;YES
TRX-1014443;2026-03-11;0,0;Vendor_45;Poland;YES
TRX-1014448;;0,0;Vendor_28;Netherlands;YES
TRX-1014469;2026-08-18;0,0;Vendor_20;Netherlands;YES
TRX-1014472;2026-07-06;0,0;Vendor_36;Poland;YES
TRX-1014476;2026-06-23;341,41;UNKNOWN;UNKNOWN;YES
TRX-1014477;2026-01-07;0,0;Vendor_34;China;YES
TRX-1014490;2026-01-24;0,0;Vendor_24;Germany;YES
TRX-1014491;2026-08-02;54,19;UNKNOWN;UNKNOWN;YES
TRX-1014496;2026-04-27;0,0;Vendor_38;China;YES
TRX-1014505;2026-04-06;161,81;UNKNOWN;UNKNOWN;YES
TRX-1014535;2026-04-18;0,0;Vendor_23;Poland;YES
TRX-1014538;2026-09-08;0,0;Vendor_5;Poland;YES
TRX-1014546;2026-07-15;0,0;Vendor_47;Netherlands;YES
TRX-1014549;2026-04-14;873,08;UNKNOWN;UNKNOWN;YES
TRX-1014557;2026-06-17;0,0;Vendor_31;Netherlands;YES
TRX-1014567;2026-08-23;279,3;UNKNOWN;UNKNOWN;YES
TRX-1014575;2026-04-05;644,04;UNKNOWN;UNKNOWN;YES
TRX-1014578;2026-08-27;0,0;Vendor_34;China;YES
TRX-1014589;;0,0;Vendor_31;Netherlands;YES
TRX-1014596;2026-08-11;0,0;Vendor_5;Poland;YES
TRX-1014604;2026-02-09;552,35;UNKNOWN;UNKNOWN;YES
TRX-1014612;2026-06-02;0,0;Vendor_4;Netherlands;YES
TRX-1014616;2026-07-07;0,0;Vendor_35;Poland;YES
TRX-1014627;2026-03-10;0,0;Vendor_45;Poland;YES
TRX-1014638;2026-07-09;0,0;Vendor_46;Poland;YES
TRX-1014647;2026-05-12;410,3;UNKNOWN;UNKNOWN;YES
TRX-1014657;2026-08-16;0,0;Vendor_32;Germany;YES
TRX-1014667;2026-03-18;0,0;Vendor_31;Netherlands;YES
TRX-1014668;2026-04-16;0,0;Vendor_31;Netherlands;YES
TRX-1014676;2026-05-09;500,05;UNKNOWN;UNKNOWN;YES
TRX-1014677;2026-07-17;1494,27;UNKNOWN;UNKNOWN;YES
TRX-1014680;;893,55;UNKNOWN;UNKNOWN;YES
TRX-1014681;;0,0;UNKNOWN;UNKNOWN;YES
TRX-1014684;2026-07-19;0,0;Vendor_6;China;YES
TRX-1014694;2026-06-19;0,0;Vendor_41;Germany;YES
TRX-1014704;2026-03-13;365,91;UNKNOWN;UNKNOWN;YES
TRX-1014706;2026-03-31;0,0;Vendor_38;China;YES
TRX-1014710;2026-01-21;930,28;UNKNOWN;UNKNOWN;YES
TRX-1014711;2026-07-31;0,0;Vendor_37;China;YES
TRX-1014712;2026-05-04;0,0;Vendor_36;Poland;YES
TRX-1014719;2026-02-24;0,0;Vendor_7;China;YES
TRX-1014729;;0,0;Vendor_35;Poland;YES
TRX-1014741;;0,0;Vendor_44;Poland;YES
TRX-1014742;;0,0;Vendor_22;Germany;YES
TRX-1014748;2026-05-08;0,0;Vendor_34;China;YES
TRX-1014752;2026-07-17;351,22;UNKNOWN;UNKNOWN;YES
TRX-1014759;2026-03-24;0,0;Vendor_11;Germany;YES
TRX-1014760;2026-06-04;0,0;Vendor_32;Germany;YES
TRX-1014768;2026-02-24;0,0;Vendor_7;China;YES
TRX-1014769;2026-07-06;0,0;Vendor_36;Poland;YES
TRX-1014785;2026-05-17;319,81;UNKNOWN;UNKNOWN;YES
TRX-1014796;2026-05-02;0,0;Vendor_7;China;YES
TRX-1014812;2026-04-17;0,0;Vendor_1;Germany;YES
TRX-1014815;2026-09-01;0,0;Vendor_21;Germany;YES
TRX-1014816;2026-03-15;415,64;UNKNOWN;UNKNOWN;YES
TRX-1014820;2026-07-25;1022,35;UNKNOWN;UNKNOWN;YES
TRX-1014823;2026-05-05;0,0;Vendor_11;Germany;YES
TRX-1014829;2026-03-06;124,21;UNKNOWN;UNKNOWN;YES
TRX-1014832;2026-05-11;1134,46;UNKNOWN;UNKNOWN;YES
TRX-1014834;2026-05-12;1341,84;UNKNOWN;UNKNOWN;YES
TRX-1014842;2026-08-25;0,0;Vendor_40;China;YES
TRX-1014845;2026-04-23;0,0;Vendor_6;China;YES
TRX-1014847;2026-01-08;776,48;UNKNOWN;UNKNOWN;YES
TRX-1014850;2026-08-19;0,0;Vendor_36;Poland;YES
TRX-1014857;2026-08-18;0,0;Vendor_12;Netherlands;YES
TRX-1014863;2026-09-04;0,0;Vendor_26;Netherlands;YES
TRX-1014865;2026-03-11;0,0;Vendor_37;China;YES
TRX-1014870;2026-03-27;0,0;Vendor_11;Germany;YES
TRX-1014874;2026-02-21;1439,97;UNKNOWN;UNKNOWN;YES
TRX-1014875;2026-05-06;0,0;Vendor_6;China;YES
TRX-1014887;2026-06-26;904,46;UNKNOWN;UNKNOWN;YES
TRX-1014889;2026-02-27;0,0;Vendor_38;China;YES
TRX-1014891;2026-01-27;289,31;UNKNOWN;UNKNOWN;YES
TRX-1014895;2026-06-29;206,15;UNKNOWN;UNKNOWN;YES
TRX-1014905;2026-04-14;342,85;UNKNOWN;UNKNOWN;YES
TRX-1014912;2026-04-23;0,0;Vendor_31;Netherlands;YES
TRX-1014916;2026-05-18;0,0;Vendor_26;Netherlands;YES
TRX-1014920;2026-04-13;30,15;UNKNOWN;UNKNOWN;YES
TRX-1014925;2026-06-09;0,0;Vendor_47;Netherlands;YES
TRX-1014938;2026-01-11;933,33;UNKNOWN;UNKNOWN;YES
TRX-1014939;2026-05-25;997,18;UNKNOWN;UNKNOWN;YES
TRX-1014954;2026-07-17;0,0;Vendor_17;China;YES
TRX-1014976;2026-05-21;59,59;UNKNOWN;UNKNOWN;YES
TRX-1015002;2026-01-29;455,32;UNKNOWN;UNKNOWN;YES
TRX-1015007;2026-04-09;0,0;UNKNOWN;UNKNOWN;YES
TRX-1015022;2026-05-28;0,0;Vendor_26;Netherlands;YES
TRX-1015030;2026-01-23;0,0;Vendor_43;Netherlands;YES
TRX-1015040;2026-04-12;1434,98;UNKNOWN;UNKNOWN;YES
TRX-1015055;2026-01-08;0,0;Vendor_4;Netherlands;YES
TRX-1015112;2026-03-08;0,0;Vendor_5;Poland;YES
TRX-1015116;2026-03-27;0,0;Vendor_12;Netherlands;YES
TRX-1015130;2026-04-19;940,52;UNKNOWN;UNKNOWN;YES
TRX-1015131;2026-01-18;0,0;Vendor_16;Netherlands;YES
TRX-1015138;2026-08-25;0,0;Vendor_43;Netherlands;YES
TRX-1015141;2026-07-26;676,99;UNKNOWN;UNKNOWN;YES
TRX-1015144;;1031,11;UNKNOWN;UNKNOWN;YES
TRX-1015145;2026-03-26;0,0;Vendor_23;Poland;YES
TRX-1015147;2026-06-26;141,6;UNKNOWN;UNKNOWN;YES
TRX-1015170;2026-04-12;0,0;Vendor_8;Germany;YES
TRX-1015178;2026-02-15;0,0;Vendor_3;Poland;YES
TRX-1015179;2026-01-11;0,0;Vendor_5;Poland;YES
TRX-1015197;;0,0;Vendor_32;Germany;YES
TRX-1015206;2026-03-18;1309,19;UNKNOWN;UNKNOWN;YES
TRX-1015217;2026-08-27;931,94;UNKNOWN;UNKNOWN;YES
TRX-1015225;2026-03-03;867,94;UNKNOWN;UNKNOWN;YES
TRX-1015227;2026-08-10;795,11;UNKNOWN;UNKNOWN;YES
TRX-1015238;2026-04-03;0,0;Vendor_38;China;YES
TRX-1015246;2026-02-10;0,0;Vendor_14;China;YES
TRX-1015249;2026-08-25;0,0;Vendor_21;Germany;YES
TRX-1015256;2026-09-04;0,0;Vendor_45;Poland;YES
TRX-1015258;2026-05-04;0,0;UNKNOWN;UNKNOWN;YES
TRX-1015265;2026-08-10;808,23;UNKNOWN;UNKNOWN;YES
TRX-1015281;2026-01-14;127,48;UNKNOWN;UNKNOWN;YES
TRX-1015289;2026-06-15;0,0;Vendor_10;China;YES
TRX-1015293;2026-02-25;458,1;UNKNOWN;UNKNOWN;YES
TRX-1015300;2026-08-01;0,0;Vendor_23;Poland;YES
TRX-1015307;2026-05-05;501,49;UNKNOWN;UNKNOWN;YES
TRX-1015308;2026-05-27;915,22;UNKNOWN;UNKNOWN;YES
TRX-1015316;2026-01-22;1491,96;UNKNOWN;UNKNOWN;YES
TRX-1015318;;0,0;Vendor_13;Netherlands;YES
TRX-1015322;2026-06-09;0,0;Vendor_20;Netherlands;YES
TRX-1015330;2026-04-07;0,0;Vendor_47;Netherlands;YES
TRX-1015331;2026-01-15;0,0;Vendor_11;Germany;YES
TRX-1015335;;0,0;Vendor_47;Netherlands;YES
TRX-1015342;2026-04-18;0,0;Vendor_31;Netherlands;YES
TRX-1015346;2026-03-09;213,37;UNKNOWN;UNKNOWN;YES
TRX-1015347;2026-06-22;0,0;Vendor_44;Poland;YES
TRX-1015353;;0,0;Vendor_20;Netherlands;YES
TRX-1015357;2026-02-06;0,0;Vendor_9;China;YES
TRX-1015363;2026-04-06;0,0;Vendor_9;China;YES
TRX-1015367;2026-04-17;856,48;UNKNOWN;UNKNOWN;YES
TRX-1015368;2026-08-24;0,0;Vendor_45;Poland;YES
TRX-1015369;2026-04-09;0,0;Vendor_9;China;YES
TRX-1015375;2026-06-03;0,0;Vendor_18;China;YES
TRX-1015376;2026-08-20;0,0;Vendor_47;Netherlands;YES
TRX-1015381;2026-07-14;0,0;Vendor_36;Poland;YES
TRX-1015405;2026-04-23;0,0;UNKNOWN;UNKNOWN;YES
TRX-1015412;;0,0;Vendor_26;Netherlands;YES
TRX-1015420;2026-02-01;0,0;Vendor_45;Poland;YES
TRX-1015424;2026-01-18;536,31;UNKNOWN;UNKNOWN;YES
TRX-1015426;2026-06-14;0,0;UNKNOWN;UNKNOWN;YES
TRX-1015438;2026-04-16;0,0;Vendor_28;Netherlands;YES
TRX-1015439;2026-01-28;0,0;Vendor_50;Poland;YES
TRX-1015442;2026-01-06;95,3;UNKNOWN;UNKNOWN;YES
TRX-1015446;2026-01-02;0,0;Vendor_16;Netherlands;YES
TRX-1015450;2026-08-29;0,0;Vendor_38;China;YES
TRX-1015459;2026-01-14;0,0;Vendor_36;Poland;YES
TRX-1015470;2026-04-03;0,0;Vendor_18;China;YES
TRX-1015473;2026-01-04;0,0;Vendor_22;Germany;YES
TRX-1015486;2026-06-27;0,0;Vendor_21;Germany;YES
TRX-1015507;2026-01-03;578,1;UNKNOWN;UNKNOWN;YES
TRX-1015510;2026-05-04;919,18;UNKNOWN;UNKNOWN;YES
TRX-1015527;2026-03-21;0,0;Vendor_23;Poland;YES
TRX-1015533;2026-02-14;1243,0;UNKNOWN;UNKNOWN;YES
TRX-1015536;2026-09-04;1286,21;UNKNOWN;UNKNOWN;YES
TRX-1015537;2026-07-01;0,0;Vendor_42;Germany;YES
TRX-1015538;2026-08-31;0,0;Vendor_32;Germany;YES
TRX-1015543;2026-02-06;0,0;Vendor_34;China;YES
TRX-1015549;2026-02-10;0,0;Vendor_24;Germany;YES
TRX-1015557;2026-07-24;0,0;Vendor_26;Netherlands;YES
TRX-1015564;;0,0;Vendor_6;China;YES
TRX-1015567;2026-07-02;0,0;Vendor_32;Germany;YES
TRX-1015570;2026-02-24;0,0;Vendor_5;Poland;YES
TRX-1015584;2026-01-07;0,0;Vendor_15;Germany;YES
TRX-1015599;2026-02-01;471,99;UNKNOWN;UNKNOWN;YES
TRX-1015602;2026-07-21;116,13;UNKNOWN;UNKNOWN;YES
TRX-1015604;2026-01-26;1179,57;UNKNOWN;UNKNOWN;YES
TRX-1015608;2026-04-29;0,0;Vendor_15;Germany;YES
TRX-1015609;2026-08-13;456,28;UNKNOWN;UNKNOWN;YES
TRX-1015613;2026-06-26;0,0;Vendor_1;Germany;YES
TRX-1015616;2026-05-28;0,0;Vendor_4;Netherlands;YES
TRX-1015619;2026-04-24;0,0;Vendor_28;Netherlands;YES
TRX-1015623;2026-05-24;0,0;Vendor_8;Germany;YES
TRX-1015628;2026-05-09;0,0;Vendor_33;Poland;YES
TRX-1015629;2026-07-10;0,0;Vendor_24;Germany;YES
TRX-1015646;;0,0;Vendor_45;Poland;YES
TRX-1015652;2026-03-15;0,0;Vendor_20;Netherlands;YES
TRX-1015660;2026-02-16;0,0;Vendor_5;Poland;YES
TRX-1015663;2026-07-03;1058,21;UNKNOWN;UNKNOWN;YES
TRX-1015670;2026-04-08;0,0;Vendor_44;Poland;YES
TRX-1015676;2026-01-15;0,0;Vendor_18;China;YES
TRX-1015687;2026-05-10;0,0;Vendor_42;Germany;YES
TRX-1015688;2026-03-21;0,0;UNKNOWN;UNKNOWN;YES
TRX-1015695;2026-05-08;0,0;Vendor_21;Germany;YES
TRX-1015696;2026-03-07;0,0;Vendor_4;Netherlands;YES
TRX-1015697;2026-06-18;0,0;UNKNOWN;UNKNOWN;YES
TRX-1015717;2026-07-14;505,07;UNKNOWN;UNKNOWN;YES
TRX-1015720;2026-07-29;272,26;UNKNOWN;UNKNOWN;YES
TRX-1015721;2026-05-22;0,0;Vendor_8;Germany;YES
TRX-1015733;2026-08-22;0,0;Vendor_49;Poland;YES
TRX-1015766;2026-08-01;0,0;UNKNOWN;UNKNOWN;YES
TRX-1015781;2026-04-07;0,0;Vendor_37;China;YES
TRX-1015782;2026-07-20;0,0;Vendor_31;Netherlands;YES
TRX-1015786;2026-06-13;566,96;UNKNOWN;UNKNOWN;YES
TRX-1015788;2026-07-20;0,0;Vendor_25;China;YES
TRX-1015797;2026-01-22;0,0;Vendor_3;Poland;YES
TRX-1015798;2026-05-08;0,0;Vendor_46;Poland;YES
TRX-1015799;2026-04-03;33,75;UNKNOWN;UNKNOWN;YES
TRX-1015809;;906,51;UNKNOWN;UNKNOWN;YES
TRX-1015818;;1136,59;UNKNOWN;UNKNOWN;YES
TRX-1015819;2026-08-12;0,0;Vendor_15;Germany;YES
TRX-1015835;2026-03-10;0,0;Vendor_39;Poland;YES
TRX-1015840;2026-06-09;0,0;Vendor_4;Netherlands;YES
TRX-1015844;2026-03-18;513,33;UNKNOWN;UNKNOWN;YES
TRX-1015847;2026-08-25;0,0;Vendor_16;Netherlands;YES
TRX-1015850;2026-05-27;0,0;Vendor_15;Germany;YES
TRX-1015852;2026-08-04;0,0;Vendor_41;Germany;YES
TRX-1015861;2026-07-31;0,0;Vendor_45;Poland;YES
TRX-1015868;2026-05-07;1333,91;UNKNOWN;UNKNOWN;YES
TRX-1015878;2026-06-04;0,0;Vendor_15;Germany;YES
TRX-1015887;2026-01-11;899,2;UNKNOWN;UNKNOWN;YES
TRX-1015890;2026-02-26;0,0;Vendor_24;Germany;YES
TRX-1015897;2026-03-12;0,0;Vendor_33;Poland;YES
TRX-1015903;2026-05-06;0,0;Vendor_5;Poland;YES
TRX-1015905;2026-07-17;0,0;Vendor_10;China;YES
TRX-1015933;2026-01-23;365,85;UNKNOWN;UNKNOWN;YES
TRX-1015948;2026-07-27;1132,79;UNKNOWN;UNKNOWN;YES
TRX-1015949;2026-04-10;0,0;Vendor_2;China;YES
TRX-1015959;2026-08-21;0,0;Vendor_2;China;YES
TRX-1015960;2026-06-30;0,0;Vendor_21;Germany;YES
TRX-1015967;2026-03-07;0,0;Vendor_28;Netherlands;YES
TRX-1015968;2026-09-08;0,0;Vendor_50;Poland;YES
TRX-1015974;2026-07-21;0,0;Vendor_45;Poland;YES
TRX-1015990;2026-04-26;0,0;Vendor_11;Germany;YES
TRX-1015995;2026-04-10;0,0;Vendor_11;Germany;YES
TRX-1016012;2026-08-11;0,0;Vendor_3;Poland;YES
TRX-1016015;2026-01-25;0,0;Vendor_33;Poland;YES
TRX-1016018;2026-05-02;0,0;Vendor_20;Netherlands;YES
TRX-1016028;2026-05-03;1105,33;UNKNOWN;UNKNOWN;YES
TRX-1016038;2026-02-11;0,0;Vendor_26;Netherlands;YES
TRX-1016041;2026-06-04;808,25;UNKNOWN;UNKNOWN;YES
TRX-1016045;2026-03-24;0,0;Vendor_40;China;YES
TRX-1016060;2026-05-07;0,0;Vendor_23;Poland;YES
TRX-1016083;2026-02-06;874,29;UNKNOWN;UNKNOWN;YES
TRX-1016096;2026-01-04;0,0;Vendor_3;Poland;YES
TRX-1016101;2026-02-26;0,0;Vendor_10;China;YES
TRX-1016110;2026-04-24;0,0;UNKNOWN;UNKNOWN;YES
TRX-1016119;2026-06-12;1450,46;UNKNOWN;UNKNOWN;YES
TRX-1016120;2026-06-19;0,0;Vendor_22;Germany;YES
TRX-1016122;2026-02-02;0,0;Vendor_4;Netherlands;YES
TRX-1016126;2026-03-26;0,0;Vendor_31;Netherlands;YES
TRX-1016131;2026-05-18;0,0;Vendor_21;Germany;YES
TRX-1016132;2026-04-18;1339,45;UNKNOWN;UNKNOWN;YES
TRX-1016144;2026-04-23;0,0;UNKNOWN;UNKNOWN;YES
TRX-1016157;2026-02-10;0,0;Vendor_42;Germany;YES
TRX-1016162;;1498,9;UNKNOWN;UNKNOWN;YES
TRX-1016180;2026-03-27;0,0;Vendor_25;China;YES
TRX-1016188;2026-02-08;1015,37;UNKNOWN;UNKNOWN;YES
TRX-1016200;2026-07-11;0,0;Vendor_50;Poland;YES
TRX-1016206;2026-08-05;0,0;Vendor_15;Germany;YES
TRX-1016208;2026-04-11;836,03;UNKNOWN;UNKNOWN;YES
TRX-1016220;2026-07-11;672,58;UNKNOWN;UNKNOWN;YES
TRX-1016232;2026-05-03;0,0;Vendor_40;China;YES
TRX-1016233;2026-06-02;1057,43;UNKNOWN;UNKNOWN;YES
TRX-1016240;2026-06-02;0,0;Vendor_39;Poland;YES
TRX-1016248;;0,0;Vendor_49;Poland;YES
TRX-1016251;2026-08-16;0,0;Vendor_7;China;YES
TRX-1016266;2026-04-22;0,0;Vendor_43;Netherlands;YES
TRX-1016267;2026-07-12;43,49;UNKNOWN;UNKNOWN;YES
TRX-1016268;;0,0;Vendor_35;Poland;YES
TRX-1016271;2026-02-23;0,0;Vendor_3;Poland;YES
TRX-1016275;2026-04-21;1224,52;UNKNOWN;UNKNOWN;YES
TRX-1016282;2026-06-14;0,0;Vendor_39;Poland;YES
TRX-1016294;2026-07-28;0,0;Vendor_48;Netherlands;YES
TRX-1016301;2026-05-12;0,0;Vendor_8;Germany;YES
TRX-1016309;2026-02-10;0,0;Vendor_24;Germany;YES
TRX-1016312;2026-03-12;0,0;Vendor_39;Poland;YES
TRX-1016326;2026-01-28;0,0;Vendor_47;Netherlands;YES
TRX-1016329;;0,0;Vendor_21;Germany;YES
TRX-1016331;2026-01-05;0,0;Vendor_17;China;YES
TRX-1016339;2026-05-01;0,0;Vendor_18;China;YES
TRX-1016354;2026-01-12;908,61;UNKNOWN;UNKNOWN;YES
TRX-1016360;2026-08-12;0,0;Vendor_24;Germany;YES
TRX-1016364;2026-04-25;0,0;Vendor_30;Netherlands;YES
TRX-1016366;2026-03-11;1221,4;UNKNOWN;UNKNOWN;YES
TRX-1016373;2026-03-23;0,0;Vendor_14;China;YES
TRX-1016377;2026-05-07;0,0;UNKNOWN;UNKNOWN;YES
TRX-1016382;2026-08-14;0,0;Vendor_34;China;YES
TRX-1016391;2026-02-18;1349,22;UNKNOWN;UNKNOWN;YES
TRX-1016403;2026-03-25;0,0;Vendor_45;Poland;YES
TRX-1016408;;1065,49;UNKNOWN;UNKNOWN;YES
TRX-1016411;2026-04-11;0,0;Vendor_23;Poland;YES
TRX-1016423;;0,0;Vendor_4;Netherlands;YES
TRX-1016431;2026-06-15;0,0;Vendor_9;China;YES
TRX-1016437;2026-06-20;1095,49;UNKNOWN;UNKNOWN;YES
TRX-1016440;2026-01-20;96,33;UNKNOWN;UNKNOWN;YES
TRX-1016447;2026-04-02;0,0;Vendor_16;Netherlands;YES
TRX-1016451;2026-07-22;0,0;Vendor_6;China;YES
TRX-1016452;2026-05-03;0,0;Vendor_26;Netherlands;YES
TRX-1016456;2026-05-13;339,47;UNKNOWN;UNKNOWN;YES
TRX-1016457;2026-08-04;74,54;UNKNOWN;UNKNOWN;YES
TRX-1016471;2026-04-29;1189,28;UNKNOWN;UNKNOWN;YES
TRX-1016479;2026-05-16;0,0;Vendor_46;Poland;YES
TRX-1016489;2026-03-06;0,0;Vendor_5;Poland;YES
TRX-1016495;2026-02-11;1112,5;UNKNOWN;UNKNOWN;YES
TRX-1016500;2026-07-11;1068,48;UNKNOWN;UNKNOWN;YES
TRX-1016505;2026-03-05;0,0;Vendor_24;Germany;YES
TRX-1016524;2026-02-07;64,73;UNKNOWN;UNKNOWN;YES
TRX-1016526;2026-01-11;147,17;UNKNOWN;UNKNOWN;YES
TRX-1016541;2026-04-30;0,0;Vendor_6;China;YES
TRX-1016542;2026-04-07;0,0;Vendor_47;Netherlands;YES
TRX-1016544;2026-09-07;0,0;Vendor_3;Poland;YES
TRX-1016551;2026-06-02;1390,59;UNKNOWN;UNKNOWN;YES
TRX-1016560;2026-08-12;0,0;Vendor_39;Poland;YES
TRX-1016571;2026-03-20;0,0;Vendor_22;Germany;YES
TRX-1016584;2026-04-28;14,59;UNKNOWN;UNKNOWN;YES
TRX-1016591;2026-02-08;585,63;UNKNOWN;UNKNOWN;YES
TRX-1016594;2026-06-07;0,0;Vendor_25;China;YES
TRX-1016609;2026-08-14;842,52;UNKNOWN;UNKNOWN;YES
TRX-1016614;2026-02-16;0,0;Vendor_29;Netherlands;YES
TRX-1016624;2026-02-23;0,0;Vendor_10;China;YES
TRX-1016632;2026-05-14;0,0;Vendor_11;Germany;YES
TRX-1016636;2026-04-12;0,0;Vendor_47;Netherlands;YES
TRX-1016666;2026-01-15;595,74;UNKNOWN;UNKNOWN;YES
TRX-1016675;2026-04-15;0,0;Vendor_3;Poland;YES
TRX-1016681;;0,0;Vendor_25;China;YES
TRX-1016712;2026-08-07;0,0;Vendor_50;Poland;YES
TRX-1016713;2026-07-03;0,0;Vendor_21;Germany;YES
TRX-1016716;2026-01-05;878,19;UNKNOWN;UNKNOWN;YES
TRX-1016718;2026-02-05;0,0;Vendor_1;Germany;YES
TRX-1016719;;252,11;UNKNOWN;UNKNOWN;YES
TRX-1016722;2026-05-11;975,37;UNKNOWN;UNKNOWN;YES
TRX-1016723;2026-02-04;0,0;Vendor_5;Poland;YES
TRX-1016729;;0,0;Vendor_32;Germany;YES
TRX-1016736;2026-06-12;334,68;UNKNOWN;UNKNOWN;YES
TRX-1016749;2026-07-25;141,86;UNKNOWN;UNKNOWN;YES
TRX-1016761;2026-09-01;0,0;Vendor_40;China;YES
TRX-1016773;2026-03-02;0,0;Vendor_26;Netherlands;YES
TRX-1016774;2026-01-25;1301,23;UNKNOWN;UNKNOWN;YES
TRX-1016779;2026-04-26;0,0;Vendor_28;Netherlands;YES
TRX-1016790;2026-01-15;0,0;Vendor_32;Germany;YES
TRX-1016800;2026-07-15;0,0;Vendor_4;Netherlands;YES
TRX-1016801;2026-03-22;0,0;Vendor_14;China;YES
TRX-1016806;2026-05-23;307,15;UNKNOWN;UNKNOWN;YES
TRX-1016809;2026-07-29;0,0;Vendor_27;Poland;YES
TRX-1016813;2026-09-08;0,0;Vendor_28;Netherlands;YES
TRX-1016814;2026-04-20;0,0;Vendor_37;China;YES
TRX-1016817;2026-07-15;1280,99;UNKNOWN;UNKNOWN;YES
TRX-1016827;2026-05-15;0,0;Vendor_33;Poland;YES
TRX-1016828;2026-05-10;0,0;Vendor_9;China;YES
TRX-1016832;2026-04-30;0,0;Vendor_19;Netherlands;YES
TRX-1016835;2026-01-18;0,0;Vendor_5;Poland;YES
TRX-1016839;2026-05-24;0,0;Vendor_23;Poland;YES
TRX-1016850;2026-05-06;0,0;Vendor_23;Poland;YES
TRX-1016857;2026-06-16;0,0;Vendor_44;Poland;YES
TRX-1016863;;0,0;Vendor_20;Netherlands;YES
TRX-1016867;2026-03-09;0,0;Vendor_6;China;YES
TRX-1016869;2026-06-30;0,0;Vendor_14;China;YES
TRX-1016894;2026-07-10;0,0;Vendor_44;Poland;YES
TRX-1016901;2026-01-16;0,0;Vendor_45;Poland;YES
TRX-1016907;2026-04-01;0,0;Vendor_44;Poland;YES
TRX-1016908;2026-07-18;0,0;UNKNOWN;UNKNOWN;YES
TRX-1016912;2026-07-14;0,0;Vendor_34;China;YES
TRX-1016913;2026-04-13;0,0;UNKNOWN;UNKNOWN;YES
TRX-1016925;2026-05-19;0,0;Vendor_25;China;YES
TRX-1016937;2026-01-15;0,0;Vendor_1;Germany;YES
TRX-1016938;2026-05-29;0,0;Vendor_21;Germany;YES
TRX-1016941;2026-03-29;0,0;Vendor_5;Poland;YES
TRX-1016962;2026-04-28;0,0;UNKNOWN;UNKNOWN;YES
TRX-1016968;2026-04-12;0,0;Vendor_3;Poland;YES
TRX-1016974;2026-06-21;0,0;Vendor_36;Poland;YES
TRX-1016976;2026-09-08;0,0;Vendor_45;Poland;YES
TRX-1016978;2026-03-11;0,0;Vendor_20;Netherlands;YES
TRX-1016982;2026-05-05;0,0;Vendor_17;China;YES
TRX-1016983;2026-08-26;0,0;Vendor_25;China;YES
TRX-1016995;2026-08-12;0,0;Vendor_27;Poland;YES
TRX-1017001;2026-07-25;792,61;UNKNOWN;UNKNOWN;YES
TRX-1017005;2026-08-26;6,35;UNKNOWN;UNKNOWN;YES
TRX-1017008;2026-05-15;0,0;Vendor_8;Germany;YES
TRX-1017029;2026-09-05;532,73;UNKNOWN;UNKNOWN;YES
TRX-1017033;;0,0;UNKNOWN;UNKNOWN;YES
TRX-1017043;2026-02-25;0,0;Vendor_4;Netherlands;YES
TRX-1017048;2026-04-30;0,0;Vendor_21;Germany;YES
TRX-1017050;;0,0;UNKNOWN;UNKNOWN;YES
TRX-1017061;2026-04-06;0,0;Vendor_10;China;YES
TRX-1017062;2026-03-04;0,0;Vendor_5;Poland;YES
TRX-1017063;2026-03-29;0,0;Vendor_34;China;YES
TRX-1017065;;0,0;Vendor_10;China;YES
TRX-1017090;2026-04-20;0,0;Vendor_17;China;YES
TRX-1017096;2026-04-19;690,04;UNKNOWN;UNKNOWN;YES
TRX-1017098;2026-07-17;0,0;Vendor_39;Poland;YES
TRX-1017108;2026-01-19;318,22;UNKNOWN;UNKNOWN;YES
TRX-1017133;2026-05-26;0,0;Vendor_36;Poland;YES
TRX-1017134;2026-05-07;0,0;Vendor_21;Germany;YES
TRX-1017136;2026-05-12;0,0;Vendor_42;Germany;YES
TRX-1017141;2026-08-01;0,0;Vendor_2;China;YES
TRX-1017148;2026-02-21;452,13;UNKNOWN;UNKNOWN;YES
TRX-1017159;2026-03-12;878,53;UNKNOWN;UNKNOWN;YES
TRX-1017160;2026-06-07;0,0;Vendor_22;Germany;YES
TRX-1017164;2026-02-17;136,65;UNKNOWN;UNKNOWN;YES
TRX-1017172;2026-07-12;0,0;Vendor_29;Netherlands;YES
TRX-1017190;2026-06-13;0,0;Vendor_45;Poland;YES
TRX-1017202;2026-04-09;506,43;UNKNOWN;UNKNOWN;YES
TRX-1017207;2026-03-20;0,0;Vendor_3;Poland;YES
TRX-1017209;2026-04-26;0,0;Vendor_26;Netherlands;YES
TRX-1017213;2026-04-09;0,0;Vendor_18;China;YES
TRX-1017215;2026-05-31;0,0;Vendor_15;Germany;YES
TRX-1017233;2026-01-28;0,0;Vendor_3;Poland;YES
TRX-1017238;2026-05-12;0,0;Vendor_50;Poland;YES
TRX-1017257;2026-03-28;1172,44;UNKNOWN;UNKNOWN;YES
TRX-1017261;2026-07-09;0,0;Vendor_50;Poland;YES
TRX-1017262;2026-05-14;1181,42;UNKNOWN;UNKNOWN;YES
TRX-1017265;;0,0;Vendor_8;Germany;YES
TRX-1017269;2026-03-06;0,0;Vendor_10;China;YES
TRX-1017271;2026-08-16;744,52;UNKNOWN;UNKNOWN;YES
TRX-1017281;2026-08-14;1197,31;UNKNOWN;UNKNOWN;YES
TRX-1017287;2026-05-01;0,0;Vendor_10;China;YES
TRX-1017290;2026-07-08;0,0;Vendor_17;China;YES
TRX-1017292;2026-08-07;0,0;Vendor_32;Germany;YES
TRX-1017296;;682,01;UNKNOWN;UNKNOWN;YES
TRX-1017304;2026-05-13;0,0;Vendor_20;Netherlands;YES
TRX-1017305;2026-05-02;0,0;Vendor_3;Poland;YES
TRX-1017319;2026-09-06;572,62;UNKNOWN;UNKNOWN;YES
TRX-1017324;2026-03-09;0,0;Vendor_11;Germany;YES
TRX-1017325;2026-04-14;298,85;UNKNOWN;UNKNOWN;YES
TRX-1017331;2026-04-16;237,35;UNKNOWN;UNKNOWN;YES
TRX-1017340;2026-06-06;929,95;UNKNOWN;UNKNOWN;YES
TRX-1017348;2026-04-02;0,0;Vendor_28;Netherlands;YES
TRX-1017354;2026-03-23;0,0;Vendor_1;Germany;YES
TRX-1017357;2026-08-15;0,0;Vendor_34;China;YES
TRX-1017375;2026-05-11;0,0;Vendor_34;China;YES
TRX-1017402;2026-04-20;0,0;Vendor_15;Germany;YES
TRX-1017404;2026-01-03;1134,0;UNKNOWN;UNKNOWN;YES
TRX-1017412;2026-01-04;96,79;UNKNOWN;UNKNOWN;YES
TRX-1017416;2026-05-14;0,0;Vendor_22;Germany;YES
TRX-1017434;2026-05-08;0,0;Vendor_6;China;YES
TRX-1017442;2026-01-02;916,84;UNKNOWN;UNKNOWN;YES
TRX-1017447;2026-03-20;0,0;Vendor_27;Poland;YES
TRX-1017459;2026-06-13;0,0;Vendor_4;Netherlands;YES
TRX-1017460;2026-01-02;0,0;Vendor_50;Poland;YES
TRX-1017461;2026-03-07;148,84;UNKNOWN;UNKNOWN;YES
TRX-1017468;2026-04-28;57,31;UNKNOWN;UNKNOWN;YES
TRX-1017469;2026-08-14;0,0;Vendor_44;Poland;YES
TRX-1017470;2026-03-28;0,0;Vendor_17;China;YES
TRX-1017477;2026-06-01;1198,77;UNKNOWN;UNKNOWN;YES
TRX-1017484;2026-03-27;0,0;Vendor_5;Poland;YES
TRX-1017486;2026-05-30;88,69;UNKNOWN;UNKNOWN;YES
TRX-1017498;2026-08-07;0,0;Vendor_45;Poland;YES
TRX-1017505;2026-04-02;0,0;Vendor_46;Poland;YES
TRX-1017506;2026-04-29;0,0;Vendor_34;China;YES
TRX-1017512;;0,0;Vendor_42;Germany;YES
TRX-1017523;2026-03-31;0,0;Vendor_22;Germany;YES
TRX-1017533;2026-08-18;0,0;Vendor_22;Germany;YES
TRX-1017566;2026-08-31;0,0;Vendor_38;China;YES
TRX-1017586;2026-04-15;0,0;Vendor_7;China;YES
TRX-1017606;2026-04-01;129,32;UNKNOWN;UNKNOWN;YES
TRX-1017620;2026-03-28;1299,18;UNKNOWN;UNKNOWN;YES
TRX-1017628;2026-04-22;0,0;UNKNOWN;UNKNOWN;YES
TRX-1017632;2026-06-11;0,0;Vendor_43;Netherlands;YES
TRX-1017636;2026-04-22;353,51;UNKNOWN;UNKNOWN;YES
TRX-1017638;;0,0;Vendor_45;Poland;YES
TRX-1017645;2026-08-15;1170,27;UNKNOWN;UNKNOWN;YES
TRX-1017646;2026-04-04;0,0;Vendor_9;China;YES
TRX-1017650;2026-05-09;0,0;Vendor_29;Netherlands;YES
TRX-1017662;2026-04-28;0,0;Vendor_46;Poland;YES
TRX-1017663;2026-01-21;785,03;UNKNOWN;UNKNOWN;YES
TRX-1017670;2026-07-25;0,0;Vendor_36;Poland;YES
TRX-1017677;2026-04-06;0,0;Vendor_1;Germany;YES
TRX-1017681;2026-08-26;791,27;UNKNOWN;UNKNOWN;YES
TRX-1017691;2026-07-06;1466,53;UNKNOWN;UNKNOWN;YES
TRX-1017697;2026-03-06;295,7;UNKNOWN;UNKNOWN;YES
TRX-1017702;;0,0;Vendor_21;Germany;YES
TRX-1017705;2026-06-13;0,0;Vendor_26;Netherlands;YES
TRX-1017706;2026-08-28;896,4;UNKNOWN;UNKNOWN;YES
TRX-1017715;2026-06-25;0,0;Vendor_19;Netherlands;YES
TRX-1017716;2026-01-27;1375,82;UNKNOWN;UNKNOWN;YES
TRX-1017717;2026-04-18;0,0;Vendor_28;Netherlands;YES
TRX-1017724;2026-06-14;285,95;UNKNOWN;UNKNOWN;YES
TRX-1017729;2026-02-03;1404,64;UNKNOWN;UNKNOWN;YES
TRX-1017730;2026-01-25;44,89;UNKNOWN;UNKNOWN;YES
TRX-1017731;2026-08-22;0,0;Vendor_47;Netherlands;YES
TRX-1017736;2026-05-05;0,0;Vendor_13;Netherlands;YES
TRX-1017744;2026-09-05;0,0;Vendor_3;Poland;YES
TRX-1017780;2026-04-01;0,0;Vendor_25;China;YES
TRX-1017798;2026-01-01;0,0;Vendor_18;China;YES
TRX-1017800;2026-03-08;0,0;Vendor_23;Poland;YES
TRX-1017807;2026-08-28;0,0;Vendor_26;Netherlands;YES
TRX-1017811;2026-02-09;0,0;Vendor_40;China;YES
TRX-1017821;2026-01-31;0,0;Vendor_3;Poland;YES
TRX-1017829;2026-07-10;0,0;Vendor_44;Poland;YES
TRX-1017834;2026-01-06;0,0;Vendor_11;Germany;YES
TRX-1017842;2026-02-05;0,0;Vendor_2;China;YES
TRX-1017847;;727,79;UNKNOWN;UNKNOWN;YES
TRX-1017851;2026-03-01;1353,81;UNKNOWN;UNKNOWN;YES
TRX-1017872;2026-02-27;0,0;Vendor_6;China;YES
TRX-1017898;2026-07-17;0,0;UNKNOWN;UNKNOWN;YES
TRX-1017899;2026-08-22;0,0;Vendor_42;Germany;YES
TRX-1017900;2026-02-01;0,0;Vendor_18;China;YES
TRX-1017904;2026-08-09;0,0;Vendor_20;Netherlands;YES
TRX-1017905;2026-08-01;0,0;Vendor_8;Germany;YES
TRX-1017927;2026-07-21;0,0;Vendor_21;Germany;YES
TRX-1017929;2026-01-01;42,62;UNKNOWN;UNKNOWN;YES
TRX-1017930;2026-03-28;311,98;UNKNOWN;UNKNOWN;YES
TRX-1017942;2026-04-02;1463,3;UNKNOWN;UNKNOWN;YES
TRX-1017947;2026-08-19;992,12;UNKNOWN;UNKNOWN;YES
TRX-1017950;2026-03-08;0,0;Vendor_48;Netherlands;YES
TRX-1017954;2026-02-27;711,38;UNKNOWN;UNKNOWN;YES
TRX-1017960;2026-02-15;0,0;Vendor_36;Poland;YES
TRX-1017961;2026-04-21;0,0;Vendor_3;Poland;YES
TRX-1017985;2026-03-30;0,0;Vendor_6;China;YES
TRX-1018003;2026-01-29;0,0;Vendor_36;Poland;YES
TRX-1018017;2026-08-15;0,0;Vendor_17;China;YES
TRX-1018019;2026-05-09;504,92;UNKNOWN;UNKNOWN;YES
TRX-1018020;2026-07-08;1218,46;UNKNOWN;UNKNOWN;YES
TRX-1018023;2026-03-09;0,0;Vendor_26;Netherlands;YES
TRX-1018034;2026-04-16;656,77;UNKNOWN;UNKNOWN;YES
TRX-1018043;2026-02-03;0,0;Vendor_24;Germany;YES
TRX-1018065;2026-02-20;725,25;UNKNOWN;UNKNOWN;YES
TRX-1018067;2026-01-17;0,0;Vendor_22;Germany;YES
TRX-1018088;2026-01-28;0,0;Vendor_15;Germany;YES
TRX-1018090;2026-05-13;0,0;UNKNOWN;UNKNOWN;YES
TRX-1018103;2026-05-06;0,0;Vendor_38;China;YES
TRX-1018104;2026-01-06;21,45;UNKNOWN;UNKNOWN;YES
TRX-1018106;2026-08-12;0,0;Vendor_28;Netherlands;YES
TRX-1018107;2026-07-06;0,0;Vendor_7;China;YES
TRX-1018112;2026-04-27;0,0;Vendor_10;China;YES
TRX-1018114;2026-06-13;0,0;Vendor_42;Germany;YES
TRX-1018122;2026-04-20;0,0;UNKNOWN;UNKNOWN;YES
TRX-1018138;2026-06-02;0,0;Vendor_20;Netherlands;YES
TRX-1018142;2026-08-19;0,0;Vendor_18;China;YES
TRX-1018155;2026-01-03;1030,01;UNKNOWN;UNKNOWN;YES
TRX-1018168;2026-06-11;898,5;UNKNOWN;UNKNOWN;YES
TRX-1018169;2026-01-29;0,0;UNKNOWN;UNKNOWN;YES
TRX-1018173;2026-01-23;0,0;Vendor_5;Poland;YES
TRX-1018178;2026-08-02;0,0;Vendor_45;Poland;YES
TRX-1018181;2026-02-08;0,0;Vendor_23;Poland;YES
TRX-1018190;2026-02-05;0,0;Vendor_39;Poland;YES
TRX-1018193;2026-02-26;0,0;Vendor_41;Germany;YES
TRX-1018209;2026-04-13;1453,23;UNKNOWN;UNKNOWN;YES
TRX-1018221;2026-03-05;0,0;Vendor_33;Poland;YES
TRX-1018224;2026-05-08;0,0;Vendor_35;Poland;YES
TRX-1018226;2026-07-01;402,29;UNKNOWN;UNKNOWN;YES
TRX-1018237;2026-07-31;0,0;Vendor_35;Poland;YES
TRX-1018244;2026-02-18;0,0;Vendor_3;Poland;YES
TRX-1018248;2026-06-19;1184,71;UNKNOWN;UNKNOWN;YES
TRX-1018249;2026-03-15;795,27;UNKNOWN;UNKNOWN;YES
TRX-1018257;;673,11;UNKNOWN;UNKNOWN;YES
TRX-1018258;2026-08-01;0,0;Vendor_3;Poland;YES
TRX-1018267;2026-08-24;0,0;Vendor_3;Poland;YES
TRX-1018268;2026-04-16;1095,58;UNKNOWN;UNKNOWN;YES
TRX-1018275;2026-06-17;58,76;UNKNOWN;UNKNOWN;YES
TRX-1018276;;0,0;Vendor_30;Netherlands;YES
TRX-1018280;2026-05-14;0,0;Vendor_4;Netherlands;YES
TRX-1018285;2026-08-12;0,0;Vendor_46;Poland;YES
TRX-1018288;2026-08-18;439,52;UNKNOWN;UNKNOWN;YES
TRX-1018291;2026-01-05;0,0;Vendor_22;Germany;YES
TRX-1018297;2026-02-03;1297,78;UNKNOWN;UNKNOWN;YES
TRX-1018308;2026-08-29;0,0;Vendor_42;Germany;YES
TRX-1018311;2026-03-16;0,0;Vendor_3;Poland;YES
TRX-1018313;2026-01-20;844,92;UNKNOWN;UNKNOWN;YES
TRX-1018332;2026-09-01;0,0;Vendor_31;Netherlands;YES
TRX-1018337;2026-04-10;950,74;UNKNOWN;UNKNOWN;YES
TRX-1018339;2026-05-02;0,0;Vendor_41;Germany;YES
TRX-1018349;2026-02-19;0,0;Vendor_20;Netherlands;YES
TRX-1018355;2026-03-15;489,72;UNKNOWN;UNKNOWN;YES
TRX-1018357;2026-03-17;1097,05;UNKNOWN;UNKNOWN;YES
TRX-1018371;2026-09-04;0,0;Vendor_35;Poland;YES
TRX-1018376;2026-03-05;0,0;Vendor_11;Germany;YES
TRX-1018378;2026-09-01;0,0;UNKNOWN;UNKNOWN;YES
TRX-1018393;2026-07-06;0,0;Vendor_23;Poland;YES
TRX-1018404;2026-09-05;0,0;Vendor_13;Netherlands;YES
TRX-1018407;2026-05-06;1053,01;UNKNOWN;UNKNOWN;YES
TRX-1018423;2026-07-22;761,08;UNKNOWN;UNKNOWN;YES
TRX-1018431;2026-08-14;0,0;Vendor_31;Netherlands;YES
TRX-1018454;2026-01-06;0,0;Vendor_20;Netherlands;YES
TRX-1018457;2026-06-17;0,0;Vendor_2;China;YES
TRX-1018470;2026-01-01;0,0;Vendor_47;Netherlands;YES
TRX-1018476;2026-04-11;1196,26;UNKNOWN;UNKNOWN;YES
TRX-1018477;2026-01-31;0,0;Vendor_35;Poland;YES
TRX-1018484;2026-03-28;686,13;UNKNOWN;UNKNOWN;YES
TRX-1018496;2026-06-08;0,0;Vendor_32;Germany;YES
TRX-1018498;2026-02-27;0,0;Vendor_39;Poland;YES
TRX-1018519;2026-05-12;0,0;Vendor_10;China;YES
TRX-1018522;2026-08-04;572,68;UNKNOWN;UNKNOWN;YES
TRX-1018529;2026-08-31;0,0;Vendor_25;China;YES
TRX-1018534;2026-06-01;0,0;Vendor_36;Poland;YES
TRX-1018535;2026-03-06;0,0;Vendor_11;Germany;YES
TRX-1018541;2026-08-13;54,4;UNKNOWN;UNKNOWN;YES
TRX-1018544;2026-07-21;0,0;Vendor_5;Poland;YES
TRX-1018547;2026-04-12;0,0;Vendor_15;Germany;YES
TRX-1018549;2026-05-25;0,0;Vendor_8;Germany;YES
TRX-1018550;2026-04-08;0,0;Vendor_33;Poland;YES
TRX-1018551;2026-03-23;1116,67;UNKNOWN;UNKNOWN;YES
TRX-1018559;2026-02-09;944,27;UNKNOWN;UNKNOWN;YES
TRX-1018567;2026-04-10;317,97;UNKNOWN;UNKNOWN;YES
TRX-1018573;2026-06-11;0,0;UNKNOWN;UNKNOWN;YES
TRX-1018585;2026-08-19;0,0;Vendor_34;China;YES
TRX-1018586;2026-04-26;0,0;Vendor_11;Germany;YES
TRX-1018598;2026-02-24;0,0;Vendor_21;Germany;YES
TRX-1018599;2026-05-13;0,0;UNKNOWN;UNKNOWN;YES
TRX-1018608;2026-06-16;0,0;Vendor_13;Netherlands;YES
TRX-1018613;;0,0;Vendor_38;China;YES
TRX-1018614;2026-05-17;0,0;Vendor_48;Netherlands;YES
TRX-1018615;2026-02-12;0,0;Vendor_16;Netherlands;YES
TRX-1018621;2026-07-10;0,0;Vendor_21;Germany;YES
TRX-1018625;2026-08-18;0,0;Vendor_50;Poland;YES
TRX-1018629;;0,0;Vendor_4;Netherlands;YES
TRX-1018631;2026-02-22;0,0;UNKNOWN;UNKNOWN;YES
TRX-1018641;2026-06-16;0,0;Vendor_1;Germany;YES
TRX-1018659;2026-03-14;0,0;Vendor_50;Poland;YES
TRX-1018660;2026-08-24;0,0;Vendor_38;China;YES
TRX-1018674;2026-04-24;0,0;Vendor_35;Poland;YES
TRX-1018677;2026-05-12;209,96;UNKNOWN;UNKNOWN;YES
TRX-1018683;2026-02-19;479,43;UNKNOWN;UNKNOWN;YES
TRX-1018685;;0,0;Vendor_32;Germany;YES
TRX-1018686;2026-05-13;0,0;Vendor_47;Netherlands;YES
TRX-1018692;2026-08-04;356,82;UNKNOWN;UNKNOWN;YES
TRX-1018701;2026-01-08;1229,12;UNKNOWN;UNKNOWN;YES
TRX-1018711;2026-05-15;764,48;UNKNOWN;UNKNOWN;YES
TRX-1018729;2026-02-17;0,0;Vendor_48;Netherlands;YES
TRX-1018746;2026-06-25;0,0;Vendor_6;China;YES
TRX-1018763;2026-05-09;1493,08;UNKNOWN;UNKNOWN;YES
TRX-1018768;2026-07-28;0,0;Vendor_21;Germany;YES
TRX-1018780;2026-08-07;0,0;Vendor_18;China;YES
TRX-1018783;2026-01-09;0,0;Vendor_38;China;YES
TRX-1018785;2026-04-18;0,0;Vendor_50;Poland;YES
TRX-1018798;2026-07-19;0,0;Vendor_3;Poland;YES
TRX-1018809;2026-01-02;536,11;UNKNOWN;UNKNOWN;YES
TRX-1018815;2026-03-10;1160,47;UNKNOWN;UNKNOWN;YES
TRX-1018818;2026-07-07;0,0;Vendor_16;Netherlands;YES
TRX-1018827;2026-06-20;0,0;Vendor_17;China;YES
TRX-1018830;2026-04-04;1449,29;UNKNOWN;UNKNOWN;YES
TRX-1018834;2026-02-27;0,0;Vendor_24;Germany;YES
TRX-1018841;;304,21;UNKNOWN;UNKNOWN;YES
TRX-1018843;2026-03-08;672,82;UNKNOWN;UNKNOWN;YES
TRX-1018852;2026-01-08;0,0;Vendor_26;Netherlands;YES
TRX-1018858;2026-06-13;0,0;Vendor_41;Germany;YES
TRX-1018861;2026-05-05;609,79;UNKNOWN;UNKNOWN;YES
TRX-1018875;2026-04-11;732,44;UNKNOWN;UNKNOWN;YES
TRX-1018882;2026-03-23;93,94;UNKNOWN;UNKNOWN;YES
TRX-1018895;2026-07-25;0,0;Vendor_29;Netherlands;YES
TRX-1018904;2026-06-14;0,0;UNKNOWN;UNKNOWN;YES
TRX-1018906;2026-01-16;0,0;Vendor_21;Germany;YES
TRX-1018908;2026-03-25;0,0;Vendor_6;China;YES
TRX-1018911;2026-01-12;0,0;Vendor_40;China;YES
TRX-1018923;2026-02-25;0,0;Vendor_12;Netherlands;YES
TRX-1018937;2026-02-13;0,0;Vendor_23;Poland;YES
TRX-1018958;2026-05-20;685,66;UNKNOWN;UNKNOWN;YES
TRX-1018960;2026-06-16;0,0;Vendor_2;China;YES
TRX-1018965;2026-02-06;0,0;Vendor_34;China;YES
TRX-1018985;2026-01-12;552,87;UNKNOWN;UNKNOWN;YES
TRX-1018986;2026-07-27;1067,07;UNKNOWN;UNKNOWN;YES
TRX-1018994;;0,0;Vendor_32;Germany;YES
TRX-1018995;2026-08-26;0,0;Vendor_29;Netherlands;YES
TRX-1019004;2026-05-10;0,0;Vendor_17;China;YES
TRX-1019006;2026-06-20;0,0;Vendor_7;China;YES
TRX-1019012;2026-08-05;0,0;Vendor_12;Netherlands;YES
TRX-1019016;2026-02-04;0,0;Vendor_2;China;YES
TRX-1019022;2026-02-27;710,69;UNKNOWN;UNKNOWN;YES
TRX-1019027;2026-02-27;242,25;UNKNOWN;UNKNOWN;YES
TRX-1019028;2026-08-29;0,0;Vendor_19;Netherlands;YES
TRX-1019034;2026-08-08;0,0;Vendor_4;Netherlands;YES
TRX-1019036;2026-07-28;1091,71;UNKNOWN;UNKNOWN;YES
TRX-1019044;2026-02-26;1118,59;UNKNOWN;UNKNOWN;YES
TRX-1019046;2026-04-18;0,0;Vendor_44;Poland;YES
TRX-1019047;2026-01-29;0,0;Vendor_50;Poland;YES
TRX-1019052;2026-06-29;0,0;Vendor_36;Poland;YES
TRX-1019053;2026-07-01;0,0;Vendor_12;Netherlands;YES
TRX-1019054;2026-04-05;0,0;Vendor_48;Netherlands;YES
TRX-1019060;2026-06-30;0,0;Vendor_26;Netherlands;YES
TRX-1019063;2026-04-27;391,0;UNKNOWN;UNKNOWN;YES
TRX-1019064;2026-03-24;113,2;UNKNOWN;UNKNOWN;YES
TRX-1019066;2026-09-08;0,0;Vendor_44;Poland;YES
TRX-1019068;2026-03-04;743,71;UNKNOWN;UNKNOWN;YES
TRX-1019073;2026-09-04;841,99;UNKNOWN;UNKNOWN;YES
TRX-1019082;2026-03-01;1230,86;UNKNOWN;UNKNOWN;YES
TRX-1019084;2026-07-25;0,0;Vendor_17;China;YES
TRX-1019092;2026-01-18;298,93;UNKNOWN;UNKNOWN;YES
TRX-1019093;2026-07-08;1081,95;UNKNOWN;UNKNOWN;YES
TRX-1019096;2026-07-23;0,0;Vendor_35;Poland;YES
TRX-1019100;2026-03-04;0,0;Vendor_50;Poland;YES
TRX-1019112;2026-06-12;0,0;Vendor_35;Poland;YES
TRX-1019128;2026-05-18;0,0;Vendor_17;China;YES
TRX-1019138;2026-06-03;1046,46;UNKNOWN;UNKNOWN;YES
TRX-1019146;;0,0;Vendor_17;China;YES
TRX-1019147;2026-01-12;0,0;Vendor_29;Netherlands;YES
TRX-1019149;2026-07-31;0,0;Vendor_50;Poland;YES
TRX-1019163;2026-07-26;0,0;Vendor_18;China;YES
TRX-1019165;2026-05-01;0,0;Vendor_16;Netherlands;YES
TRX-1019172;2026-02-08;0,0;Vendor_2;China;YES
TRX-1019180;2026-03-31;0,0;UNKNOWN;UNKNOWN;YES
TRX-1019190;2026-06-29;0,0;Vendor_36;Poland;YES
TRX-1019193;;0,0;Vendor_3;Poland;YES
TRX-1019200;2026-04-25;0,0;Vendor_39;Poland;YES
TRX-1019201;2026-04-09;0,0;Vendor_41;Germany;YES
TRX-1019205;2026-05-22;0,0;Vendor_46;Poland;YES
TRX-1019214;2026-08-29;1048,01;UNKNOWN;UNKNOWN;YES
TRX-1019224;2026-03-22;0,0;Vendor_42;Germany;YES
TRX-1019226;2026-08-08;0,0;Vendor_14;China;YES
TRX-1019234;2026-01-16;0,0;Vendor_4;Netherlands;YES
TRX-1019240;2026-09-06;0,0;Vendor_35;Poland;YES
TRX-1019245;2026-04-01;0,0;Vendor_1;Germany;YES
TRX-1019246;2026-03-19;291,95;UNKNOWN;UNKNOWN;YES
TRX-1019254;2026-07-08;0,0;Vendor_5;Poland;YES
TRX-1019277;2026-04-09;0,0;Vendor_42;Germany;YES
TRX-1019281;2026-03-27;0,0;Vendor_27;Poland;YES
TRX-1019297;2026-05-27;0,0;Vendor_30;Netherlands;YES
TRX-1019300;2026-03-17;1279,64;UNKNOWN;UNKNOWN;YES
TRX-1019310;2026-07-02;599,98;UNKNOWN;UNKNOWN;YES
TRX-1019329;2026-03-07;0,0;Vendor_21;Germany;YES
TRX-1019335;2026-05-08;0,0;Vendor_26;Netherlands;YES
TRX-1019338;2026-01-16;0,0;Vendor_45;Poland;YES
TRX-1019341;2026-01-10;0,0;Vendor_42;Germany;YES
TRX-1019344;2026-09-05;0,0;Vendor_39;Poland;YES
TRX-1019345;2026-09-06;1138,68;UNKNOWN;UNKNOWN;YES
TRX-1019347;;0,0;Vendor_34;China;YES
TRX-1019361;2026-07-13;1269,91;UNKNOWN;UNKNOWN;YES
TRX-1019364;2026-07-02;0,0;Vendor_7;China;YES
TRX-1019369;2026-03-02;1269,65;UNKNOWN;UNKNOWN;YES
TRX-1019371;2026-02-06;0,0;Vendor_42;Germany;YES
TRX-1019378;2026-04-13;0,0;Vendor_1;Germany;YES
TRX-1019387;2026-04-07;686,26;UNKNOWN;UNKNOWN;YES
TRX-1019388;2026-05-20;0,0;UNKNOWN;UNKNOWN;YES
TRX-1019403;2026-03-15;934,11;UNKNOWN;UNKNOWN;YES
TRX-1019413;2026-05-04;0,0;Vendor_35;Poland;YES
TRX-1019416;2026-06-23;45,22;UNKNOWN;UNKNOWN;YES
TRX-1019432;;0,0;Vendor_40;China;YES
TRX-1019435;2026-05-30;0,0;UNKNOWN;UNKNOWN;YES
TRX-1019448;2026-02-11;0,0;Vendor_28;Netherlands;YES
TRX-1019450;2026-06-03;0,0;Vendor_38;China;YES
TRX-1019453;2026-08-25;0,0;Vendor_40;China;YES
TRX-1019455;2026-06-21;0,0;Vendor_13;Netherlands;YES
TRX-1019469;2026-07-26;0,0;Vendor_22;Germany;YES
TRX-1019473;;0,0;Vendor_22;Germany;YES
TRX-1019480;2026-03-14;0,0;Vendor_22;Germany;YES
TRX-1019489;2026-01-22;0,0;Vendor_28;Netherlands;YES
TRX-1019493;;0,0;Vendor_34;China;YES
TRX-1019496;2026-08-23;0,0;Vendor_27;Poland;YES
TRX-1019517;2026-09-07;0,0;Vendor_8;Germany;YES
TRX-1019525;2026-04-11;0,0;Vendor_45;Poland;YES
TRX-1019526;2026-07-05;875,44;UNKNOWN;UNKNOWN;YES
TRX-1019532;2026-09-03;0,0;Vendor_30;Netherlands;YES
TRX-1019542;2026-06-11;0,0;Vendor_46;Poland;YES
TRX-1019544;2026-03-30;0,0;Vendor_40;China;YES
TRX-1019545;2026-03-30;1326,0;UNKNOWN;UNKNOWN;YES
TRX-1019547;2026-05-23;538,21;UNKNOWN;UNKNOWN;YES
TRX-1019560;2026-06-06;0,0;UNKNOWN;UNKNOWN;YES
TRX-1019563;2026-07-12;1376,68;UNKNOWN;UNKNOWN;YES
TRX-1019572;2026-05-05;0,0;Vendor_24;Germany;YES
TRX-1019574;2026-04-14;97,09;UNKNOWN;UNKNOWN;YES
TRX-1019587;2026-06-06;840,57;UNKNOWN;UNKNOWN;YES
TRX-1019601;2026-01-29;0,0;Vendor_3;Poland;YES
TRX-1019602;2026-03-19;0,0;UNKNOWN;UNKNOWN;YES
TRX-1019616;2026-02-08;0,0;Vendor_11;Germany;YES
TRX-1019618;2026-06-11;0,0;Vendor_50;Poland;YES
TRX-1019627;2026-07-26;0,0;Vendor_48;Netherlands;YES
TRX-1019629;2026-05-24;0,0;Vendor_30;Netherlands;YES
TRX-1019634;;0,0;Vendor_25;China;YES
TRX-1019636;2026-08-30;0,0;UNKNOWN;UNKNOWN;YES
TRX-1019639;2026-03-16;0,0;Vendor_23;Poland;YES
TRX-1019666;2026-06-02;0,0;Vendor_10;China;YES
TRX-1019668;2026-02-26;0,0;Vendor_47;Netherlands;YES
TRX-1019675;2026-03-13;0,0;Vendor_28;Netherlands;YES
TRX-1019691;2026-06-12;0,0;Vendor_5;Poland;YES
TRX-1019695;2026-01-21;0,0;Vendor_8;Germany;YES
TRX-1019709;2026-02-09;1105,36;UNKNOWN;UNKNOWN;YES
TRX-1019719;2026-06-23;1161,34;UNKNOWN;UNKNOWN;YES
TRX-1019729;2026-05-29;0,0;Vendor_22;Germany;YES
TRX-1019731;2026-01-09;0,0;Vendor_34;China;YES
TRX-1019732;2026-07-24;0,0;Vendor_8;Germany;YES
TRX-1019742;2026-06-15;185,04;UNKNOWN;UNKNOWN;YES
TRX-1019766;2026-02-28;0,0;Vendor_29;Netherlands;YES
TRX-1019785;2026-07-06;0,0;Vendor_5;Poland;YES
TRX-1019796;2026-01-15;0,0;Vendor_40;China;YES
TRX-1019802;2026-06-15;700,67;UNKNOWN;UNKNOWN;YES
TRX-1019812;2026-06-15;1265,82;UNKNOWN;UNKNOWN;YES
TRX-1019824;2026-03-25;0,0;Vendor_17;China;YES
TRX-1019836;2026-05-25;0,0;Vendor_11;Germany;YES
TRX-1019839;;0,0;Vendor_45;Poland;YES
TRX-1019849;2026-06-22;218,06;UNKNOWN;UNKNOWN;YES
TRX-1019852;2026-05-30;47,02;UNKNOWN;UNKNOWN;YES
TRX-1019858;2026-02-06;0,0;Vendor_15;Germany;YES
TRX-1019860;2026-08-06;0,0;Vendor_29;Netherlands;YES
TRX-1019863;2026-01-21;0,0;Vendor_46;Poland;YES
TRX-1019873;;268,68;UNKNOWN;UNKNOWN;YES
TRX-1019880;2026-04-16;0,0;Vendor_6;China;YES
TRX-1019882;2026-03-08;0,0;Vendor_40;China;YES
TRX-1019883;2026-04-18;1466,83;UNKNOWN;UNKNOWN;YES
TRX-1019894;2026-09-01;0,0;Vendor_33;Poland;YES
TRX-1019900;2026-01-09;0,0;Vendor_34;China;YES
TRX-1019908;2026-07-15;1137,47;UNKNOWN;UNKNOWN;YES
TRX-1019915;2026-05-25;494,78;UNKNOWN;UNKNOWN;YES
TRX-1019917;2026-06-09;0,0;Vendor_6;China;YES
TRX-1019929;2026-07-03;23,15;UNKNOWN;UNKNOWN;YES
TRX-1019935;2026-01-02;988,99;UNKNOWN;UNKNOWN;YES
TRX-1019938;2026-02-02;0,0;Vendor_41;Germany;YES
TRX-1019949;2026-01-23;0,0;Vendor_5;Poland;YES
TRX-1019956;2026-09-06;690,65;UNKNOWN;UNKNOWN;YES
TRX-1019965;2026-01-27;0,0;UNKNOWN;UNKNOWN;YES
TRX-1019976;2026-01-02;0,0;Vendor_26;Netherlands;YES
TRX-1019990;;0,0;Vendor_38;China;YES
TRX-1019997;2026-05-16;0,0;Vendor_44;Poland;YES
TRX-1020001;2026-03-03;0,0;Vendor_8;Germany;YES
TRX-1020004;2026-02-08;0,0;Vendor_37;China;YES
TRX-1020006;2026-07-31;0,0;Vendor_42;Germany;YES
TRX-1020010;2026-06-12;1276,33;UNKNOWN;UNKNOWN;YES
TRX-1020013;2026-08-07;775,61;UNKNOWN;UNKNOWN;YES
TRX-1020016;2026-04-23;1474,98;UNKNOWN;UNKNOWN;YES
TRX-1020026;2026-06-26;746,39;UNKNOWN;UNKNOWN;YES
TRX-1020029;2026-07-31;289,73;UNKNOWN;UNKNOWN;YES
TRX-1020030;2026-04-07;0,0;Vendor_39;Poland;YES
TRX-1020039;2026-08-06;0,0;Vendor_39;Poland;YES
TRX-1020040;2026-04-25;0,0;Vendor_14;China;YES
TRX-1020042;2026-01-15;0,0;Vendor_8;Germany;YES
TRX-1020048;2026-07-05;950,15;UNKNOWN;UNKNOWN;YES
TRX-1020051;2026-05-04;0,0;Vendor_12;Netherlands;YES
TRX-1020060;2026-09-03;0,0;Vendor_46;Poland;YES
TRX-1020070;2026-08-23;0,0;Vendor_2;China;YES
TRX-1020074;2026-07-20;0,0;Vendor_43;Netherlands;YES
TRX-1020078;2026-08-13;0,0;Vendor_19;Netherlands;YES
TRX-1020089;2026-05-15;1363,58;UNKNOWN;UNKNOWN;YES
TRX-1020114;2026-08-25;0,0;UNKNOWN;UNKNOWN;YES
TRX-1020119;2026-06-08;1480,0;UNKNOWN;UNKNOWN;YES
TRX-1020128;2026-05-18;0,0;Vendor_44;Poland;YES
TRX-1020144;2026-05-01;0,0;Vendor_26;Netherlands;YES
TRX-1020152;;635,76;UNKNOWN;UNKNOWN;YES
TRX-1020158;;1114,37;UNKNOWN;UNKNOWN;YES
TRX-1020163;2026-03-10;0,0;Vendor_19;Netherlands;YES
TRX-1020182;2026-07-13;0,0;Vendor_4;Netherlands;YES
TRX-1020195;2026-02-18;32,48;UNKNOWN;UNKNOWN;YES
TRX-1020198;2026-05-14;0,0;Vendor_45;Poland;YES
TRX-1020199;2026-05-05;582,39;UNKNOWN;UNKNOWN;YES
TRX-1020200;2026-04-21;130,39;UNKNOWN;UNKNOWN;YES
TRX-1020206;2026-04-01;0,0;Vendor_48;Netherlands;YES
TRX-1020210;2026-05-11;0,0;Vendor_26;Netherlands;YES
TRX-1020213;2026-07-03;273,41;UNKNOWN;UNKNOWN;YES
TRX-1020217;2026-07-30;0,0;Vendor_35;Poland;YES
TRX-1020221;2026-02-03;0,0;Vendor_24;Germany;YES
TRX-1020250;2026-01-06;0,0;Vendor_6;China;YES
TRX-1020254;2026-07-05;0,0;Vendor_19;Netherlands;YES
TRX-1020262;2026-08-29;0,0;UNKNOWN;UNKNOWN;YES
TRX-1020284;2026-01-26;0,0;Vendor_15;Germany;YES
TRX-1020287;2026-05-24;0,0;Vendor_6;China;YES
TRX-1020290;2026-07-29;0,0;Vendor_48;Netherlands;YES
TRX-1020293;2026-07-23;0,0;Vendor_36;Poland;YES
TRX-1020294;2026-03-30;0,0;Vendor_12;Netherlands;YES
TRX-1020303;2026-03-01;0,0;Vendor_39;Poland;YES
TRX-1020313;2026-08-31;0,0;Vendor_48;Netherlands;YES
TRX-1020325;2026-06-08;718,37;UNKNOWN;UNKNOWN;YES
TRX-1020333;2026-02-23;1142,47;UNKNOWN;UNKNOWN;YES
TRX-1020334;;0,0;Vendor_21;Germany;YES
TRX-1020336;2026-07-26;0,0;Vendor_2;China;YES
TRX-1020337;2026-01-06;0,0;Vendor_30;Netherlands;YES
TRX-1020345;2026-03-29;0,0;Vendor_16;Netherlands;YES
TRX-1020356;2026-01-04;1400,87;UNKNOWN;UNKNOWN;YES
TRX-1020376;2026-02-07;0,0;Vendor_13;Netherlands;YES
TRX-1020377;2026-03-24;285,84;UNKNOWN;UNKNOWN;YES
TRX-1020383;2026-02-10;1428,27;UNKNOWN;UNKNOWN;YES
TRX-1020393;2026-05-21;0,0;UNKNOWN;UNKNOWN;YES
TRX-1020399;2026-04-25;0,0;UNKNOWN;UNKNOWN;YES
TRX-1020401;2026-03-06;1192,06;UNKNOWN;UNKNOWN;YES
TRX-1020407;2026-02-12;1437,69;UNKNOWN;UNKNOWN;YES
TRX-1020410;2026-08-22;974,71;UNKNOWN;UNKNOWN;YES
TRX-1020422;2026-08-03;0,0;Vendor_41;Germany;YES
TRX-1020429;2026-01-13;1178,5;UNKNOWN;UNKNOWN;YES
TRX-1020431;2026-04-28;0,0;Vendor_39;Poland;YES
TRX-1020446;2026-01-08;0,0;Vendor_46;Poland;YES
TRX-1020451;2026-01-11;0,0;Vendor_41;Germany;YES
TRX-1020458;2026-06-26;0,0;Vendor_16;Netherlands;YES
TRX-1020466;2026-07-04;0,0;Vendor_8;Germany;YES
TRX-1020468;2026-01-31;0,0;Vendor_7;China;YES
TRX-1020472;2026-09-01;0,0;Vendor_5;Poland;YES
TRX-1020480;2026-07-18;0,0;Vendor_16;Netherlands;YES
TRX-1020483;;0,0;Vendor_15;Germany;YES
TRX-1020486;2026-08-14;0,0;Vendor_19;Netherlands;YES
TRX-1020491;2026-07-10;0,0;Vendor_33;Poland;YES
TRX-1020492;2026-08-05;0,0;Vendor_1;Germany;YES
TRX-1020494;2026-05-08;0,0;Vendor_20;Netherlands;YES
TRX-1020499;2026-08-24;0,0;Vendor_19;Netherlands;YES
TRX-1020500;2026-01-17;1124,14;UNKNOWN;UNKNOWN;YES
TRX-1020502;2026-02-10;0,0;Vendor_45;Poland;YES
TRX-1020503;2026-04-04;0,0;Vendor_4;Netherlands;YES
TRX-1020514;2026-08-19;0,0;Vendor_37;China;YES
TRX-1020517;2026-06-04;0,0;Vendor_42;Germany;YES
TRX-1020523;2026-08-10;0,0;Vendor_42;Germany;YES
TRX-1020533;2026-05-07;0,0;Vendor_2;China;YES
TRX-1020536;2026-06-26;0,0;Vendor_3;Poland;YES
TRX-1020545;2026-06-06;0,0;Vendor_6;China;YES
TRX-1020551;2026-02-20;0,0;Vendor_2;China;YES
TRX-1020556;2026-05-15;0,0;Vendor_25;China;YES
TRX-1020567;2026-07-02;0,0;Vendor_44;Poland;YES
TRX-1020570;2026-02-24;0,0;Vendor_39;Poland;YES
TRX-1020573;2026-04-10;0,0;Vendor_34;China;YES
TRX-1020581;2026-07-15;0,0;Vendor_20;Netherlands;YES
TRX-1020584;2026-08-30;395,48;UNKNOWN;UNKNOWN;YES
TRX-1020593;2026-02-09;1142,38;UNKNOWN;UNKNOWN;YES
TRX-1020598;2026-05-11;0,0;Vendor_4;Netherlands;YES
TRX-1020603;2026-07-07;605,92;UNKNOWN;UNKNOWN;YES
TRX-1020604;2026-06-19;501,97;UNKNOWN;UNKNOWN;YES
TRX-1020620;2026-05-10;0,0;Vendor_26;Netherlands;YES
TRX-1020633;2026-06-19;0,0;Vendor_49;Poland;YES
TRX-1020642;2026-04-04;0,0;Vendor_21;Germany;YES
TRX-1020645;2026-08-17;0,0;Vendor_39;Poland;YES
TRX-1020646;2026-02-07;0,0;Vendor_3;Poland;YES
TRX-1020648;2026-05-25;0,0;Vendor_45;Poland;YES
TRX-1020679;2026-07-06;936,15;UNKNOWN;UNKNOWN;YES
TRX-1020686;2026-06-30;557,51;UNKNOWN;UNKNOWN;YES
TRX-1020689;2026-04-23;0,0;Vendor_19;Netherlands;YES
TRX-1020694;2026-06-14;0,0;Vendor_32;Germany;YES
TRX-1020704;2026-08-12;0,0;Vendor_27;Poland;YES
TRX-1020712;2026-01-15;0,0;Vendor_42;Germany;YES
TRX-1020718;2026-01-31;0,0;Vendor_19;Netherlands;YES
TRX-1020735;2026-07-16;301,98;UNKNOWN;UNKNOWN;YES
TRX-1020736;2026-04-10;0,0;Vendor_15;Germany;YES
TRX-1020739;2026-07-23;0,0;Vendor_2;China;YES
TRX-1020740;2026-04-24;0,0;Vendor_31;Netherlands;YES
TRX-1020746;2026-08-17;0,0;Vendor_41;Germany;YES
TRX-1020752;2026-09-06;0,0;Vendor_15;Germany;YES
TRX-1020754;2026-08-17;0,0;Vendor_14;China;YES
TRX-1020755;2026-08-26;0,0;Vendor_13;Netherlands;YES
TRX-1020760;2026-06-07;0,0;Vendor_50;Poland;YES
TRX-1020774;2026-08-28;0,0;Vendor_15;Germany;YES
TRX-1020778;2026-06-04;501,84;UNKNOWN;UNKNOWN;YES
TRX-1020794;2026-07-10;0,0;Vendor_40;China;YES
TRX-1020795;2026-05-08;0,0;Vendor_13;Netherlands;YES
TRX-1020796;;0,0;Vendor_27;Poland;YES
TRX-1020799;2026-06-11;0,0;Vendor_30;Netherlands;YES
TRX-1020801;2026-05-10;0,0;Vendor_5;Poland;YES
TRX-1020821;2026-01-21;0,0;Vendor_47;Netherlands;YES
TRX-1020829;2026-04-04;0,0;Vendor_5;Poland;YES
TRX-1020831;2026-07-11;0,0;Vendor_9;China;YES
TRX-1020835;2026-04-29;448,6;UNKNOWN;UNKNOWN;YES
TRX-1020836;2026-06-30;0,0;Vendor_16;Netherlands;YES
TRX-1020844;;0,0;Vendor_1;Germany;YES
TRX-1020849;2026-06-15;0,0;Vendor_25;China;YES
TRX-1020856;2026-08-08;0,0;Vendor_9;China;YES
TRX-1020860;2026-07-28;0,0;Vendor_14;China;YES
TRX-1020863;2026-08-28;417,74;UNKNOWN;UNKNOWN;YES
TRX-1020866;2026-04-03;199,49;UNKNOWN;UNKNOWN;YES
TRX-1020867;2026-02-21;0,0;Vendor_36;Poland;YES
TRX-1020880;2026-03-19;350,58;UNKNOWN;UNKNOWN;YES
TRX-1020900;2026-05-06;831,31;UNKNOWN;UNKNOWN;YES
TRX-1020901;2026-05-29;0,0;Vendor_38;China;YES
TRX-1020907;2026-04-08;0,0;Vendor_48;Netherlands;YES
TRX-1020916;2026-08-12;0,0;Vendor_43;Netherlands;YES
TRX-1020922;2026-01-06;0,0;Vendor_26;Netherlands;YES
TRX-1020925;2026-06-19;0,0;Vendor_9;China;YES
TRX-1020926;2026-01-24;0,0;Vendor_42;Germany;YES
TRX-1020934;2026-04-18;811,55;UNKNOWN;UNKNOWN;YES
TRX-1020935;2026-02-11;0,0;Vendor_9;China;YES
TRX-1020936;2026-07-22;150,75;UNKNOWN;UNKNOWN;YES
TRX-1020942;2026-06-24;0,0;Vendor_8;Germany;YES
TRX-1020944;2026-01-18;599,88;UNKNOWN;UNKNOWN;YES
TRX-1020954;2026-04-16;310,92;UNKNOWN;UNKNOWN;YES
TRX-1020978;2026-04-13;355,04;UNKNOWN;UNKNOWN;YES
TRX-1020985;2026-03-23;34,97;UNKNOWN;UNKNOWN;YES
TRX-1021005;;955,47;UNKNOWN;UNKNOWN;YES
TRX-1021010;2026-01-12;0,0;Vendor_10;China;YES
TRX-1021012;2026-02-19;0,0;Vendor_43;Netherlands;YES
TRX-1021018;2026-08-05;0,0;Vendor_47;Netherlands;YES
TRX-1021026;2026-05-17;937,61;UNKNOWN;UNKNOWN;YES
TRX-1021027;2026-04-23;0,0;Vendor_28;Netherlands;YES
TRX-1021031;;0,0;Vendor_2;China;YES
TRX-1021043;2026-06-02;0,0;UNKNOWN;UNKNOWN;YES
TRX-1021048;2026-03-03;0,0;Vendor_45;Poland;YES
TRX-1021067;2026-06-14;1087,06;UNKNOWN;UNKNOWN;YES
TRX-1021068;2026-06-15;0,0;Vendor_27;Poland;YES
TRX-1021069;2026-04-16;670,13;UNKNOWN;UNKNOWN;YES
TRX-1021070;2026-01-07;0,0;Vendor_42;Germany;YES
TRX-1021074;2026-09-05;735,46;UNKNOWN;UNKNOWN;YES
TRX-1021084;2026-06-29;989,63;UNKNOWN;UNKNOWN;YES
TRX-1021093;2026-07-14;0,0;Vendor_31;Netherlands;YES
TRX-1021094;;1137,4;UNKNOWN;UNKNOWN;YES
TRX-1021097;2026-05-17;0,0;Vendor_25;China;YES
TRX-1021108;2026-04-18;0,0;Vendor_22;Germany;YES
TRX-1021109;;0,0;Vendor_16;Netherlands;YES
TRX-1021110;2026-06-16;1375,42;UNKNOWN;UNKNOWN;YES
TRX-1021113;2026-04-29;327,84;UNKNOWN;UNKNOWN;YES
TRX-1021132;2026-08-13;0,0;UNKNOWN;UNKNOWN;YES
TRX-1021140;2026-06-29;0,0;Vendor_38;China;YES
TRX-1021145;2026-01-20;872,04;UNKNOWN;UNKNOWN;YES
TRX-1021154;2026-08-07;682,62;UNKNOWN;UNKNOWN;YES
TRX-1021169;2026-06-07;0,0;Vendor_45;Poland;YES
TRX-1021170;2026-08-17;0,0;Vendor_11;Germany;YES
TRX-1021172;2026-01-21;505,6;UNKNOWN;UNKNOWN;YES
TRX-1021179;2026-04-12;0,0;Vendor_27;Poland;YES
TRX-1021181;2026-01-16;0,0;Vendor_40;China;YES
TRX-1021192;2026-05-30;1344,3;UNKNOWN;UNKNOWN;YES
TRX-1021203;2026-01-27;46,92;UNKNOWN;UNKNOWN;YES
TRX-1021205;2026-07-22;1143,17;UNKNOWN;UNKNOWN;YES
TRX-1021207;2026-04-17;0,0;Vendor_27;Poland;YES
TRX-1021210;2026-04-28;0,0;UNKNOWN;UNKNOWN;YES
TRX-1021225;2026-06-23;0,0;Vendor_24;Germany;YES
TRX-1021236;2026-01-21;1228,12;UNKNOWN;UNKNOWN;YES
TRX-1021249;2026-03-12;504,78;UNKNOWN;UNKNOWN;YES
TRX-1021252;2026-08-31;0,0;Vendor_43;Netherlands;YES
TRX-1021254;2026-07-06;0,0;Vendor_14;China;YES
TRX-1021255;2026-02-27;261,53;UNKNOWN;UNKNOWN;YES
TRX-1021262;2026-06-13;0,0;Vendor_4;Netherlands;YES
TRX-1021268;;204,0;UNKNOWN;UNKNOWN;YES
TRX-1021269;2026-08-31;0,0;Vendor_19;Netherlands;YES
TRX-1021283;2026-02-24;820,67;UNKNOWN;UNKNOWN;YES
TRX-1021293;2026-04-29;0,0;Vendor_44;Poland;YES
TRX-1021299;2026-08-05;0,0;Vendor_34;China;YES
TRX-1021300;2026-03-19;10,15;UNKNOWN;UNKNOWN;YES
TRX-1021303;2026-02-21;0,0;Vendor_15;Germany;YES
TRX-1021310;2026-01-16;0,0;Vendor_49;Poland;YES
TRX-1021339;2026-02-17;0,0;Vendor_3;Poland;YES
TRX-1021341;2026-08-12;0,0;Vendor_46;Poland;YES
TRX-1021342;;0,0;Vendor_32;Germany;YES
TRX-1021344;2026-01-04;0,0;Vendor_6;China;YES
TRX-1021349;2026-03-21;0,0;Vendor_45;Poland;YES
TRX-1021351;2026-01-11;0,0;Vendor_24;Germany;YES
TRX-1021352;2026-04-17;0,0;Vendor_37;China;YES
TRX-1021369;2026-05-31;0,0;Vendor_34;China;YES
TRX-1021376;2026-07-12;0,0;Vendor_21;Germany;YES
TRX-1021383;2026-06-22;0,0;Vendor_21;Germany;YES
TRX-1021401;2026-03-21;0,0;Vendor_18;China;YES
TRX-1021403;2026-03-03;0,0;Vendor_2;China;YES
TRX-1021411;2026-01-10;421,52;UNKNOWN;UNKNOWN;YES
TRX-1021414;2026-06-20;0,0;Vendor_41;Germany;YES
TRX-1021416;2026-01-08;0,0;Vendor_24;Germany;YES
TRX-1021420;2026-01-07;1171,07;UNKNOWN;UNKNOWN;YES
TRX-1021422;2026-03-24;0,0;Vendor_37;China;YES
TRX-1021435;2026-04-19;0,0;Vendor_19;Netherlands;YES
TRX-1021436;2026-07-07;0,0;Vendor_40;China;YES
TRX-1021442;2026-04-18;0,0;Vendor_9;China;YES
TRX-1021453;2026-05-22;0,0;Vendor_44;Poland;YES
TRX-1021465;2026-01-01;0,0;Vendor_36;Poland;YES
TRX-1021466;2026-07-20;1328,01;UNKNOWN;UNKNOWN;YES
TRX-1021467;2026-07-04;930,69;UNKNOWN;UNKNOWN;YES
TRX-1021476;2026-01-25;0,0;Vendor_21;Germany;YES
TRX-1021482;2026-07-23;1390,48;UNKNOWN;UNKNOWN;YES
TRX-1021483;2026-07-14;700,9;UNKNOWN;UNKNOWN;YES
TRX-1021486;2026-02-10;1320,51;UNKNOWN;UNKNOWN;YES
TRX-1021497;2026-02-21;63,22;UNKNOWN;UNKNOWN;YES
TRX-1021510;2026-04-16;0,0;Vendor_40;China;YES
TRX-1021511;2026-07-18;0,0;Vendor_2;China;YES
TRX-1021516;2026-07-25;0,0;Vendor_8;Germany;YES
TRX-1021518;2026-03-05;173,18;UNKNOWN;UNKNOWN;YES
TRX-1021519;2026-03-22;0,0;Vendor_45;Poland;YES
TRX-1021521;2026-08-24;497,61;UNKNOWN;UNKNOWN;YES
TRX-1021545;2026-06-10;0,0;Vendor_14;China;YES
TRX-1021562;2026-06-22;1280,24;UNKNOWN;UNKNOWN;YES
TRX-1021569;2026-01-26;755,51;UNKNOWN;UNKNOWN;YES
TRX-1021570;2026-03-24;900,5;UNKNOWN;UNKNOWN;YES
TRX-1021581;2026-09-06;1220,62;UNKNOWN;UNKNOWN;YES
TRX-1021584;2026-06-04;0,0;Vendor_49;Poland;YES
TRX-1021607;2026-06-19;70,75;UNKNOWN;UNKNOWN;YES
TRX-1021610;2026-07-29;777,01;UNKNOWN;UNKNOWN;YES
TRX-1021619;2026-04-27;0,0;Vendor_5;Poland;YES
TRX-1021620;2026-08-02;766,17;UNKNOWN;UNKNOWN;YES
TRX-1021629;2026-07-24;0,0;Vendor_46;Poland;YES
TRX-1021630;2026-01-28;0,0;Vendor_45;Poland;YES
TRX-1021632;2026-06-14;0,0;Vendor_44;Poland;YES
TRX-1021634;;0,0;Vendor_28;Netherlands;YES
TRX-1021643;2026-02-11;0,0;Vendor_49;Poland;YES
TRX-1021647;2026-04-23;125,59;UNKNOWN;UNKNOWN;YES
TRX-1021664;2026-04-02;0,0;Vendor_34;China;YES
TRX-1021670;2026-03-15;0,0;Vendor_40;China;YES
TRX-1021672;2026-02-17;427,17;UNKNOWN;UNKNOWN;YES
TRX-1021680;2026-03-19;0,0;Vendor_26;Netherlands;YES
TRX-1021690;2026-07-25;0,0;Vendor_36;Poland;YES
TRX-1021694;2026-01-18;0,0;Vendor_50;Poland;YES
TRX-1021695;2026-05-18;0,0;Vendor_26;Netherlands;YES
TRX-1021707;2026-03-26;1030,13;UNKNOWN;UNKNOWN;YES
TRX-1021715;2026-03-07;0,0;Vendor_3;Poland;YES
TRX-1021732;2026-06-17;550,14;UNKNOWN;UNKNOWN;YES
TRX-1021741;2026-05-14;0,0;Vendor_3;Poland;YES
TRX-1021745;2026-04-03;0,0;Vendor_44;Poland;YES
TRX-1021754;2026-05-30;0,0;Vendor_32;Germany;YES
TRX-1021758;2026-08-02;0,0;UNKNOWN;UNKNOWN;YES
TRX-1021760;2026-02-26;0,0;Vendor_12;Netherlands;YES
TRX-1021765;2026-08-26;0,0;Vendor_6;China;YES
TRX-1021769;2026-08-30;0,0;Vendor_3;Poland;YES
TRX-1021815;2026-04-02;0,0;Vendor_28;Netherlands;YES
TRX-1021816;;0,0;Vendor_23;Poland;YES
TRX-1021825;2026-01-15;0,0;Vendor_50;Poland;YES
TRX-1021831;2026-04-09;0,0;Vendor_39;Poland;YES
TRX-1021839;2026-08-09;800,34;UNKNOWN;UNKNOWN;YES
TRX-1021840;2026-08-23;0,0;Vendor_14;China;YES
TRX-1021841;2026-08-15;0,0;Vendor_45;Poland;YES
TRX-1021857;2026-01-05;0,0;Vendor_11;Germany;YES
TRX-1021874;2026-09-01;0,0;Vendor_20;Netherlands;YES
TRX-1021875;2026-05-08;0,0;Vendor_47;Netherlands;YES
TRX-1021878;2026-07-18;0,0;Vendor_16;Netherlands;YES
TRX-1021901;2026-09-07;0,0;Vendor_9;China;YES
TRX-1021906;2026-09-05;975,09;UNKNOWN;UNKNOWN;YES
TRX-1021908;2026-02-18;0,0;Vendor_12;Netherlands;YES
TRX-1021912;2026-07-23;0,0;Vendor_4;Netherlands;YES
TRX-1021916;2026-01-20;0,0;Vendor_15;Germany;YES
TRX-1021925;2026-04-06;0,0;Vendor_3;Poland;YES
TRX-1021934;2026-08-21;0,0;Vendor_4;Netherlands;YES
TRX-1021946;;584,07;UNKNOWN;UNKNOWN;YES
TRX-1021950;2026-05-07;653,35;UNKNOWN;UNKNOWN;YES
TRX-1021960;2026-02-13;0,0;Vendor_18;China;YES
TRX-1021964;2026-07-17;0,0;Vendor_33;Poland;YES
TRX-1021983;;891,24;UNKNOWN;UNKNOWN;YES
TRX-1021992;2026-09-04;1270,91;UNKNOWN;UNKNOWN;YES
TRX-1021997;2026-07-03;1341,4;UNKNOWN;UNKNOWN;YES
TRX-1022001;;0,0;Vendor_40;China;YES
TRX-1022002;2026-04-29;1300,33;UNKNOWN;UNKNOWN;YES
TRX-1022003;2026-02-10;0,0;Vendor_28;Netherlands;YES
TRX-1022011;2026-08-11;439,69;UNKNOWN;UNKNOWN;YES
TRX-1022014;2026-03-09;918,56;UNKNOWN;UNKNOWN;YES
TRX-1022018;2026-01-22;0,0;Vendor_20;Netherlands;YES
TRX-1022021;2026-07-29;0,0;Vendor_29;Netherlands;YES
TRX-1022025;2026-04-02;499,19;UNKNOWN;UNKNOWN;YES
TRX-1022029;;0,0;Vendor_35;Poland;YES
TRX-1022033;2026-02-10;0,0;Vendor_26;Netherlands;YES
TRX-1022045;2026-06-10;0,0;Vendor_36;Poland;YES
TRX-1022055;;990,67;UNKNOWN;UNKNOWN;YES
TRX-1022057;2026-08-16;0,0;Vendor_30;Netherlands;YES
TRX-1022064;2026-04-06;1273,48;UNKNOWN;UNKNOWN;YES
TRX-1022068;2026-05-31;1342,31;UNKNOWN;UNKNOWN;YES
TRX-1022070;2026-04-02;352,52;UNKNOWN;UNKNOWN;YES
TRX-1022077;2026-08-17;0,0;Vendor_30;Netherlands;YES
TRX-1022081;2026-05-15;0,0;Vendor_46;Poland;YES
TRX-1022090;2026-06-25;0,0;Vendor_4;Netherlands;YES
TRX-1022099;2026-01-26;0,0;Vendor_11;Germany;YES
TRX-1022103;2026-01-05;1115,25;UNKNOWN;UNKNOWN;YES
TRX-1022109;2026-05-06;814,34;UNKNOWN;UNKNOWN;YES
TRX-1022114;2026-02-24;0,0;Vendor_1;Germany;YES
TRX-1022117;2026-06-12;930,94;UNKNOWN;UNKNOWN;YES
TRX-1022144;2026-09-07;0,0;Vendor_34;China;YES
TRX-1022148;2026-04-21;0,0;Vendor_44;Poland;YES
TRX-1022158;2026-04-04;294,23;UNKNOWN;UNKNOWN;YES
TRX-1022160;2026-08-20;1168,44;UNKNOWN;UNKNOWN;YES
TRX-1022165;2026-01-21;696,33;UNKNOWN;UNKNOWN;YES
TRX-1022172;2026-05-06;0,0;Vendor_11;Germany;YES
TRX-1022173;2026-06-07;0,0;Vendor_7;China;YES
TRX-1022203;2026-09-08;192,96;UNKNOWN;UNKNOWN;YES
TRX-1022205;2026-01-26;971,57;UNKNOWN;UNKNOWN;YES
TRX-1022207;;0,0;Vendor_35;Poland;YES
TRX-1022223;2026-04-08;0,0;Vendor_12;Netherlands;YES
TRX-1022232;2026-04-15;1002,85;UNKNOWN;UNKNOWN;YES
TRX-1022238;2026-01-17;0,0;Vendor_39;Poland;YES
TRX-1022245;2026-06-19;126,75;UNKNOWN;UNKNOWN;YES
TRX-1022257;2026-02-13;0,0;Vendor_8;Germany;YES
TRX-1022266;2026-02-01;0,0;Vendor_12;Netherlands;YES
TRX-1022275;2026-06-25;483,9;UNKNOWN;UNKNOWN;YES
TRX-1022284;2026-07-22;1262,75;UNKNOWN;UNKNOWN;YES
TRX-1022317;2026-05-31;0,0;Vendor_17;China;YES
TRX-1022319;2026-07-18;0,0;Vendor_3;Poland;YES
TRX-1022321;2026-02-18;0,0;Vendor_29;Netherlands;YES
TRX-1022328;2026-01-23;0,0;Vendor_33;Poland;YES
TRX-1022329;2026-02-03;0,0;Vendor_7;China;YES
TRX-1022338;2026-01-14;1223,6;UNKNOWN;UNKNOWN;YES
TRX-1022340;2026-02-24;991,79;UNKNOWN;UNKNOWN;YES
TRX-1022341;2026-07-06;0,0;Vendor_45;Poland;YES
TRX-1022349;2026-05-18;0,0;Vendor_31;Netherlands;YES
TRX-1022356;2026-01-15;482,88;UNKNOWN;UNKNOWN;YES
TRX-1022364;2026-08-12;0,0;UNKNOWN;UNKNOWN;YES
TRX-1022366;2026-02-25;0,0;Vendor_8;Germany;YES
TRX-1022375;2026-07-31;0,0;Vendor_41;Germany;YES
TRX-1022379;2026-07-17;308,48;UNKNOWN;UNKNOWN;YES
TRX-1022383;2026-06-10;0,0;Vendor_8;Germany;YES
TRX-1022384;2026-03-17;0,0;Vendor_48;Netherlands;YES
TRX-1022385;2026-04-02;0,0;Vendor_7;China;YES
TRX-1022392;;1210,04;UNKNOWN;UNKNOWN;YES
TRX-1022394;2026-06-10;0,0;Vendor_32;Germany;YES
TRX-1022396;2026-07-15;0,0;Vendor_49;Poland;YES
TRX-1022399;2026-02-06;0,0;Vendor_7;China;YES
TRX-1022403;2026-06-07;0,0;Vendor_35;Poland;YES
TRX-1022407;2026-07-01;0,0;Vendor_33;Poland;YES
TRX-1022415;2026-07-16;461,01;UNKNOWN;UNKNOWN;YES
TRX-1022420;2026-04-07;658,07;UNKNOWN;UNKNOWN;YES
TRX-1022424;2026-01-03;490,29;UNKNOWN;UNKNOWN;YES
TRX-1022443;2026-03-18;891,27;UNKNOWN;UNKNOWN;YES
TRX-1022449;2026-07-02;1464,02;UNKNOWN;UNKNOWN;YES
TRX-1022452;2026-02-15;0,0;Vendor_46;Poland;YES
TRX-1022455;2026-03-03;0,0;Vendor_41;Germany;YES
TRX-1022460;2026-01-30;1120,22;UNKNOWN;UNKNOWN;YES
TRX-1022461;2026-05-30;1369,08;UNKNOWN;UNKNOWN;YES
TRX-1022499;;0,0;Vendor_40;China;YES
TRX-1022504;2026-07-19;0,0;Vendor_30;Netherlands;YES
TRX-1022508;2026-06-21;1304,81;UNKNOWN;UNKNOWN;YES
TRX-1022510;2026-08-17;1062,21;UNKNOWN;UNKNOWN;YES
TRX-1022516;2026-04-05;306,65;UNKNOWN;UNKNOWN;YES
TRX-1022520;2026-04-19;0,0;Vendor_13;Netherlands;YES
TRX-1022524;2026-08-14;0,0;Vendor_47;Netherlands;YES
TRX-1022535;2026-06-22;0,0;Vendor_21;Germany;YES
TRX-1022538;2026-01-19;318,49;UNKNOWN;UNKNOWN;YES
TRX-1022541;2026-06-06;0,0;Vendor_10;China;YES
TRX-1022545;2026-06-03;0,0;Vendor_34;China;YES
TRX-1022557;2026-07-05;0,0;Vendor_12;Netherlands;YES
TRX-1022560;2026-01-22;420,52;UNKNOWN;UNKNOWN;YES
TRX-1022563;2026-08-30;0,0;Vendor_9;China;YES
TRX-1022564;2026-07-12;0,0;Vendor_39;Poland;YES
TRX-1022568;2026-04-10;1058,73;UNKNOWN;UNKNOWN;YES
TRX-1022594;2026-08-11;0,0;Vendor_41;Germany;YES
TRX-1022618;2026-06-06;0,0;Vendor_41;Germany;YES
TRX-1022619;2026-07-04;0,0;Vendor_8;Germany;YES
TRX-1022629;2026-01-09;0,0;Vendor_30;Netherlands;YES
TRX-1022630;2026-04-11;685,16;UNKNOWN;UNKNOWN;YES
TRX-1022633;2026-03-05;0,0;Vendor_50;Poland;YES
TRX-1022669;2026-05-01;0,0;Vendor_15;Germany;YES
TRX-1022692;2026-01-06;0,0;Vendor_17;China;YES
TRX-1022697;2026-05-23;1489,4;UNKNOWN;UNKNOWN;YES
TRX-1022700;2026-04-26;567,45;UNKNOWN;UNKNOWN;YES
TRX-1022710;2026-08-26;606,3;UNKNOWN;UNKNOWN;YES
TRX-1022726;2026-08-03;0,0;UNKNOWN;UNKNOWN;YES
TRX-1022728;2026-02-13;0,0;Vendor_18;China;YES
TRX-1022746;2026-06-20;0,0;Vendor_41;Germany;YES
TRX-1022760;2026-07-13;1121,03;UNKNOWN;UNKNOWN;YES
TRX-1022764;2026-01-14;0,0;Vendor_26;Netherlands;YES
TRX-1022765;2026-05-11;521,61;UNKNOWN;UNKNOWN;YES
TRX-1022771;2026-05-20;870,8;UNKNOWN;UNKNOWN;YES
TRX-1022774;2026-08-15;0,0;Vendor_22;Germany;YES
TRX-1022776;2026-07-18;841,25;UNKNOWN;UNKNOWN;YES
TRX-1022781;2026-06-02;0,0;Vendor_24;Germany;YES
TRX-1022789;2026-06-17;1360,52;UNKNOWN;UNKNOWN;YES
TRX-1022794;2026-07-20;1422,87;UNKNOWN;UNKNOWN;YES
TRX-1022807;2026-04-22;0,0;Vendor_10;China;YES
TRX-1022808;2026-04-11;237,14;UNKNOWN;UNKNOWN;YES
TRX-1022809;2026-04-06;482,81;UNKNOWN;UNKNOWN;YES
TRX-1022835;2026-05-22;0,0;Vendor_48;Netherlands;YES
TRX-1022840;;979,28;UNKNOWN;UNKNOWN;YES
TRX-1022852;2026-04-02;0,0;Vendor_7;China;YES
TRX-1022867;2026-09-03;0,0;Vendor_39;Poland;YES
TRX-1022873;2026-01-27;0,0;Vendor_40;China;YES
TRX-1022879;2026-03-04;0,0;Vendor_46;Poland;YES
TRX-1022883;2026-05-30;0,0;Vendor_4;Netherlands;YES
TRX-1022886;2026-07-01;577,96;UNKNOWN;UNKNOWN;YES
TRX-1022899;2026-03-23;0,0;Vendor_22;Germany;YES
TRX-1022913;2026-06-10;0,0;Vendor_7;China;YES
TRX-1022923;2026-03-25;0,0;Vendor_32;Germany;YES
TRX-1022926;2026-04-16;0,0;Vendor_6;China;YES
TRX-1022936;2026-03-15;0,0;Vendor_8;Germany;YES
TRX-1022963;2026-02-23;0,0;Vendor_8;Germany;YES
TRX-1022971;2026-03-13;922,48;UNKNOWN;UNKNOWN;YES
TRX-1022978;2026-04-17;0,0;Vendor_18;China;YES
TRX-1022981;2026-01-28;0,0;Vendor_4;Netherlands;YES
TRX-1022986;2026-01-15;0,0;Vendor_11;Germany;YES
TRX-1022987;2026-02-12;0,0;Vendor_27;Poland;YES
TRX-1022991;2026-08-06;0,0;Vendor_24;Germany;YES
TRX-1022993;2026-02-02;0,0;Vendor_36;Poland;YES
TRX-1022997;2026-06-08;0,0;Vendor_22;Germany;YES
TRX-1023027;2026-06-05;803,86;UNKNOWN;UNKNOWN;YES
TRX-1023032;2026-03-07;0,0;Vendor_50;Poland;YES
TRX-1023033;2026-07-14;0,0;Vendor_23;Poland;YES
TRX-1023045;2026-04-13;0,0;Vendor_29;Netherlands;YES
TRX-1023054;2026-02-07;0,0;Vendor_24;Germany;YES
TRX-1023064;2026-09-02;881,77;UNKNOWN;UNKNOWN;YES
TRX-1023066;2026-03-26;0,0;Vendor_31;Netherlands;YES
TRX-1023076;2026-08-06;0,0;Vendor_1;Germany;YES
TRX-1023079;2026-05-03;0,0;Vendor_7;China;YES
TRX-1023089;2026-05-12;0,0;Vendor_10;China;YES
TRX-1023090;2026-07-20;0,0;UNKNOWN;UNKNOWN;YES
TRX-1023094;;0,0;UNKNOWN;UNKNOWN;YES
TRX-1023097;2026-08-11;0,0;Vendor_29;Netherlands;YES
TRX-1023108;2026-08-04;0,0;Vendor_33;Poland;YES
TRX-1023118;2026-08-24;0,0;Vendor_13;Netherlands;YES
TRX-1023131;;0,0;Vendor_3;Poland;YES
TRX-1023137;2026-06-06;0,0;Vendor_34;China;YES
TRX-1023153;2026-05-29;0,0;Vendor_26;Netherlands;YES
TRX-1023160;2026-04-30;0,0;Vendor_46;Poland;YES
TRX-1023175;2026-01-12;160,5;UNKNOWN;UNKNOWN;YES
TRX-1023181;2026-02-11;0,0;Vendor_29;Netherlands;YES
TRX-1023184;2026-07-03;0,0;Vendor_34;China;YES
TRX-1023186;2026-07-03;0,0;Vendor_16;Netherlands;YES
TRX-1023193;2026-03-22;0,0;Vendor_11;Germany;YES
TRX-1023194;2026-01-19;1374,61;UNKNOWN;UNKNOWN;YES
TRX-1023198;2026-05-28;609,28;UNKNOWN;UNKNOWN;YES
TRX-1023199;2026-05-25;1131,2;UNKNOWN;UNKNOWN;YES
TRX-1023224;2026-01-20;0,0;Vendor_50;Poland;YES
TRX-1023228;2026-07-31;0,0;UNKNOWN;UNKNOWN;YES
TRX-1023240;2026-04-17;0,0;Vendor_33;Poland;YES
TRX-1023242;2026-04-14;0,0;Vendor_12;Netherlands;YES
TRX-1023252;2026-07-28;236,68;UNKNOWN;UNKNOWN;YES
TRX-1023262;2026-08-24;0,0;Vendor_25;China;YES
TRX-1023265;2026-08-16;0,0;Vendor_22;Germany;YES
TRX-1023275;2026-08-25;0,0;Vendor_10;China;YES
TRX-1023285;2026-07-05;0,0;Vendor_48;Netherlands;YES
TRX-1023288;2026-05-30;1437,83;UNKNOWN;UNKNOWN;YES
TRX-1023291;2026-01-21;0,0;Vendor_47;Netherlands;YES
TRX-1023292;2026-02-22;479,6;UNKNOWN;UNKNOWN;YES
TRX-1023319;2026-08-10;0,0;UNKNOWN;UNKNOWN;YES
TRX-1023320;2026-03-23;0,0;Vendor_33;Poland;YES
TRX-1023341;2026-06-11;0,0;Vendor_18;China;YES
TRX-1023350;2026-08-06;0,0;UNKNOWN;UNKNOWN;YES
TRX-1023359;2026-03-24;82,47;UNKNOWN;UNKNOWN;YES
TRX-1023361;2026-05-22;0,0;Vendor_35;Poland;YES
TRX-1023362;;0,0;Vendor_40;China;YES
TRX-1023363;2026-03-23;0,0;Vendor_10;China;YES
TRX-1023365;2026-02-11;0,0;Vendor_16;Netherlands;YES
TRX-1023377;2026-06-20;0,0;Vendor_44;Poland;YES
TRX-1023384;2026-07-09;0,0;Vendor_26;Netherlands;YES
TRX-1023388;2026-06-21;434,46;UNKNOWN;UNKNOWN;YES
TRX-1023395;2026-05-02;0,0;Vendor_3;Poland;YES
TRX-1023397;2026-06-17;0,0;Vendor_46;Poland;YES
TRX-1023406;2026-08-27;0,0;UNKNOWN;UNKNOWN;YES
TRX-1023407;2026-05-25;43,7;UNKNOWN;UNKNOWN;YES
TRX-1023410;2026-04-02;862,42;UNKNOWN;UNKNOWN;YES
TRX-1023416;2026-07-16;301,38;UNKNOWN;UNKNOWN;YES
TRX-1023420;2026-05-25;0,0;Vendor_25;China;YES
TRX-1023425;2026-02-18;1287,22;UNKNOWN;UNKNOWN;YES
TRX-1023440;2026-04-03;0,0;Vendor_41;Germany;YES
TRX-1023458;2026-01-09;1245,68;UNKNOWN;UNKNOWN;YES
TRX-1023464;2026-03-26;1285,82;UNKNOWN;UNKNOWN;YES
TRX-1023468;2026-01-25;0,0;Vendor_3;Poland;YES
TRX-1023476;2026-01-07;0,0;Vendor_29;Netherlands;YES
TRX-1023479;2026-06-17;0,0;Vendor_50;Poland;YES
TRX-1023483;2026-03-23;213,89;UNKNOWN;UNKNOWN;YES
TRX-1023485;2026-04-07;0,0;Vendor_46;Poland;YES
TRX-1023488;2026-04-12;0,0;Vendor_42;Germany;YES
TRX-1023493;2026-07-18;0,0;Vendor_40;China;YES
TRX-1023494;2026-04-03;310,81;UNKNOWN;UNKNOWN;YES
TRX-1023507;2026-01-21;1430,38;UNKNOWN;UNKNOWN;YES
TRX-1023509;2026-01-08;1095,56;UNKNOWN;UNKNOWN;YES
TRX-1023514;2026-06-07;0,0;Vendor_15;Germany;YES
TRX-1023520;2026-08-10;0,0;Vendor_7;China;YES
TRX-1023524;2026-07-14;1399,74;UNKNOWN;UNKNOWN;YES
TRX-1023534;2026-03-04;0,0;Vendor_50;Poland;YES
TRX-1023535;2026-02-16;0,0;Vendor_29;Netherlands;YES
TRX-1023537;2026-02-14;0,0;Vendor_4;Netherlands;YES
TRX-1023548;2026-04-17;0,0;Vendor_9;China;YES
TRX-1023565;2026-03-10;0,0;Vendor_2;China;YES
TRX-1023576;2026-03-30;926,08;UNKNOWN;UNKNOWN;YES
TRX-1023578;2026-05-22;0,0;Vendor_7;China;YES
TRX-1023581;2026-07-23;0,0;Vendor_30;Netherlands;YES
TRX-1023600;2026-01-19;0,0;Vendor_32;Germany;YES
TRX-1023607;2026-05-25;0,0;Vendor_25;China;YES
TRX-1023617;2026-07-08;680,04;UNKNOWN;UNKNOWN;YES
TRX-1023620;2026-01-27;0,0;UNKNOWN;UNKNOWN;YES
TRX-1023621;2026-01-14;0,0;Vendor_36;Poland;YES
TRX-1023622;2026-05-22;1112,85;UNKNOWN;UNKNOWN;YES
TRX-1023623;2026-05-29;0,0;Vendor_30;Netherlands;YES
TRX-1023631;2026-04-03;0,0;Vendor_16;Netherlands;YES
TRX-1023639;2026-03-04;0,0;Vendor_37;China;YES
TRX-1023645;2026-07-10;0,0;Vendor_21;Germany;YES
TRX-1023648;2026-03-22;0,0;Vendor_34;China;YES
TRX-1023651;2026-02-04;404,93;UNKNOWN;UNKNOWN;YES
TRX-1023653;2026-06-11;416,08;UNKNOWN;UNKNOWN;YES
TRX-1023660;2026-08-31;0,0;Vendor_21;Germany;YES
TRX-1023667;2026-07-22;744,56;UNKNOWN;UNKNOWN;YES
TRX-1023668;2026-04-20;1247,95;UNKNOWN;UNKNOWN;YES
TRX-1023673;2026-03-12;0,0;Vendor_24;Germany;YES
TRX-1023679;2026-08-14;0,0;Vendor_20;Netherlands;YES
TRX-1023690;2026-07-29;0,0;Vendor_35;Poland;YES
TRX-1023694;2026-05-30;0,0;Vendor_48;Netherlands;YES
TRX-1023698;2026-04-17;0,0;Vendor_25;China;YES
TRX-1023706;2026-02-28;558,5;UNKNOWN;UNKNOWN;YES
TRX-1023709;2026-01-15;51,35;UNKNOWN;UNKNOWN;YES
TRX-1023717;2026-07-14;0,0;Vendor_2;China;YES
TRX-1023726;2026-08-12;0,0;Vendor_24;Germany;YES
TRX-1023727;2026-08-28;0,0;Vendor_31;Netherlands;YES
TRX-1023730;2026-01-22;0,0;Vendor_34;China;YES
TRX-1023732;2026-05-03;218,31;UNKNOWN;UNKNOWN;YES
TRX-1023740;2026-07-12;0,0;Vendor_24;Germany;YES
TRX-1023741;2026-06-10;0,0;Vendor_5;Poland;YES
TRX-1023752;2026-03-11;0,0;Vendor_36;Poland;YES
TRX-1023754;2026-04-25;0,0;Vendor_13;Netherlands;YES
TRX-1023756;2026-08-25;0,0;Vendor_29;Netherlands;YES
TRX-1023767;2026-06-02;0,0;Vendor_30;Netherlands;YES
TRX-1023776;2026-03-28;0,0;Vendor_5;Poland;YES
TRX-1023778;2026-01-18;0,0;Vendor_28;Netherlands;YES
TRX-1023783;2026-04-29;0,0;Vendor_45;Poland;YES
TRX-1023786;2026-07-17;0,0;Vendor_32;Germany;YES
TRX-1023790;2026-03-10;0,0;Vendor_27;Poland;YES
TRX-1023798;2026-05-15;0,0;Vendor_34;China;YES
TRX-1023823;2026-05-04;0,0;Vendor_14;China;YES
TRX-1023825;2026-02-24;0,0;Vendor_40;China;YES
TRX-1023829;2026-07-30;0,0;Vendor_45;Poland;YES
TRX-1023830;2026-03-28;0,0;Vendor_34;China;YES
TRX-1023833;2026-08-04;208,59;UNKNOWN;UNKNOWN;YES
TRX-1023840;2026-05-19;491,59;UNKNOWN;UNKNOWN;YES
TRX-1023841;2026-01-08;0,0;Vendor_32;Germany;YES
TRX-1023853;2026-04-05;0,0;Vendor_20;Netherlands;YES
TRX-1023855;2026-02-02;0,0;Vendor_49;Poland;YES
TRX-1023857;2026-03-24;0,0;Vendor_38;China;YES
TRX-1023865;2026-01-16;580,9;UNKNOWN;UNKNOWN;YES
TRX-1023869;2026-04-05;0,0;Vendor_30;Netherlands;YES
TRX-1023879;2026-07-17;0,0;Vendor_43;Netherlands;YES
TRX-1023896;2026-07-28;287,34;UNKNOWN;UNKNOWN;YES
TRX-1023902;2026-08-11;0,0;Vendor_4;Netherlands;YES
TRX-1023905;2026-02-23;0,0;Vendor_42;Germany;YES
TRX-1023912;;0,0;Vendor_19;Netherlands;YES
TRX-1023928;2026-02-15;0,0;Vendor_50;Poland;YES
TRX-1023934;2026-01-04;75,3;UNKNOWN;UNKNOWN;YES
TRX-1023935;2026-01-02;353,02;UNKNOWN;UNKNOWN;YES
TRX-1023940;2026-04-08;0,0;Vendor_17;China;YES
TRX-1023944;2026-07-11;99,79;UNKNOWN;UNKNOWN;YES
TRX-1023949;2026-01-14;0,0;Vendor_45;Poland;YES
TRX-1023960;2026-02-24;0,0;Vendor_29;Netherlands;YES
TRX-1023965;2026-07-04;0,0;Vendor_30;Netherlands;YES
TRX-1023967;2026-04-11;0,0;Vendor_35;Poland;YES
TRX-1023971;2026-05-07;0,0;Vendor_46;Poland;YES
TRX-1023975;2026-04-26;1175,94;UNKNOWN;UNKNOWN;YES
TRX-1023981;2026-04-09;264,01;UNKNOWN;UNKNOWN;YES
TRX-1023989;2026-02-28;0,0;Vendor_3;Poland;YES
TRX-1023990;2026-02-02;0,0;Vendor_5;Poland;YES
TRX-1023995;2026-05-20;1194,23;UNKNOWN;UNKNOWN;YES
TRX-1023996;2026-03-31;0,0;Vendor_26;Netherlands;YES
TRX-1024015;2026-04-20;0,0;Vendor_29;Netherlands;YES
TRX-1024016;2026-06-30;0,0;Vendor_2;China;YES
TRX-1024021;2026-04-16;0,0;Vendor_50;Poland;YES
TRX-1024024;2026-06-30;1368,81;UNKNOWN;UNKNOWN;YES
TRX-1024025;2026-02-13;0,0;Vendor_18;China;YES
TRX-1024027;;0,0;Vendor_5;Poland;YES
TRX-1024053;2026-03-25;73,45;UNKNOWN;UNKNOWN;YES
TRX-1024054;2026-05-22;282,73;UNKNOWN;UNKNOWN;YES
TRX-1024056;2026-07-14;474,93;UNKNOWN;UNKNOWN;YES
TRX-1024059;2026-03-22;1083,48;UNKNOWN;UNKNOWN;YES
TRX-1024061;2026-05-11;0,0;Vendor_44;Poland;YES
TRX-1024076;2026-03-15;0,0;Vendor_11;Germany;YES
TRX-1024083;2026-01-23;0,0;Vendor_6;China;YES
TRX-1024084;2026-07-12;0,0;Vendor_45;Poland;YES
TRX-1024108;2026-07-09;0,0;Vendor_37;China;YES
TRX-1024119;2026-06-18;0,0;Vendor_20;Netherlands;YES
TRX-1024120;2026-04-23;0,0;Vendor_15;Germany;YES
TRX-1024122;2026-08-21;0,0;Vendor_24;Germany;YES
TRX-1024124;2026-03-29;0,0;Vendor_23;Poland;YES
TRX-1024130;2026-08-26;0,0;Vendor_38;China;YES
TRX-1024148;2026-04-10;0,0;UNKNOWN;UNKNOWN;YES
TRX-1024154;2026-06-15;0,0;Vendor_35;Poland;YES
TRX-1024163;2026-08-31;394,76;UNKNOWN;UNKNOWN;YES
TRX-1024165;2026-02-03;0,0;Vendor_39;Poland;YES
TRX-1024176;2026-03-13;0,0;Vendor_5;Poland;YES
TRX-1024178;2026-09-08;0,0;Vendor_24;Germany;YES
TRX-1024179;2026-08-20;0,0;Vendor_9;China;YES
TRX-1024182;2026-03-07;623,66;UNKNOWN;UNKNOWN;YES
TRX-1024186;2026-03-22;373,28;UNKNOWN;UNKNOWN;YES
TRX-1024207;2026-04-29;0,0;Vendor_48;Netherlands;YES
TRX-1024208;2026-05-08;822,0;UNKNOWN;UNKNOWN;YES
TRX-1024213;2026-03-31;0,0;Vendor_26;Netherlands;YES
TRX-1024216;2026-02-16;1317,63;UNKNOWN;UNKNOWN;YES
TRX-1024217;2026-02-27;0,0;Vendor_48;Netherlands;YES
TRX-1024218;;533,63;UNKNOWN;UNKNOWN;YES
TRX-1024224;2026-03-25;1444,74;UNKNOWN;UNKNOWN;YES
TRX-1024229;2026-07-17;92,83;UNKNOWN;UNKNOWN;YES
TRX-1024230;2026-03-06;396,31;UNKNOWN;UNKNOWN;YES
TRX-1024232;2026-03-15;463,52;UNKNOWN;UNKNOWN;YES
TRX-1024237;2026-02-20;0,0;Vendor_7;China;YES
TRX-1024242;;0,0;UNKNOWN;UNKNOWN;YES
TRX-1024244;2026-05-16;0,0;Vendor_37;China;YES
TRX-1024245;2026-02-18;0,0;Vendor_44;Poland;YES
TRX-1024246;2026-04-22;0,0;Vendor_2;China;YES
TRX-1024256;2026-02-06;0,0;Vendor_20;Netherlands;YES
TRX-1024259;2026-06-19;0,0;Vendor_29;Netherlands;YES
TRX-1024274;;0,0;Vendor_11;Germany;YES
TRX-1024280;2026-08-05;0,0;Vendor_13;Netherlands;YES
TRX-1024285;2026-01-21;0,0;Vendor_15;Germany;YES
TRX-1024293;2026-01-27;0,0;Vendor_5;Poland;YES
TRX-1024297;2026-07-13;0,0;Vendor_49;Poland;YES
TRX-1024299;2026-08-04;922,05;UNKNOWN;UNKNOWN;YES
TRX-1024302;2026-07-26;0,0;Vendor_8;Germany;YES
TRX-1024307;2026-07-05;0,0;Vendor_22;Germany;YES
TRX-1024310;2026-06-01;0,0;Vendor_7;China;YES
TRX-1024326;2026-08-02;0,0;Vendor_13;Netherlands;YES
TRX-1024332;2026-08-17;643,33;UNKNOWN;UNKNOWN;YES
TRX-1024345;2026-01-05;0,0;Vendor_16;Netherlands;YES
TRX-1024357;2026-02-21;0,0;Vendor_48;Netherlands;YES
TRX-1024378;2026-06-09;0,0;Vendor_40;China;YES
TRX-1024391;2026-03-28;0,0;Vendor_8;Germany;YES
TRX-1024396;2026-03-07;0,0;Vendor_26;Netherlands;YES
TRX-1024400;2026-05-01;0,0;Vendor_48;Netherlands;YES
TRX-1024403;2026-04-27;0,0;Vendor_22;Germany;YES
TRX-1024409;2026-06-25;0,0;Vendor_17;China;YES
TRX-1024411;2026-04-02;0,0;Vendor_10;China;YES
TRX-1024413;2026-01-31;570,63;UNKNOWN;UNKNOWN;YES
TRX-1024430;2026-01-14;0,0;Vendor_22;Germany;YES
TRX-1024433;2026-02-23;0,0;Vendor_21;Germany;YES
TRX-1024441;2026-03-04;0,0;Vendor_13;Netherlands;YES
TRX-1024442;2026-01-04;1037,81;UNKNOWN;UNKNOWN;YES
TRX-1024456;2026-03-09;0,0;Vendor_27;Poland;YES
TRX-1024462;2026-04-15;0,0;Vendor_26;Netherlands;YES
TRX-1024468;2026-01-01;0,0;Vendor_45;Poland;YES
TRX-1024470;2026-05-08;0,0;Vendor_46;Poland;YES
TRX-1024474;2026-03-24;0,0;UNKNOWN;UNKNOWN;YES
TRX-1024476;2026-01-20;0,0;Vendor_29;Netherlands;YES
TRX-1024486;2026-04-08;0,0;Vendor_25;China;YES
TRX-1024491;2026-05-18;0,0;Vendor_17;China;YES
TRX-1024509;2026-01-31;0,0;Vendor_40;China;YES
TRX-1024522;2026-03-07;0,0;Vendor_30;Netherlands;YES
TRX-1024535;2026-08-04;0,0;Vendor_11;Germany;YES
TRX-1024540;2026-07-28;0,0;Vendor_10;China;YES
TRX-1024546;2026-08-24;0,0;Vendor_13;Netherlands;YES
TRX-1024552;2026-04-30;0,0;Vendor_35;Poland;YES
TRX-1024557;2026-05-04;0,0;Vendor_40;China;YES
TRX-1024559;2026-04-12;999,75;UNKNOWN;UNKNOWN;YES
TRX-1024562;2026-01-01;925,64;UNKNOWN;UNKNOWN;YES
TRX-1024567;2026-05-06;0,0;Vendor_40;China;YES
TRX-1024569;2026-05-10;1305,59;UNKNOWN;UNKNOWN;YES
TRX-1024574;2026-01-03;0,0;Vendor_42;Germany;YES
TRX-1024586;2026-04-11;0,0;Vendor_7;China;YES
TRX-1024593;2026-01-05;1308,47;UNKNOWN;UNKNOWN;YES
TRX-1024600;2026-01-17;217,12;UNKNOWN;UNKNOWN;YES
TRX-1024604;2026-07-29;0,0;Vendor_3;Poland;YES
TRX-1024616;2026-02-28;0,0;Vendor_42;Germany;YES
TRX-1024623;2026-03-06;0,0;Vendor_22;Germany;YES
TRX-1024631;2026-05-10;0,0;Vendor_33;Poland;YES
TRX-1024637;2026-02-12;0,0;Vendor_36;Poland;YES
TRX-1024641;2026-02-17;0,0;Vendor_23;Poland;YES
TRX-1024648;2026-06-25;0,0;Vendor_5;Poland;YES
TRX-1024658;2026-04-16;0,0;Vendor_29;Netherlands;YES
TRX-1024659;2026-05-01;0,0;Vendor_21;Germany;YES
TRX-1024660;2026-07-10;148,69;UNKNOWN;UNKNOWN;YES
TRX-1024661;2026-01-01;0,0;Vendor_1;Germany;YES
TRX-1024669;2026-04-28;1343,72;UNKNOWN;UNKNOWN;YES
TRX-1024671;2026-01-15;0,0;Vendor_49;Poland;YES
TRX-1024678;2026-08-26;0,0;Vendor_27;Poland;YES
TRX-1024683;2026-02-17;9,03;UNKNOWN;UNKNOWN;YES
TRX-1024706;;1165,89;UNKNOWN;UNKNOWN;YES
TRX-1024722;2026-02-18;0,0;Vendor_13;Netherlands;YES
TRX-1024733;2026-09-03;0,0;Vendor_41;Germany;YES
TRX-1024737;2026-08-10;0,0;Vendor_49;Poland;YES
TRX-1024738;2026-01-18;0,0;Vendor_30;Netherlands;YES
TRX-1024741;2026-06-25;413,4;UNKNOWN;UNKNOWN;YES
TRX-1024747;2026-07-05;0,0;Vendor_16;Netherlands;YES
TRX-1024758;2026-01-30;0,0;Vendor_9;China;YES
TRX-1024764;2026-06-23;0,0;Vendor_28;Netherlands;YES
TRX-1024769;2026-05-03;0,0;Vendor_37;China;YES
TRX-1024770;2026-02-13;469,19;UNKNOWN;UNKNOWN;YES
TRX-1024776;2026-03-03;0,0;Vendor_1;Germany;YES
TRX-1024789;2026-06-27;0,0;Vendor_9;China;YES
TRX-1024791;2026-01-11;0,0;Vendor_29;Netherlands;YES
TRX-1024800;2026-02-19;0,0;Vendor_47;Netherlands;YES
TRX-1024801;2026-06-08;611,65;UNKNOWN;UNKNOWN;YES
TRX-1024814;;0,0;Vendor_9;China;YES
TRX-1024816;2026-07-19;0,0;Vendor_19;Netherlands;YES
TRX-1024817;2026-08-26;0,0;UNKNOWN;UNKNOWN;YES
TRX-1024818;2026-06-29;1085,63;UNKNOWN;UNKNOWN;YES
TRX-1024822;2026-03-06;105,17;UNKNOWN;UNKNOWN;YES
TRX-1024830;;0,0;Vendor_31;Netherlands;YES
TRX-1024841;2026-01-15;0,0;Vendor_50;Poland;YES
TRX-1024845;2026-02-27;89,23;UNKNOWN;UNKNOWN;YES
TRX-1024852;2026-07-19;0,0;Vendor_23;Poland;YES
TRX-1024854;2026-01-11;0,0;Vendor_34;China;YES
TRX-1024858;2026-08-02;0,0;Vendor_44;Poland;YES
TRX-1024862;2026-04-14;508,29;UNKNOWN;UNKNOWN;YES
TRX-1024867;2026-04-03;0,0;Vendor_44;Poland;YES
TRX-1024869;2026-01-26;1483,93;UNKNOWN;UNKNOWN;YES
TRX-1024871;2026-03-14;522,98;UNKNOWN;UNKNOWN;YES
TRX-1024875;2026-05-06;0,0;Vendor_10;China;YES
TRX-1024912;2026-02-09;0,0;Vendor_38;China;YES
TRX-1024924;2026-07-02;315,34;UNKNOWN;UNKNOWN;YES
TRX-1024931;2026-01-21;1077,44;UNKNOWN;UNKNOWN;YES
TRX-1024942;2026-03-27;0,0;UNKNOWN;UNKNOWN;YES
TRX-1024945;;0,0;Vendor_40;China;YES
TRX-1024949;2026-09-02;156,52;UNKNOWN;UNKNOWN;YES
TRX-1024964;2026-06-05;0,0;Vendor_47;Netherlands;YES
TRX-1024965;2026-05-24;0,0;Vendor_29;Netherlands;YES
TRX-1024973;2026-02-03;1089,12;UNKNOWN;UNKNOWN;YES
TRX-1024986;2026-03-01;0,0;Vendor_40;China;YES
TRX-1024992;2026-09-08;0,0;UNKNOWN;UNKNOWN;YES
TRX-1025004;2026-02-05;0,0;Vendor_32;Germany;YES
TRX-1025009;2026-07-09;0,0;Vendor_17;China;YES
TRX-1025020;2026-08-08;0,0;Vendor_27;Poland;YES
TRX-1025026;2026-07-07;1375,89;UNKNOWN;UNKNOWN;YES
TRX-1025029;2026-01-30;0,0;Vendor_43;Netherlands;YES
TRX-1025033;2026-08-29;0,0;Vendor_44;Poland;YES
TRX-1025044;2026-05-08;0,0;Vendor_7;China;YES
TRX-1025053;2026-08-13;1034,81;UNKNOWN;UNKNOWN;YES
TRX-1025067;2026-01-21;0,0;Vendor_30;Netherlands;YES
TRX-1025072;2026-05-13;1492,14;UNKNOWN;UNKNOWN;YES
TRX-1025084;2026-03-10;0,0;Vendor_17;China;YES
TRX-1025090;2026-01-11;0,0;Vendor_8;Germany;YES
TRX-1025093;2026-03-14;949,42;UNKNOWN;UNKNOWN;YES
TRX-1025110;2026-04-18;0,0;Vendor_3;Poland;YES
TRX-1025120;2026-07-31;0,0;Vendor_7;China;YES
TRX-1025127;2026-03-03;1266,01;UNKNOWN;UNKNOWN;YES
TRX-1025141;2026-01-18;0,0;Vendor_41;Germany;YES
TRX-1025144;2026-01-19;0,0;Vendor_4;Netherlands;YES
TRX-1025169;2026-08-12;786,83;UNKNOWN;UNKNOWN;YES
TRX-1025177;2026-04-06;0,0;Vendor_12;Netherlands;YES
TRX-1025179;2026-05-09;0,0;Vendor_2;China;YES
TRX-1025190;2026-08-31;0,0;Vendor_8;Germany;YES
TRX-1025191;2026-05-17;0,0;Vendor_47;Netherlands;YES
TRX-1025205;;0,0;Vendor_35;Poland;YES
TRX-1025216;2026-03-04;0,0;Vendor_36;Poland;YES
TRX-1025226;2026-06-06;0,0;Vendor_43;Netherlands;YES
TRX-1025230;2026-09-06;0,0;Vendor_41;Germany;YES
TRX-1025233;2026-03-10;0,0;Vendor_46;Poland;YES
TRX-1025234;2026-08-01;0,0;UNKNOWN;UNKNOWN;YES
TRX-1025242;2026-04-17;0,0;Vendor_10;China;YES
TRX-1025252;2026-02-04;0,0;Vendor_9;China;YES
TRX-1025264;2026-07-26;0,0;Vendor_30;Netherlands;YES
TRX-1025274;2026-06-17;895,83;UNKNOWN;UNKNOWN;YES
TRX-1025296;2026-05-15;0,0;Vendor_8;Germany;YES
TRX-1025309;2026-07-16;957,43;UNKNOWN;UNKNOWN;YES
TRX-1025326;2026-07-02;266,95;UNKNOWN;UNKNOWN;YES
TRX-1025333;2026-01-10;0,0;Vendor_47;Netherlands;YES
TRX-1025336;2026-08-19;0,0;Vendor_13;Netherlands;YES
TRX-1025342;2026-07-18;0,0;Vendor_17;China;YES
TRX-1025354;2026-01-27;0,0;Vendor_33;Poland;YES
TRX-1025355;2026-09-05;1276,62;UNKNOWN;UNKNOWN;YES
TRX-1025357;2026-07-12;1035,29;UNKNOWN;UNKNOWN;YES
TRX-1025365;2026-08-20;517,06;UNKNOWN;UNKNOWN;YES
TRX-1025369;2026-02-28;0,0;Vendor_2;China;YES
TRX-1025380;2026-05-29;0,0;Vendor_21;Germany;YES
TRX-1025385;2026-08-21;0,0;Vendor_49;Poland;YES
TRX-1025388;2026-07-05;0,0;UNKNOWN;UNKNOWN;YES
TRX-1025405;2026-03-08;590,22;UNKNOWN;UNKNOWN;YES
TRX-1025426;2026-06-23;0,0;Vendor_33;Poland;YES
TRX-1025438;2026-01-20;0,0;Vendor_37;China;YES
TRX-1025451;2026-06-01;0,0;Vendor_1;Germany;YES
TRX-1025454;2026-04-09;645,03;UNKNOWN;UNKNOWN;YES
TRX-1025460;2026-01-03;1244,37;UNKNOWN;UNKNOWN;YES
TRX-1025462;2026-04-21;0,0;Vendor_35;Poland;YES
TRX-1025497;2026-01-11;0,0;Vendor_1;Germany;YES
TRX-1025512;2026-03-01;0,0;Vendor_22;Germany;YES
TRX-1025513;2026-01-24;0,0;Vendor_25;China;YES
TRX-1025520;2026-08-27;0,0;Vendor_35;Poland;YES
TRX-1025522;2026-04-20;774,19;UNKNOWN;UNKNOWN;YES
TRX-1025532;2026-03-20;0,0;Vendor_46;Poland;YES
TRX-1025540;2026-08-09;0,0;UNKNOWN;UNKNOWN;YES
TRX-1025545;2026-01-15;0,0;Vendor_50;Poland;YES
TRX-1025550;2026-09-07;0,0;Vendor_39;Poland;YES
TRX-1025551;2026-07-25;0,0;Vendor_15;Germany;YES
TRX-1025569;2026-09-04;0,0;Vendor_34;China;YES
TRX-1025572;2026-01-27;0,0;Vendor_43;Netherlands;YES
TRX-1025597;2026-01-29;0,0;Vendor_3;Poland;YES
TRX-1025605;2026-03-28;0,0;Vendor_9;China;YES
TRX-1025611;2026-07-27;0,0;Vendor_18;China;YES
TRX-1025612;2026-08-22;1209,94;UNKNOWN;UNKNOWN;YES
TRX-1025615;2026-04-27;0,0;Vendor_38;China;YES
TRX-1025622;2026-04-15;0,0;Vendor_28;Netherlands;YES
TRX-1025632;2026-03-30;0,0;Vendor_13;Netherlands;YES
TRX-1025650;2026-06-24;219,5;UNKNOWN;UNKNOWN;YES
TRX-1025666;2026-07-12;0,0;Vendor_42;Germany;YES
TRX-1025690;2026-04-22;0,0;Vendor_44;Poland;YES
TRX-1025703;2026-09-03;0,0;Vendor_34;China;YES
TRX-1025705;2026-06-07;0,0;Vendor_39;Poland;YES
TRX-1025711;2026-02-06;0,0;Vendor_37;China;YES
TRX-1025713;2026-07-19;0,0;Vendor_14;China;YES
TRX-1025720;2026-01-03;765,32;UNKNOWN;UNKNOWN;YES
TRX-1025723;2026-06-25;0,0;Vendor_17;China;YES
TRX-1025725;2026-05-24;567,18;UNKNOWN;UNKNOWN;YES
TRX-1025729;;292,47;UNKNOWN;UNKNOWN;YES
TRX-1025734;2026-08-22;0,0;Vendor_1;Germany;YES
TRX-1025743;2026-08-29;0,0;Vendor_5;Poland;YES
TRX-1025749;2026-07-06;881,95;UNKNOWN;UNKNOWN;YES
TRX-1025751;2026-07-22;0,0;Vendor_20;Netherlands;YES
TRX-1025756;2026-03-31;357,82;UNKNOWN;UNKNOWN;YES
TRX-1025757;2026-02-15;771,93;UNKNOWN;UNKNOWN;YES
TRX-1025758;2026-03-15;0,0;Vendor_1;Germany;YES
TRX-1025762;2026-08-12;0,0;Vendor_11;Germany;YES
TRX-1025792;2026-03-23;0,0;Vendor_7;China;YES
TRX-1025801;2026-09-01;1348,53;UNKNOWN;UNKNOWN;YES
TRX-1025810;2026-07-23;0,0;Vendor_10;China;YES
TRX-1025811;2026-08-10;150,06;UNKNOWN;UNKNOWN;YES
TRX-1025817;2026-04-12;0,0;Vendor_45;Poland;YES
TRX-1025846;2026-04-12;0,0;Vendor_20;Netherlands;YES
TRX-1025848;2026-04-03;667,8;UNKNOWN;UNKNOWN;YES
TRX-1025851;2026-07-24;0,0;Vendor_19;Netherlands;YES
TRX-1025853;2026-06-23;0,0;Vendor_21;Germany;YES
TRX-1025860;2026-04-21;0,0;Vendor_29;Netherlands;YES
TRX-1025866;2026-03-11;0,0;Vendor_43;Netherlands;YES
TRX-1025874;2026-01-07;872,22;UNKNOWN;UNKNOWN;YES
TRX-1025879;2026-07-26;0,0;Vendor_20;Netherlands;YES
TRX-1025888;2026-07-13;0,0;Vendor_48;Netherlands;YES
TRX-1025897;2026-03-01;0,0;Vendor_25;China;YES
TRX-1025902;2026-01-13;0,0;Vendor_26;Netherlands;YES
TRX-1025922;2026-02-14;282,22;UNKNOWN;UNKNOWN;YES
TRX-1025923;2026-05-17;0,0;Vendor_35;Poland;YES
TRX-1025927;2026-04-07;0,0;Vendor_35;Poland;YES
TRX-1025928;2026-04-19;0,0;Vendor_39;Poland;YES
TRX-1025930;2026-05-04;173,8;UNKNOWN;UNKNOWN;YES
TRX-1025935;2026-02-27;91,4;UNKNOWN;UNKNOWN;YES
TRX-1025943;2026-03-28;0,0;Vendor_34;China;YES
TRX-1025947;2026-04-17;0,0;Vendor_11;Germany;YES
TRX-1025953;2026-03-29;0,0;Vendor_27;Poland;YES
TRX-1025955;2026-04-30;0,0;Vendor_26;Netherlands;YES
TRX-1025961;2026-09-07;0,0;Vendor_45;Poland;YES
TRX-1025967;2026-02-16;1247,49;UNKNOWN;UNKNOWN;YES
TRX-1025971;2026-03-05;68,8;UNKNOWN;UNKNOWN;YES
TRX-1025984;2026-04-19;0,0;Vendor_34;China;YES
TRX-1025985;2026-03-11;0,0;Vendor_9;China;YES
TRX-1025999;2026-08-09;0,0;Vendor_36;Poland;YES
TRX-1026009;2026-01-20;193,07;UNKNOWN;UNKNOWN;YES
TRX-1026014;2026-04-20;660,89;UNKNOWN;UNKNOWN;YES
TRX-1026038;2026-02-02;0,0;Vendor_13;Netherlands;YES
TRX-1026046;2026-02-08;563,81;UNKNOWN;UNKNOWN;YES
TRX-1026049;2026-08-02;0,0;Vendor_31;Netherlands;YES
TRX-1026055;2026-08-01;0,0;Vendor_46;Poland;YES
TRX-1026067;2026-07-27;0,0;Vendor_19;Netherlands;YES
TRX-1026079;2026-01-22;0,0;Vendor_43;Netherlands;YES
TRX-1026089;2026-07-06;0,0;Vendor_1;Germany;YES
TRX-1026094;2026-06-11;0,0;UNKNOWN;UNKNOWN;YES
TRX-1026105;2026-06-06;533,47;UNKNOWN;UNKNOWN;YES
TRX-1026116;2026-01-18;94,84;UNKNOWN;UNKNOWN;YES
TRX-1026118;2026-03-19;0,0;Vendor_37;China;YES
TRX-1026122;2026-01-19;0,0;Vendor_48;Netherlands;YES
TRX-1026124;2026-07-19;0,0;Vendor_23;Poland;YES
TRX-1026129;2026-09-02;0,0;Vendor_50;Poland;YES
TRX-1026133;;389,72;UNKNOWN;UNKNOWN;YES
TRX-1026142;2026-04-02;0,0;UNKNOWN;UNKNOWN;YES
TRX-1026143;2026-07-11;0,0;Vendor_6;China;YES
TRX-1026145;2026-04-07;153,08;UNKNOWN;UNKNOWN;YES
TRX-1026146;2026-03-08;596,17;UNKNOWN;UNKNOWN;YES
TRX-1026156;2026-08-01;0,0;Vendor_25;China;YES
TRX-1026166;2026-07-21;0,0;Vendor_11;Germany;YES
TRX-1026179;2026-08-24;0,0;Vendor_1;Germany;YES
TRX-1026180;2026-04-01;0,0;Vendor_12;Netherlands;YES
TRX-1026181;2026-01-05;0,0;Vendor_25;China;YES
TRX-1026198;2026-06-28;0,0;Vendor_13;Netherlands;YES
TRX-1026202;2026-04-20;0,0;Vendor_13;Netherlands;YES
TRX-1026208;2026-03-04;0,0;Vendor_14;China;YES
TRX-1026222;2026-04-13;0,0;Vendor_31;Netherlands;YES
TRX-1026227;2026-05-08;0,0;UNKNOWN;UNKNOWN;YES
TRX-1026228;2026-08-13;0,0;Vendor_1;Germany;YES
TRX-1026239;2026-06-09;0,0;Vendor_38;China;YES
TRX-1026253;2026-01-09;0,0;Vendor_43;Netherlands;YES
TRX-1026254;2026-06-14;0,0;Vendor_8;Germany;YES
TRX-1026272;2026-08-08;711,63;UNKNOWN;UNKNOWN;YES
TRX-1026274;2026-01-19;0,0;Vendor_7;China;YES
TRX-1026278;2026-06-15;1485,82;UNKNOWN;UNKNOWN;YES
TRX-1026282;2026-03-19;749,8;UNKNOWN;UNKNOWN;YES
TRX-1026293;2026-03-10;721,94;UNKNOWN;UNKNOWN;YES
TRX-1026299;2026-03-03;745,95;UNKNOWN;UNKNOWN;YES
TRX-1026302;2026-02-05;0,0;Vendor_20;Netherlands;YES
TRX-1026303;2026-06-05;0,0;Vendor_45;Poland;YES
TRX-1026307;2026-06-27;1159,9;UNKNOWN;UNKNOWN;YES
TRX-1026326;2026-01-25;0,0;Vendor_2;China;YES
TRX-1026337;2026-01-08;0,0;Vendor_19;Netherlands;YES
TRX-1026338;2026-05-11;0,0;Vendor_28;Netherlands;YES
TRX-1026341;2026-05-04;0,0;Vendor_14;China;YES
TRX-1026345;;775,63;UNKNOWN;UNKNOWN;YES
TRX-1026364;2026-06-13;0,0;Vendor_42;Germany;YES
TRX-1026371;2026-05-18;0,0;Vendor_33;Poland;YES
TRX-1026379;2026-07-01;0,0;Vendor_29;Netherlands;YES
TRX-1026386;2026-06-26;0,0;Vendor_44;Poland;YES
TRX-1026387;2026-08-04;0,0;Vendor_6;China;YES
TRX-1026391;2026-02-06;842,49;UNKNOWN;UNKNOWN;YES
TRX-1026392;2026-03-24;0,0;Vendor_10;China;YES
TRX-1026404;2026-04-19;0,0;Vendor_43;Netherlands;YES
TRX-1026405;2026-05-06;1058,7;UNKNOWN;UNKNOWN;YES
TRX-1026414;2026-07-28;570,54;UNKNOWN;UNKNOWN;YES
TRX-1026415;2026-01-18;0,0;Vendor_5;Poland;YES
TRX-1026421;2026-03-05;0,0;Vendor_10;China;YES
TRX-1026422;2026-01-05;123,19;UNKNOWN;UNKNOWN;YES
TRX-1026423;2026-07-17;0,0;Vendor_14;China;YES
TRX-1026428;2026-02-27;0,0;Vendor_23;Poland;YES
TRX-1026438;;0,0;UNKNOWN;UNKNOWN;YES
TRX-1026442;2026-01-10;662,33;UNKNOWN;UNKNOWN;YES
TRX-1026448;2026-03-17;0,0;Vendor_25;China;YES
TRX-1026452;2026-08-31;340,94;UNKNOWN;UNKNOWN;YES
TRX-1026454;2026-03-29;0,0;Vendor_2;China;YES
TRX-1026457;;0,0;Vendor_44;Poland;YES
TRX-1026470;2026-04-09;0,0;Vendor_16;Netherlands;YES
TRX-1026474;2026-08-23;0,0;Vendor_23;Poland;YES
TRX-1026481;2026-01-19;209,52;UNKNOWN;UNKNOWN;YES
TRX-1026492;2026-05-30;0,0;UNKNOWN;UNKNOWN;YES
TRX-1026505;2026-07-19;673,33;UNKNOWN;UNKNOWN;YES
TRX-1026514;2026-01-29;0,0;Vendor_39;Poland;YES
TRX-1026524;2026-08-10;0,0;Vendor_39;Poland;YES
TRX-1026530;2026-01-10;0,0;Vendor_39;Poland;YES
TRX-1026532;2026-08-15;0,0;Vendor_38;China;YES
TRX-1026555;2026-04-07;0,0;Vendor_46;Poland;YES
TRX-1026562;2026-05-27;1419,81;UNKNOWN;UNKNOWN;YES
TRX-1026564;2026-03-12;0,0;Vendor_20;Netherlands;YES
TRX-1026575;2026-06-11;0,0;Vendor_36;Poland;YES
TRX-1026591;2026-02-14;0,0;Vendor_28;Netherlands;YES
TRX-1026598;2026-08-24;0,0;Vendor_14;China;YES
TRX-1026600;2026-03-20;0,0;Vendor_41;Germany;YES
TRX-1026603;2026-02-22;582,58;UNKNOWN;UNKNOWN;YES
TRX-1026604;2026-06-19;0,0;Vendor_24;Germany;YES
TRX-1026605;2026-04-05;229,55;UNKNOWN;UNKNOWN;YES
TRX-1026608;2026-05-30;1136,47;UNKNOWN;UNKNOWN;YES
TRX-1026615;2026-01-01;0,0;Vendor_2;China;YES
TRX-1026624;2026-05-26;0,0;Vendor_11;Germany;YES
TRX-1026627;2026-05-25;0,0;Vendor_12;Netherlands;YES
TRX-1026629;2026-08-10;979,72;UNKNOWN;UNKNOWN;YES
TRX-1026632;2026-05-03;0,0;Vendor_49;Poland;YES
TRX-1026651;2026-01-30;0,0;Vendor_13;Netherlands;YES
TRX-1026654;2026-08-13;74,08;UNKNOWN;UNKNOWN;YES
TRX-1026664;2026-08-20;0,0;Vendor_47;Netherlands;YES
TRX-1026665;2026-04-26;1033,4;UNKNOWN;UNKNOWN;YES
TRX-1026666;2026-06-28;1306,32;UNKNOWN;UNKNOWN;YES
TRX-1026669;2026-04-03;0,0;Vendor_5;Poland;YES
TRX-1026684;2026-08-24;0,0;Vendor_50;Poland;YES
TRX-1026689;2026-01-29;0,0;Vendor_13;Netherlands;YES
TRX-1026691;;631,44;UNKNOWN;UNKNOWN;YES
TRX-1026694;2026-04-20;0,0;Vendor_6;China;YES
TRX-1026696;2026-04-01;487,63;UNKNOWN;UNKNOWN;YES
TRX-1026698;2026-04-18;0,0;Vendor_1;Germany;YES
TRX-1026699;2026-05-03;0,0;Vendor_26;Netherlands;YES
TRX-1026704;2026-02-14;0,0;Vendor_38;China;YES
TRX-1026719;2026-08-17;0,0;Vendor_3;Poland;YES
TRX-1026726;2026-05-17;694,27;UNKNOWN;UNKNOWN;YES
TRX-1026727;2026-04-12;0,0;Vendor_7;China;YES
TRX-1026729;2026-03-05;1304,25;UNKNOWN;UNKNOWN;YES
TRX-1026743;2026-01-14;0,0;Vendor_39;Poland;YES
TRX-1026747;;953,26;UNKNOWN;UNKNOWN;YES
TRX-1026749;2026-01-26;0,0;Vendor_41;Germany;YES
TRX-1026752;2026-06-30;0,0;Vendor_1;Germany;YES
TRX-1026755;2026-08-16;0,0;Vendor_31;Netherlands;YES
TRX-1026756;2026-02-09;0,0;Vendor_9;China;YES
TRX-1026767;2026-08-09;657,69;UNKNOWN;UNKNOWN;YES
TRX-1026769;2026-07-29;267,68;UNKNOWN;UNKNOWN;YES
TRX-1026771;2026-06-20;828,45;UNKNOWN;UNKNOWN;YES
TRX-1026773;2026-04-27;0,0;Vendor_50;Poland;YES
TRX-1026774;2026-02-05;0,0;Vendor_16;Netherlands;YES
TRX-1026784;2026-02-24;0,0;Vendor_5;Poland;YES
TRX-1026789;2026-03-08;1426,8;UNKNOWN;UNKNOWN;YES
TRX-1026790;2026-07-04;1136,2;UNKNOWN;UNKNOWN;YES
TRX-1026817;2026-06-21;0,0;Vendor_36;Poland;YES
TRX-1026820;2026-01-06;1490,95;UNKNOWN;UNKNOWN;YES
TRX-1026836;;0,0;Vendor_10;China;YES
TRX-1026842;2026-07-17;0,0;Vendor_41;Germany;YES
TRX-1026843;2026-07-17;0,0;Vendor_46;Poland;YES
TRX-1026865;2026-08-17;0,0;Vendor_42;Germany;YES
TRX-1026866;2026-06-22;0,0;Vendor_43;Netherlands;YES
TRX-1026869;2026-01-24;0,0;Vendor_38;China;YES
TRX-1026872;2026-08-11;669,37;UNKNOWN;UNKNOWN;YES
TRX-1026876;2026-01-01;1267,25;UNKNOWN;UNKNOWN;YES
TRX-1026878;2026-03-14;0,0;Vendor_14;China;YES
TRX-1026892;2026-08-26;0,0;Vendor_13;Netherlands;YES
TRX-1026893;2026-07-17;0,0;Vendor_44;Poland;YES
TRX-1026899;2026-02-26;1316,79;UNKNOWN;UNKNOWN;YES
TRX-1026920;2026-05-31;0,0;Vendor_21;Germany;YES
TRX-1026924;2026-08-03;289,03;UNKNOWN;UNKNOWN;YES
TRX-1026935;2026-06-12;0,0;Vendor_23;Poland;YES
TRX-1026942;2026-08-09;0,0;Vendor_31;Netherlands;YES
TRX-1026943;2026-08-07;0,0;Vendor_44;Poland;YES
TRX-1026945;2026-05-09;1359,28;UNKNOWN;UNKNOWN;YES
TRX-1026951;2026-02-02;0,0;Vendor_19;Netherlands;YES
TRX-1026969;2026-01-18;1368,08;UNKNOWN;UNKNOWN;YES
TRX-1026970;2026-06-04;123,69;UNKNOWN;UNKNOWN;YES
TRX-1026999;2026-08-14;122,32;UNKNOWN;UNKNOWN;YES
TRX-1027007;2026-02-21;238,56;UNKNOWN;UNKNOWN;YES
TRX-1027008;2026-08-10;0,0;Vendor_49;Poland;YES
TRX-1027011;2026-04-17;0,0;Vendor_46;Poland;YES
TRX-1027021;;1454,92;UNKNOWN;UNKNOWN;YES
TRX-1027025;2026-05-28;0,0;Vendor_48;Netherlands;YES
TRX-1027028;2026-04-12;616,52;UNKNOWN;UNKNOWN;YES
TRX-1027030;2026-07-11;0,0;Vendor_26;Netherlands;YES
TRX-1027035;2026-08-18;0,0;Vendor_28;Netherlands;YES
TRX-1027042;2026-01-18;875,57;UNKNOWN;UNKNOWN;YES
TRX-1027048;2026-02-27;0,0;Vendor_1;Germany;YES
TRX-1027056;2026-05-25;558,9;UNKNOWN;UNKNOWN;YES
TRX-1027065;2026-01-05;1393,91;UNKNOWN;UNKNOWN;YES
TRX-1027077;2026-08-18;1117,64;UNKNOWN;UNKNOWN;YES
TRX-1027079;2026-07-12;0,0;Vendor_21;Germany;YES
TRX-1027088;2026-02-19;1033,99;UNKNOWN;UNKNOWN;YES
TRX-1027096;2026-02-15;1400,98;UNKNOWN;UNKNOWN;YES
TRX-1027109;2026-06-30;0,0;Vendor_34;China;YES
TRX-1027140;2026-04-26;0,0;Vendor_21;Germany;YES
TRX-1027149;2026-07-07;0,0;Vendor_10;China;YES
TRX-1027153;2026-08-13;1323,9;UNKNOWN;UNKNOWN;YES
TRX-1027161;2026-06-23;0,0;Vendor_39;Poland;YES
TRX-1027166;2026-03-29;0,0;Vendor_33;Poland;YES
TRX-1027170;2026-04-17;0,0;Vendor_13;Netherlands;YES
TRX-1027174;2026-07-15;199,25;UNKNOWN;UNKNOWN;YES
TRX-1027175;2026-07-14;0,0;Vendor_26;Netherlands;YES
TRX-1027178;2026-09-01;534,12;UNKNOWN;UNKNOWN;YES
TRX-1027202;2026-03-13;0,0;Vendor_49;Poland;YES
TRX-1027207;2026-06-08;0,0;Vendor_41;Germany;YES
TRX-1027211;2026-02-07;0,0;Vendor_44;Poland;YES
TRX-1027212;2026-07-05;544,46;UNKNOWN;UNKNOWN;YES
TRX-1027216;;999,51;UNKNOWN;UNKNOWN;YES
TRX-1027220;2026-08-15;0,0;Vendor_26;Netherlands;YES
TRX-1027223;2026-05-31;0,0;Vendor_27;Poland;YES
TRX-1027224;2026-03-13;0,0;Vendor_11;Germany;YES
TRX-1027233;2026-05-30;0,0;Vendor_11;Germany;YES
TRX-1027237;2026-04-23;959,11;UNKNOWN;UNKNOWN;YES
TRX-1027240;2026-05-28;0,0;Vendor_14;China;YES
TRX-1027241;2026-01-29;0,0;Vendor_8;Germany;YES
TRX-1027257;2026-06-30;1413,98;UNKNOWN;UNKNOWN;YES
TRX-1027261;2026-02-06;0,0;Vendor_16;Netherlands;YES
TRX-1027267;2026-05-01;0,0;Vendor_34;China;YES
TRX-1027270;2026-05-20;419,34;UNKNOWN;UNKNOWN;YES
TRX-1027275;2026-08-20;0,0;UNKNOWN;UNKNOWN;YES
TRX-1027287;2026-04-23;0,0;Vendor_12;Netherlands;YES
TRX-1027298;2026-02-24;225,31;UNKNOWN;UNKNOWN;YES
TRX-1027303;2026-03-17;0,0;Vendor_4;Netherlands;YES
TRX-1027315;2026-02-28;0,0;Vendor_1;Germany;YES
TRX-1027316;;0,0;Vendor_9;China;YES
TRX-1027318;2026-07-22;0,0;Vendor_28;Netherlands;YES
TRX-1027327;2026-03-03;358,76;UNKNOWN;UNKNOWN;YES
TRX-1027340;2026-01-15;646,95;UNKNOWN;UNKNOWN;YES
TRX-1027352;2026-07-10;0,0;Vendor_31;Netherlands;YES
TRX-1027358;2026-08-06;907,96;UNKNOWN;UNKNOWN;YES
TRX-1027363;2026-01-07;823,66;UNKNOWN;UNKNOWN;YES
TRX-1027373;2026-06-17;0,0;Vendor_4;Netherlands;YES
TRX-1027384;2026-01-13;466,92;UNKNOWN;UNKNOWN;YES
TRX-1027400;2026-07-31;1060,84;UNKNOWN;UNKNOWN;YES
TRX-1027406;2026-07-18;722,07;UNKNOWN;UNKNOWN;YES
TRX-1027413;2026-07-03;0,0;Vendor_29;Netherlands;YES
TRX-1027416;2026-02-13;851,37;UNKNOWN;UNKNOWN;YES
TRX-1027420;2026-07-14;1312,94;UNKNOWN;UNKNOWN;YES
TRX-1027425;;0,0;Vendor_48;Netherlands;YES
TRX-1027429;2026-07-18;0,0;UNKNOWN;UNKNOWN;YES
TRX-1027438;2026-06-18;0,0;Vendor_9;China;YES
TRX-1027441;2026-06-02;0,0;Vendor_20;Netherlands;YES
TRX-1027468;2026-05-14;0,0;Vendor_50;Poland;YES
TRX-1027469;2026-08-23;0,0;Vendor_32;Germany;YES
TRX-1027474;2026-09-04;0,0;Vendor_46;Poland;YES
TRX-1027478;2026-08-07;0,0;Vendor_14;China;YES
TRX-1027512;2026-01-26;0,0;Vendor_49;Poland;YES
TRX-1027514;;0,0;UNKNOWN;UNKNOWN;YES
TRX-1027525;2026-06-30;0,0;Vendor_11;Germany;YES
TRX-1027536;2026-03-15;0,0;UNKNOWN;UNKNOWN;YES
TRX-1027546;2026-02-20;0,0;Vendor_32;Germany;YES
TRX-1027554;2026-03-11;0,0;Vendor_1;Germany;YES
TRX-1027564;;1193,48;UNKNOWN;UNKNOWN;YES
TRX-1027597;2026-08-06;0,0;Vendor_26;Netherlands;YES
TRX-1027605;2026-02-22;924,21;UNKNOWN;UNKNOWN;YES
TRX-1027610;2026-03-16;66,43;UNKNOWN;UNKNOWN;YES
TRX-1027615;2026-07-15;0,0;Vendor_44;Poland;YES
TRX-1027622;2026-02-14;0,0;Vendor_13;Netherlands;YES
TRX-1027623;2026-03-13;0,0;Vendor_20;Netherlands;YES
TRX-1027624;2026-05-02;0,0;Vendor_32;Germany;YES
TRX-1027650;2026-03-14;0,0;Vendor_17;China;YES
TRX-1027664;2026-08-05;0,0;Vendor_33;Poland;YES
TRX-1027667;2026-05-28;0,0;Vendor_15;Germany;YES
TRX-1027677;2026-03-05;624,95;UNKNOWN;UNKNOWN;YES
TRX-1027702;2026-01-10;622,62;UNKNOWN;UNKNOWN;YES
TRX-1027710;2026-03-28;0,0;Vendor_17;China;YES
TRX-1027719;2026-04-09;0,0;UNKNOWN;UNKNOWN;YES
TRX-1027722;2026-03-20;0,0;Vendor_6;China;YES
TRX-1027736;2026-03-10;0,0;Vendor_19;Netherlands;YES
TRX-1027743;2026-05-18;0,0;Vendor_18;China;YES
TRX-1027744;2026-07-29;0,0;Vendor_38;China;YES
TRX-1027746;2026-05-02;448,15;UNKNOWN;UNKNOWN;YES
TRX-1027748;2026-03-16;0,0;Vendor_22;Germany;YES
TRX-1027764;2026-03-14;0,0;Vendor_43;Netherlands;YES
TRX-1027790;2026-04-14;0,0;Vendor_13;Netherlands;YES
TRX-1027791;2026-08-08;0,0;Vendor_6;China;YES
TRX-1027796;2026-02-13;0,0;Vendor_40;China;YES
TRX-1027801;;0,0;Vendor_26;Netherlands;YES
TRX-1027808;2026-07-06;733,81;UNKNOWN;UNKNOWN;YES
TRX-1027809;2026-08-29;923,89;UNKNOWN;UNKNOWN;YES
TRX-1027812;2026-02-09;0,0;Vendor_39;Poland;YES
TRX-1027830;;0,0;Vendor_45;Poland;YES
TRX-1027849;2026-02-10;211,27;UNKNOWN;UNKNOWN;YES
TRX-1027854;2026-01-10;451,19;UNKNOWN;UNKNOWN;YES
TRX-1027858;2026-04-22;1397,79;UNKNOWN;UNKNOWN;YES
TRX-1027870;2026-06-01;448,61;UNKNOWN;UNKNOWN;YES
TRX-1027873;2026-08-11;767,68;UNKNOWN;UNKNOWN;YES
TRX-1027887;2026-07-28;0,0;Vendor_43;Netherlands;YES
TRX-1027895;2026-06-18;0,0;Vendor_11;Germany;YES
TRX-1027902;2026-02-13;461,87;UNKNOWN;UNKNOWN;YES
TRX-1027907;2026-04-26;0,0;Vendor_21;Germany;YES
TRX-1027909;2026-06-17;1366,78;UNKNOWN;UNKNOWN;YES
TRX-1027924;2026-07-27;0,0;Vendor_19;Netherlands;YES
TRX-1027926;2026-08-16;0,0;Vendor_8;Germany;YES
TRX-1027947;2026-06-15;932,79;UNKNOWN;UNKNOWN;YES
TRX-1027951;2026-07-08;0,0;Vendor_25;China;YES
TRX-1027952;2026-02-05;0,0;Vendor_40;China;YES
TRX-1027957;2026-06-09;0,0;Vendor_19;Netherlands;YES
TRX-1027997;2026-05-05;656,22;UNKNOWN;UNKNOWN;YES
TRX-1028017;2026-04-04;762,16;UNKNOWN;UNKNOWN;YES
TRX-1028029;2026-04-18;1209,05;UNKNOWN;UNKNOWN;YES
TRX-1028036;2026-07-16;0,0;Vendor_47;Netherlands;YES
TRX-1028039;2026-03-13;0,0;Vendor_24;Germany;YES
TRX-1028042;2026-01-17;0,0;Vendor_43;Netherlands;YES
TRX-1028048;2026-06-05;1408,7;UNKNOWN;UNKNOWN;YES
TRX-1028052;2026-05-24;0,0;Vendor_48;Netherlands;YES
TRX-1028054;;0,0;Vendor_14;China;YES
TRX-1028070;2026-03-13;328,03;UNKNOWN;UNKNOWN;YES
TRX-1028071;2026-08-30;0,0;Vendor_41;Germany;YES
TRX-1028090;2026-06-11;1101,68;UNKNOWN;UNKNOWN;YES
TRX-1028102;;319,36;UNKNOWN;UNKNOWN;YES
TRX-1028112;2026-06-24;0,0;Vendor_4;Netherlands;YES
TRX-1028117;2026-01-18;972,14;UNKNOWN;UNKNOWN;YES
TRX-1028122;2026-06-27;780,96;UNKNOWN;UNKNOWN;YES
TRX-1028132;2026-03-07;0,0;Vendor_19;Netherlands;YES
TRX-1028136;2026-08-04;143,53;UNKNOWN;UNKNOWN;YES
TRX-1028138;2026-05-25;0,0;Vendor_10;China;YES
TRX-1028144;2026-03-07;1471,79;UNKNOWN;UNKNOWN;YES
TRX-1028146;2026-05-10;449,51;UNKNOWN;UNKNOWN;YES
TRX-1028150;2026-03-15;0,0;Vendor_13;Netherlands;YES
TRX-1028159;2026-02-27;599,95;UNKNOWN;UNKNOWN;YES
TRX-1028169;2026-03-19;0,0;Vendor_48;Netherlands;YES
TRX-1028172;2026-01-20;0,0;Vendor_48;Netherlands;YES
TRX-1028178;2026-07-18;0,0;Vendor_20;Netherlands;YES
TRX-1028190;2026-07-01;104,33;UNKNOWN;UNKNOWN;YES
TRX-1028191;2026-07-11;309,5;UNKNOWN;UNKNOWN;YES
TRX-1028193;2026-04-30;307,43;UNKNOWN;UNKNOWN;YES
TRX-1028194;2026-07-08;0,0;Vendor_16;Netherlands;YES
TRX-1028207;2026-02-10;0,0;Vendor_21;Germany;YES
TRX-1028214;2026-08-23;0,0;Vendor_1;Germany;YES
TRX-1028218;2026-08-17;404,06;UNKNOWN;UNKNOWN;YES
TRX-1028228;2026-06-23;0,0;Vendor_43;Netherlands;YES
TRX-1028236;2026-05-13;361,38;UNKNOWN;UNKNOWN;YES
TRX-1028266;2026-03-25;0,0;Vendor_26;Netherlands;YES
TRX-1028268;2026-04-24;1325,23;UNKNOWN;UNKNOWN;YES
TRX-1028271;2026-01-27;0,0;Vendor_2;China;YES
TRX-1028286;2026-02-11;804,24;UNKNOWN;UNKNOWN;YES
TRX-1028290;2026-04-30;0,0;UNKNOWN;UNKNOWN;YES
TRX-1028294;2026-01-09;0,0;Vendor_31;Netherlands;YES
TRX-1028304;2026-03-04;0,0;Vendor_17;China;YES
TRX-1028310;2026-02-15;0,0;Vendor_8;Germany;YES
TRX-1028315;2026-07-14;0,0;Vendor_7;China;YES
TRX-1028317;2026-01-26;0,0;Vendor_18;China;YES
TRX-1028323;;758,25;UNKNOWN;UNKNOWN;YES
TRX-1028325;2026-04-10;0,0;Vendor_25;China;YES
TRX-1028328;;0,0;Vendor_18;China;YES
TRX-1028339;2026-08-26;0,0;Vendor_40;China;YES
TRX-1028341;2026-07-13;0,0;Vendor_11;Germany;YES
TRX-1028343;2026-02-19;0,0;Vendor_5;Poland;YES
TRX-1028350;2026-05-02;0,0;Vendor_37;China;YES
TRX-1028357;2026-04-03;281,89;UNKNOWN;UNKNOWN;YES
TRX-1028360;2026-04-03;0,0;Vendor_46;Poland;YES
TRX-1028362;2026-08-25;850,19;UNKNOWN;UNKNOWN;YES
TRX-1028365;2026-07-22;374,72;UNKNOWN;UNKNOWN;YES
TRX-1028371;2026-03-14;0,0;Vendor_36;Poland;YES
TRX-1028390;2026-03-26;839,74;UNKNOWN;UNKNOWN;YES
TRX-1028401;2026-01-18;0,0;Vendor_22;Germany;YES
TRX-1028430;;0,0;Vendor_43;Netherlands;YES
TRX-1028436;2026-02-06;1335,95;UNKNOWN;UNKNOWN;YES
TRX-1028442;2026-04-09;1341,58;UNKNOWN;UNKNOWN;YES
TRX-1028452;;0,0;Vendor_10;China;YES
TRX-1028454;2026-04-29;0,0;Vendor_14;China;YES
TRX-1028465;2026-08-09;0,0;Vendor_23;Poland;YES
TRX-1028467;2026-04-04;0,0;Vendor_30;Netherlands;YES
TRX-1028481;2026-09-02;0,0;Vendor_43;Netherlands;YES
TRX-1028482;;0,0;Vendor_32;Germany;YES
TRX-1028486;2026-05-18;203,01;UNKNOWN;UNKNOWN;YES
TRX-1028489;2026-08-13;0,0;Vendor_29;Netherlands;YES
TRX-1028492;2026-04-19;0,0;Vendor_20;Netherlands;YES
TRX-1028496;2026-04-06;0,0;Vendor_14;China;YES
TRX-1028497;2026-08-03;0,0;Vendor_14;China;YES
TRX-1028501;2026-03-21;0,0;Vendor_42;Germany;YES
TRX-1028502;2026-06-27;0,0;Vendor_12;Netherlands;YES
TRX-1028513;2026-03-10;600,94;UNKNOWN;UNKNOWN;YES
TRX-1028519;2026-01-02;0,0;UNKNOWN;UNKNOWN;YES
TRX-1028528;2026-09-01;0,0;Vendor_21;Germany;YES
TRX-1028529;2026-08-31;1141,76;UNKNOWN;UNKNOWN;YES
TRX-1028531;2026-08-13;0,0;Vendor_11;Germany;YES
TRX-1028539;2026-01-28;825,78;UNKNOWN;UNKNOWN;YES
TRX-1028552;2026-07-17;0,0;Vendor_40;China;YES
TRX-1028554;2026-05-14;38,49;UNKNOWN;UNKNOWN;YES
TRX-1028555;2026-05-05;0,0;Vendor_10;China;YES
TRX-1028556;2026-05-17;0,0;Vendor_48;Netherlands;YES
TRX-1028573;2026-07-19;60,8;UNKNOWN;UNKNOWN;YES
TRX-1028581;2026-09-05;0,0;Vendor_5;Poland;YES
TRX-1028587;2026-08-01;0,0;Vendor_47;Netherlands;YES
TRX-1028591;2026-06-17;789,74;UNKNOWN;UNKNOWN;YES
TRX-1028597;2026-07-12;0,0;Vendor_23;Poland;YES
TRX-1028602;2026-05-04;1311,54;UNKNOWN;UNKNOWN;YES
TRX-1028603;2026-03-26;0,0;Vendor_49;Poland;YES
TRX-1028624;2026-01-19;0,0;Vendor_23;Poland;YES
TRX-1028638;2026-06-18;0,0;UNKNOWN;UNKNOWN;YES
TRX-1028639;2026-03-18;0,0;Vendor_3;Poland;YES
TRX-1028642;2026-07-18;0,0;Vendor_48;Netherlands;YES
TRX-1028657;2026-07-02;0,0;Vendor_41;Germany;YES
TRX-1028667;;0,0;Vendor_33;Poland;YES
TRX-1028674;2026-04-27;0,0;Vendor_34;China;YES
TRX-1028687;2026-08-24;1182,36;UNKNOWN;UNKNOWN;YES
TRX-1028695;2026-08-11;603,67;UNKNOWN;UNKNOWN;YES
TRX-1028696;2026-04-16;0,0;UNKNOWN;UNKNOWN;YES
TRX-1028698;2026-05-13;0,0;Vendor_29;Netherlands;YES
TRX-1028714;2026-05-03;0,0;Vendor_45;Poland;YES
TRX-1028724;2026-07-30;0,0;Vendor_4;Netherlands;YES
TRX-1028725;2026-05-04;1499,67;UNKNOWN;UNKNOWN;YES
TRX-1028738;2026-04-04;0,0;Vendor_12;Netherlands;YES
TRX-1028740;2026-03-15;477,28;UNKNOWN;UNKNOWN;YES
TRX-1028752;2026-08-20;0,0;Vendor_30;Netherlands;YES
TRX-1028759;2026-06-21;0,0;UNKNOWN;UNKNOWN;YES
TRX-1028771;2026-06-27;312,19;UNKNOWN;UNKNOWN;YES
TRX-1028788;2026-01-31;0,0;Vendor_9;China;YES
TRX-1028793;2026-03-18;0,0;Vendor_12;Netherlands;YES
TRX-1028805;2026-08-20;1044,74;UNKNOWN;UNKNOWN;YES
TRX-1028806;2026-09-08;0,0;Vendor_8;Germany;YES
TRX-1028808;2026-03-25;0,0;Vendor_21;Germany;YES
TRX-1028816;2026-02-17;457,03;UNKNOWN;UNKNOWN;YES
TRX-1028823;2026-06-23;1489,97;UNKNOWN;UNKNOWN;YES
TRX-1028834;2026-05-05;713,14;UNKNOWN;UNKNOWN;YES
TRX-1028849;2026-01-01;0,0;Vendor_33;Poland;YES
TRX-1028851;2026-06-05;1429,34;UNKNOWN;UNKNOWN;YES
TRX-1028862;2026-07-01;0,0;Vendor_27;Poland;YES
TRX-1028863;2026-08-10;1095,37;UNKNOWN;UNKNOWN;YES
TRX-1028866;2026-04-29;0,0;UNKNOWN;UNKNOWN;YES
TRX-1028872;2026-02-25;1195,44;UNKNOWN;UNKNOWN;YES
TRX-1028873;2026-01-14;0,0;Vendor_25;China;YES
TRX-1028876;2026-05-04;0,0;Vendor_42;Germany;YES
TRX-1028891;2026-08-28;0,0;Vendor_40;China;YES
TRX-1028901;2026-02-03;0,0;Vendor_25;China;YES
TRX-1028907;2026-03-26;0,0;Vendor_30;Netherlands;YES
TRX-1028910;2026-02-28;0,0;Vendor_17;China;YES
TRX-1028924;2026-05-27;0,0;Vendor_38;China;YES
TRX-1028928;2026-07-14;0,0;Vendor_34;China;YES
TRX-1028932;2026-03-23;0,0;Vendor_15;Germany;YES
TRX-1028937;2026-02-15;1215,09;UNKNOWN;UNKNOWN;YES
TRX-1028939;2026-07-25;1236,19;UNKNOWN;UNKNOWN;YES
TRX-1028943;2026-08-12;0,0;Vendor_36;Poland;YES
TRX-1028945;2026-03-06;0,0;Vendor_5;Poland;YES
TRX-1028946;2026-06-06;0,0;Vendor_27;Poland;YES
TRX-1028950;2026-01-13;0,0;Vendor_25;China;YES
TRX-1028951;;0,0;Vendor_37;China;YES
TRX-1028959;2026-04-11;605,79;UNKNOWN;UNKNOWN;YES
TRX-1028964;2026-03-31;0,0;Vendor_33;Poland;YES
TRX-1028970;2026-06-05;0,0;Vendor_23;Poland;YES
TRX-1028977;;0,0;Vendor_33;Poland;YES
TRX-1028978;2026-08-23;0,0;Vendor_35;Poland;YES
TRX-1028982;2026-08-23;417,75;UNKNOWN;UNKNOWN;YES
TRX-1028983;2026-06-20;1121,44;UNKNOWN;UNKNOWN;YES
TRX-1028997;2026-05-16;0,0;Vendor_6;China;YES
TRX-1028998;2026-06-10;0,0;Vendor_25;China;YES
TRX-1029004;2026-07-04;0,0;Vendor_46;Poland;YES
TRX-1029010;2026-05-12;0,0;Vendor_43;Netherlands;YES
TRX-1029021;;750,74;UNKNOWN;UNKNOWN;YES
TRX-1029024;;0,0;Vendor_25;China;YES
TRX-1029025;2026-08-15;0,0;UNKNOWN;UNKNOWN;YES
TRX-1029028;2026-04-01;0,0;Vendor_44;Poland;YES
TRX-1029040;2026-07-03;0,0;Vendor_16;Netherlands;YES
TRX-1029048;2026-06-19;0,0;Vendor_14;China;YES
TRX-1029054;2026-03-16;0,0;Vendor_24;Germany;YES
TRX-1029058;;0,0;Vendor_12;Netherlands;YES
TRX-1029083;2026-03-02;0,0;Vendor_28;Netherlands;YES
TRX-1029086;2026-04-23;0,0;Vendor_28;Netherlands;YES
TRX-1029087;2026-05-21;0,0;UNKNOWN;UNKNOWN;YES
TRX-1029097;2026-08-06;0,0;Vendor_14;China;YES
TRX-1029101;2026-07-11;710,11;UNKNOWN;UNKNOWN;YES
TRX-1029114;2026-03-04;0,0;Vendor_43;Netherlands;YES
TRX-1029115;2026-07-08;0,0;Vendor_19;Netherlands;YES
TRX-1029124;2026-01-01;624,44;UNKNOWN;UNKNOWN;YES
TRX-1029125;2026-01-10;0,0;Vendor_24;Germany;YES
TRX-1029131;2026-04-13;0,0;Vendor_42;Germany;YES
TRX-1029142;2026-02-07;0,0;Vendor_27;Poland;YES
TRX-1029152;2026-08-09;0,0;Vendor_24;Germany;YES
TRX-1029156;2026-01-08;0,0;Vendor_16;Netherlands;YES
TRX-1029166;2026-06-10;0,0;Vendor_22;Germany;YES
TRX-1029170;2026-02-18;0,0;Vendor_9;China;YES
TRX-1029181;2026-05-13;833,67;UNKNOWN;UNKNOWN;YES
TRX-1029184;2026-05-01;1488,93;UNKNOWN;UNKNOWN;YES
TRX-1029192;2026-06-04;0,0;Vendor_2;China;YES
TRX-1029202;2026-07-27;0,0;Vendor_31;Netherlands;YES
TRX-1029206;2026-02-26;0,0;Vendor_44;Poland;YES
TRX-1029210;2026-05-18;847,5;UNKNOWN;UNKNOWN;YES
TRX-1029215;2026-07-07;1066,38;UNKNOWN;UNKNOWN;YES
TRX-1029227;2026-03-31;0,0;Vendor_48;Netherlands;YES
TRX-1029230;2026-08-03;0,0;Vendor_21;Germany;YES
TRX-1029233;2026-05-19;0,0;Vendor_2;China;YES
TRX-1029256;2026-05-11;0,0;Vendor_29;Netherlands;YES
TRX-1029258;2026-07-07;0,0;Vendor_40;China;YES
TRX-1029272;2026-01-16;616,58;UNKNOWN;UNKNOWN;YES
TRX-1029275;2026-07-24;0,0;Vendor_34;China;YES
TRX-1029281;;0,0;Vendor_37;China;YES
TRX-1029285;2026-08-30;0,0;Vendor_26;Netherlands;YES
TRX-1029290;2026-03-04;1405,7;UNKNOWN;UNKNOWN;YES
TRX-1029303;2026-03-05;410,89;UNKNOWN;UNKNOWN;YES
TRX-1029310;2026-08-28;0,0;Vendor_20;Netherlands;YES
TRX-1029319;2026-04-16;0,0;Vendor_19;Netherlands;YES
TRX-1029321;2026-02-11;0,0;Vendor_4;Netherlands;YES
TRX-1029322;2026-04-26;0,0;Vendor_45;Poland;YES
TRX-1029325;2026-06-01;359,22;UNKNOWN;UNKNOWN;YES
TRX-1029337;2026-07-31;0,0;Vendor_3;Poland;YES
TRX-1029348;2026-06-21;0,0;Vendor_10;China;YES
TRX-1029356;2026-08-06;0,0;Vendor_3;Poland;YES
TRX-1029360;2026-07-31;0,0;Vendor_36;Poland;YES
TRX-1029361;2026-03-01;0,0;Vendor_4;Netherlands;YES
TRX-1029365;2026-03-30;0,0;Vendor_41;Germany;YES
TRX-1029370;2026-03-17;0,0;Vendor_8;Germany;YES
TRX-1029374;2026-08-29;86,17;UNKNOWN;UNKNOWN;YES
TRX-1029377;2026-02-15;1215,73;UNKNOWN;UNKNOWN;YES
TRX-1029385;;0,0;Vendor_30;Netherlands;YES
TRX-1029387;2026-05-21;0,0;UNKNOWN;UNKNOWN;YES
TRX-1029392;2026-07-13;0,0;Vendor_2;China;YES
TRX-1029397;2026-04-17;0,0;Vendor_49;Poland;YES
TRX-1029398;2026-08-29;0,0;Vendor_44;Poland;YES
TRX-1029399;2026-06-05;0,0;Vendor_2;China;YES
TRX-1029401;2026-05-23;168,25;UNKNOWN;UNKNOWN;YES
TRX-1029409;2026-07-14;1431,66;UNKNOWN;UNKNOWN;YES
TRX-1029421;2026-01-14;0,0;UNKNOWN;UNKNOWN;YES
TRX-1029422;2026-05-24;0,0;UNKNOWN;UNKNOWN;YES
TRX-1029424;2026-04-03;0,0;Vendor_50;Poland;YES
TRX-1029426;2026-07-22;0,0;Vendor_23;Poland;YES
TRX-1029433;2026-07-07;444,42;UNKNOWN;UNKNOWN;YES
TRX-1029435;2026-03-11;1453,04;UNKNOWN;UNKNOWN;YES
TRX-1029442;2026-08-14;84,23;UNKNOWN;UNKNOWN;YES
TRX-1029443;2026-08-16;0,0;Vendor_41;Germany;YES
TRX-1029444;2026-07-09;0,0;Vendor_15;Germany;YES
TRX-1029461;2026-01-18;0,0;Vendor_34;China;YES
TRX-1029480;2026-01-10;9,05;UNKNOWN;UNKNOWN;YES
TRX-1029490;2026-06-20;272,74;UNKNOWN;UNKNOWN;YES
TRX-1029500;2026-03-23;1133,0;UNKNOWN;UNKNOWN;YES
TRX-1029506;2026-04-02;0,0;Vendor_46;Poland;YES
TRX-1029512;2026-07-10;0,0;Vendor_14;China;YES
TRX-1029516;2026-08-28;0,0;Vendor_19;Netherlands;YES
TRX-1029539;2026-02-02;953,8;UNKNOWN;UNKNOWN;YES
TRX-1029552;2026-07-16;0,0;Vendor_9;China;YES
TRX-1029563;2026-09-04;790,66;UNKNOWN;UNKNOWN;YES
TRX-1029566;2026-04-26;1273,03;UNKNOWN;UNKNOWN;YES
TRX-1029569;2026-04-17;837,64;UNKNOWN;UNKNOWN;YES
TRX-1029571;2026-07-21;1093,33;UNKNOWN;UNKNOWN;YES
TRX-1029573;2026-04-08;0,0;Vendor_2;China;YES
TRX-1029579;2026-08-12;0,0;Vendor_20;Netherlands;YES
TRX-1029609;2026-05-06;1366,53;UNKNOWN;UNKNOWN;YES
TRX-1029610;2026-01-09;0,0;Vendor_25;China;YES
TRX-1029614;2026-03-04;0,0;Vendor_6;China;YES
TRX-1029616;2026-06-17;0,0;Vendor_38;China;YES
TRX-1029629;2026-09-05;0,0;Vendor_13;Netherlands;YES
TRX-1029642;2026-04-19;833,47;UNKNOWN;UNKNOWN;YES
TRX-1029657;2026-08-26;0,0;Vendor_14;China;YES
TRX-1029662;2026-08-08;0,0;Vendor_24;Germany;YES
TRX-1029669;2026-02-18;0,0;Vendor_44;Poland;YES
TRX-1029690;2026-07-27;223,01;UNKNOWN;UNKNOWN;YES
TRX-1029694;2026-06-19;0,0;Vendor_12;Netherlands;YES
TRX-1029695;2026-08-01;771,55;UNKNOWN;UNKNOWN;YES
TRX-1029715;2026-06-20;0,0;Vendor_26;Netherlands;YES
TRX-1029717;2026-01-22;1423,33;UNKNOWN;UNKNOWN;YES
TRX-1029718;;0,0;Vendor_15;Germany;YES
TRX-1029720;2026-03-31;0,0;Vendor_15;Germany;YES
TRX-1029731;2026-07-11;1424,22;UNKNOWN;UNKNOWN;YES
TRX-1029736;2026-05-03;1446,27;UNKNOWN;UNKNOWN;YES
TRX-1029737;2026-03-13;0,0;Vendor_16;Netherlands;YES
TRX-1029741;2026-05-30;0,0;Vendor_21;Germany;YES
TRX-1029745;2026-08-07;0,0;Vendor_38;China;YES
TRX-1029747;2026-04-17;659,29;UNKNOWN;UNKNOWN;YES
TRX-1029750;2026-08-21;0,0;Vendor_23;Poland;YES
TRX-1029753;2026-05-15;1382,62;UNKNOWN;UNKNOWN;YES
TRX-1029754;2026-06-06;0,0;Vendor_22;Germany;YES
TRX-1029756;2026-04-26;0,0;Vendor_38;China;YES
TRX-1029764;2026-06-16;0,0;Vendor_28;Netherlands;YES
TRX-1029768;2026-05-19;1277,06;UNKNOWN;UNKNOWN;YES
TRX-1029775;2026-07-23;0,0;Vendor_30;Netherlands;YES
TRX-1029787;2026-06-21;0,0;Vendor_35;Poland;YES
TRX-1029790;2026-08-21;0,0;Vendor_32;Germany;YES
TRX-1029791;2026-03-23;0,0;Vendor_33;Poland;YES
TRX-1029820;2026-08-15;0,0;Vendor_10;China;YES
TRX-1029828;2026-03-22;0,0;Vendor_38;China;YES
TRX-1029846;2026-08-13;0,0;Vendor_38;China;YES
TRX-1029856;2026-06-03;1251,76;UNKNOWN;UNKNOWN;YES
TRX-1029858;2026-05-18;0,0;Vendor_9;China;YES
TRX-1029859;2026-02-15;0,0;Vendor_48;Netherlands;YES
TRX-1029868;2026-02-28;154,46;UNKNOWN;UNKNOWN;YES
TRX-1029893;2026-03-18;1465,04;UNKNOWN;UNKNOWN;YES
TRX-1029930;2026-02-18;0,0;Vendor_14;China;YES
TRX-1029931;2026-08-08;0,0;Vendor_40;China;YES
TRX-1029933;2026-06-03;664,08;UNKNOWN;UNKNOWN;YES
TRX-1029938;2026-02-10;186,04;UNKNOWN;UNKNOWN;YES
TRX-1029939;2026-05-07;0,0;Vendor_49;Poland;YES
TRX-1029951;2026-05-11;0,0;Vendor_32;Germany;YES
TRX-1029954;2026-03-11;0,0;Vendor_35;Poland;YES
TRX-1029957;2026-01-19;1313,78;UNKNOWN;UNKNOWN;YES
TRX-1029963;2026-03-25;0,0;Vendor_39;Poland;YES
TRX-1029964;2026-07-21;0,0;Vendor_43;Netherlands;YES
TRX-1029965;2026-03-30;0,0;Vendor_42;Germany;YES
TRX-1029974;2026-08-30;0,0;Vendor_38;China;YES
TRX-1029977;;0,0;Vendor_39;Poland;YES
TRX-1029982;2026-09-05;0,0;Vendor_2;China;YES
TRX-1029984;2026-06-15;974,86;UNKNOWN;UNKNOWN;YES
TRX-1029986;2026-03-03;0,0;Vendor_40;China;YES
TRX-1029991;2026-05-10;1334,27;UNKNOWN;UNKNOWN;YES
TRX-1029995;2026-07-12;0,0;UNKNOWN;UNKNOWN;YES
TRX-1029997;2026-05-15;490,99;UNKNOWN;UNKNOWN;YES
TRX-1030001;;549,05;UNKNOWN;UNKNOWN;YES
TRX-1030012;2026-04-14;0,0;Vendor_45;Poland;YES
TRX-1030023;2026-04-02;0,0;Vendor_1;Germany;YES
TRX-1030028;2026-08-31;960,95;UNKNOWN;UNKNOWN;YES
TRX-1030040;2026-05-16;874,2;UNKNOWN;UNKNOWN;YES
TRX-1030056;2026-03-26;475,52;UNKNOWN;UNKNOWN;YES
TRX-1030076;2026-05-04;573,85;UNKNOWN;UNKNOWN;YES
TRX-1030081;2026-01-21;0,0;Vendor_31;Netherlands;YES
TRX-1030084;2026-09-07;0,0;Vendor_48;Netherlands;YES
TRX-1030085;2026-01-17;0,0;UNKNOWN;UNKNOWN;YES
TRX-1030096;2026-06-09;0,0;Vendor_23;Poland;YES
TRX-1030099;2026-07-23;0,0;Vendor_19;Netherlands;YES
TRX-1030102;2026-08-13;0,0;Vendor_14;China;YES
TRX-1030104;2026-03-30;223,65;UNKNOWN;UNKNOWN;YES
TRX-1030109;2026-05-19;0,0;Vendor_21;Germany;YES
TRX-1030116;2026-03-30;0,0;Vendor_39;Poland;YES
TRX-1030122;2026-08-28;0,0;Vendor_12;Netherlands;YES
TRX-1030125;2026-05-13;777,01;UNKNOWN;UNKNOWN;YES
TRX-1030130;2026-03-05;0,0;Vendor_17;China;YES
TRX-1030144;2026-04-21;1218,16;UNKNOWN;UNKNOWN;YES
TRX-1030150;2026-01-17;0,0;Vendor_33;Poland;YES
TRX-1030153;2026-01-23;0,0;Vendor_7;China;YES
TRX-1030154;2026-07-15;275,86;UNKNOWN;UNKNOWN;YES
TRX-1030166;2026-03-26;956,24;UNKNOWN;UNKNOWN;YES
TRX-1030169;2026-03-07;0,0;Vendor_46;Poland;YES
TRX-1030170;2026-02-21;938,24;UNKNOWN;UNKNOWN;YES
TRX-1030187;2026-04-28;0,0;Vendor_40;China;YES
TRX-1030188;2026-03-26;0,0;Vendor_43;Netherlands;YES
TRX-1030192;2026-02-11;1300,39;UNKNOWN;UNKNOWN;YES
TRX-1030197;2026-03-22;0,0;Vendor_32;Germany;YES
TRX-1030199;2026-05-29;1116,7;UNKNOWN;UNKNOWN;YES
TRX-1030200;2026-07-05;0,0;Vendor_3;Poland;YES
TRX-1030209;;834,55;UNKNOWN;UNKNOWN;YES
TRX-1030218;2026-01-29;1206,08;UNKNOWN;UNKNOWN;YES
TRX-1030221;2026-01-18;1240,98;UNKNOWN;UNKNOWN;YES
TRX-1030224;;760,09;UNKNOWN;UNKNOWN;YES
TRX-1030226;;234,09;UNKNOWN;UNKNOWN;YES
TRX-1030232;2026-04-22;0,0;Vendor_21;Germany;YES
TRX-1030233;2026-05-21;233,05;UNKNOWN;UNKNOWN;YES
TRX-1030235;2026-02-25;898,06;UNKNOWN;UNKNOWN;YES
TRX-1030237;2026-03-19;0,0;Vendor_2;China;YES
TRX-1030260;2026-05-19;0,0;Vendor_24;Germany;YES
TRX-1030261;2026-02-07;0,0;Vendor_5;Poland;YES
TRX-1030264;2026-07-29;0,0;Vendor_45;Poland;YES
TRX-1030270;2026-03-05;0,0;Vendor_33;Poland;YES
TRX-1030275;2026-02-17;0,0;UNKNOWN;UNKNOWN;YES
TRX-1030282;;0,0;Vendor_49;Poland;YES
TRX-1030284;2026-07-18;1166,76;UNKNOWN;UNKNOWN;YES
TRX-1030291;2026-04-08;1052,15;UNKNOWN;UNKNOWN;YES
TRX-1030295;2026-05-13;0,0;Vendor_10;China;YES
TRX-1030301;;0,0;Vendor_32;Germany;YES
TRX-1030313;2026-05-23;0,0;Vendor_37;China;YES
TRX-1030314;2026-06-15;0,0;Vendor_27;Poland;YES
TRX-1030336;2026-01-04;0,0;Vendor_33;Poland;YES
TRX-1030339;2026-03-28;783,39;UNKNOWN;UNKNOWN;YES
TRX-1030347;2026-03-10;0,0;Vendor_32;Germany;YES
TRX-1030352;2026-03-09;0,0;Vendor_40;China;YES
TRX-1030360;2026-06-29;0,0;Vendor_26;Netherlands;YES
TRX-1030387;2026-01-19;0,0;Vendor_12;Netherlands;YES
TRX-1030390;2026-05-15;0,0;UNKNOWN;UNKNOWN;YES
TRX-1030398;2026-04-15;0,0;Vendor_7;China;YES
TRX-1030408;2026-04-08;660,69;UNKNOWN;UNKNOWN;YES
TRX-1030422;2026-03-20;553,01;UNKNOWN;UNKNOWN;YES
TRX-1030458;2026-01-26;0,0;Vendor_20;Netherlands;YES
TRX-1030459;2026-05-14;0,0;Vendor_26;Netherlands;YES
TRX-1030461;2026-07-19;0,0;Vendor_26;Netherlands;YES
TRX-1030467;2026-03-10;1481,62;UNKNOWN;UNKNOWN;YES
TRX-1030492;2026-08-12;0,0;Vendor_50;Poland;YES
TRX-1030495;2026-06-16;0,0;Vendor_36;Poland;YES
TRX-1030509;2026-07-06;1385,06;UNKNOWN;UNKNOWN;YES
TRX-1030510;2026-07-25;0,0;Vendor_27;Poland;YES
TRX-1030515;2026-01-29;0,0;Vendor_48;Netherlands;YES
TRX-1030517;2026-01-11;872,13;UNKNOWN;UNKNOWN;YES
TRX-1030521;2026-08-28;0,0;Vendor_28;Netherlands;YES
TRX-1030522;;1133,36;UNKNOWN;UNKNOWN;YES
TRX-1030537;2026-03-01;0,0;Vendor_12;Netherlands;YES
TRX-1030544;;0,0;Vendor_42;Germany;YES
TRX-1030546;2026-04-27;0,0;Vendor_27;Poland;YES
TRX-1030549;2026-04-17;1397,17;UNKNOWN;UNKNOWN;YES
TRX-1030551;2026-04-21;0,0;Vendor_1;Germany;YES
TRX-1030558;2026-06-05;0,0;Vendor_11;Germany;YES
TRX-1030569;2026-01-15;335,87;UNKNOWN;UNKNOWN;YES
TRX-1030571;2026-04-21;702,01;UNKNOWN;UNKNOWN;YES
TRX-1030575;;1292,02;UNKNOWN;UNKNOWN;YES
TRX-1030576;2026-01-21;0,0;Vendor_1;Germany;YES
TRX-1030596;2026-04-06;0,0;Vendor_2;China;YES
TRX-1030597;2026-02-09;0,0;UNKNOWN;UNKNOWN;YES
TRX-1030607;2026-04-16;0,0;Vendor_40;China;YES
TRX-1030619;2026-04-23;0,0;Vendor_17;China;YES
TRX-1030631;2026-08-01;0,0;Vendor_1;Germany;YES
TRX-1030636;2026-03-31;0,0;Vendor_36;Poland;YES
TRX-1030638;2026-05-14;1323,46;UNKNOWN;UNKNOWN;YES
TRX-1030656;2026-06-22;185,67;UNKNOWN;UNKNOWN;YES
TRX-1030675;2026-01-18;0,0;Vendor_32;Germany;YES
TRX-1030680;2026-05-10;740,63;UNKNOWN;UNKNOWN;YES
TRX-1030690;2026-01-07;984,88;UNKNOWN;UNKNOWN;YES
TRX-1030693;2026-05-30;0,0;Vendor_45;Poland;YES
TRX-1030695;2026-03-15;1033,94;UNKNOWN;UNKNOWN;YES
TRX-1030696;2026-01-26;0,0;Vendor_16;Netherlands;YES
TRX-1030703;2026-04-05;350,94;UNKNOWN;UNKNOWN;YES
TRX-1030705;2026-06-06;116,5;UNKNOWN;UNKNOWN;YES
TRX-1030710;2026-01-23;0,0;Vendor_43;Netherlands;YES
TRX-1030726;2026-01-12;0,0;Vendor_48;Netherlands;YES
TRX-1030732;2026-02-26;0,0;Vendor_25;China;YES
TRX-1030743;2026-07-10;0,0;Vendor_26;Netherlands;YES
TRX-1030749;2026-02-22;0,0;Vendor_25;China;YES
TRX-1030752;2026-03-17;0,0;Vendor_4;Netherlands;YES
TRX-1030755;2026-01-29;0,0;Vendor_25;China;YES
TRX-1030772;2026-08-19;871,16;UNKNOWN;UNKNOWN;YES
TRX-1030773;2026-02-08;0,0;Vendor_23;Poland;YES
TRX-1030778;2026-06-06;746,21;UNKNOWN;UNKNOWN;YES
TRX-1030781;2026-04-25;0,0;Vendor_19;Netherlands;YES
TRX-1030784;2026-06-01;0,0;Vendor_47;Netherlands;YES
TRX-1030793;2026-04-27;0,0;Vendor_28;Netherlands;YES
TRX-1030812;2026-01-04;0,0;Vendor_47;Netherlands;YES
TRX-1030814;2026-07-10;0,0;Vendor_48;Netherlands;YES
TRX-1030823;2026-06-08;0,0;Vendor_42;Germany;YES
TRX-1030835;2026-06-07;814,68;UNKNOWN;UNKNOWN;YES
TRX-1030842;2026-06-19;0,0;Vendor_8;Germany;YES
TRX-1030858;2026-09-08;0,0;Vendor_37;China;YES
TRX-1030863;2026-05-18;0,0;Vendor_9;China;YES
TRX-1030869;2026-08-15;551,3;UNKNOWN;UNKNOWN;YES
TRX-1030874;2026-08-02;0,0;Vendor_15;Germany;YES
TRX-1030876;2026-02-10;0,0;Vendor_31;Netherlands;YES
TRX-1030878;2026-05-22;0,0;Vendor_1;Germany;YES
TRX-1030881;2026-08-29;0,0;Vendor_50;Poland;YES
TRX-1030893;2026-03-31;0,0;Vendor_8;Germany;YES
TRX-1030901;2026-02-12;0,0;Vendor_37;China;YES
TRX-1030902;2026-07-01;1234,53;UNKNOWN;UNKNOWN;YES
TRX-1030907;2026-06-18;0,0;Vendor_31;Netherlands;YES
TRX-1030917;2026-05-16;0,0;Vendor_19;Netherlands;YES
TRX-1030924;2026-03-10;0,0;UNKNOWN;UNKNOWN;YES
TRX-1030941;2026-07-14;798,35;UNKNOWN;UNKNOWN;YES
TRX-1030947;2026-06-05;0,0;Vendor_3;Poland;YES
TRX-1030962;2026-03-11;1182,84;UNKNOWN;UNKNOWN;YES
TRX-1030964;2026-01-12;623,21;UNKNOWN;UNKNOWN;YES
TRX-1030988;2026-03-18;0,0;Vendor_24;Germany;YES
TRX-1030990;2026-03-05;793,27;UNKNOWN;UNKNOWN;YES
TRX-1030992;2026-07-14;0,0;Vendor_37;China;YES
TRX-1031008;2026-03-05;0,0;Vendor_29;Netherlands;YES
TRX-1031028;2026-01-23;626,22;UNKNOWN;UNKNOWN;YES
TRX-1031032;2026-03-21;0,0;Vendor_34;China;YES
TRX-1031033;2026-04-20;0,0;Vendor_20;Netherlands;YES
TRX-1031039;2026-08-14;0,0;UNKNOWN;UNKNOWN;YES
TRX-1031042;2026-06-22;0,0;Vendor_13;Netherlands;YES
TRX-1031052;2026-02-02;0,0;Vendor_16;Netherlands;YES
TRX-1031056;2026-05-31;664,44;UNKNOWN;UNKNOWN;YES
TRX-1031064;2026-08-12;0,0;Vendor_36;Poland;YES
TRX-1031068;2026-05-01;0,0;Vendor_3;Poland;YES
TRX-1031072;2026-02-13;406,62;UNKNOWN;UNKNOWN;YES
TRX-1031073;2026-07-28;267,88;UNKNOWN;UNKNOWN;YES
TRX-1031083;2026-05-08;0,0;Vendor_45;Poland;YES
TRX-1031085;2026-05-21;878,57;UNKNOWN;UNKNOWN;YES
TRX-1031095;2026-04-08;0,0;Vendor_29;Netherlands;YES
TRX-1031097;2026-05-26;0,0;Vendor_34;China;YES
TRX-1031098;2026-07-11;0,0;Vendor_10;China;YES
TRX-1031104;2026-08-28;0,0;UNKNOWN;UNKNOWN;YES
TRX-1031109;2026-06-25;0,0;Vendor_44;Poland;YES
TRX-1031112;2026-06-21;1332,57;UNKNOWN;UNKNOWN;YES
TRX-1031113;2026-02-10;1432,99;UNKNOWN;UNKNOWN;YES
TRX-1031114;2026-01-20;1006,84;UNKNOWN;UNKNOWN;YES
TRX-1031121;2026-08-15;0,0;Vendor_41;Germany;YES
TRX-1031131;2026-07-19;0,0;Vendor_25;China;YES
TRX-1031155;2026-04-22;961,78;UNKNOWN;UNKNOWN;YES
TRX-1031156;2026-04-09;0,0;Vendor_13;Netherlands;YES
TRX-1031161;2026-03-06;0,0;Vendor_21;Germany;YES
TRX-1031163;2026-03-18;1219,52;UNKNOWN;UNKNOWN;YES
TRX-1031167;2026-01-04;0,0;Vendor_4;Netherlands;YES
TRX-1031171;2026-04-22;0,0;Vendor_17;China;YES
TRX-1031176;2026-06-06;0,0;Vendor_45;Poland;YES
TRX-1031185;2026-02-10;661,7;UNKNOWN;UNKNOWN;YES
TRX-1031190;2026-03-16;0,0;Vendor_16;Netherlands;YES
TRX-1031196;2026-01-10;719,74;UNKNOWN;UNKNOWN;YES
TRX-1031202;2026-06-04;1465,5;UNKNOWN;UNKNOWN;YES
TRX-1031216;2026-08-02;609,1;UNKNOWN;UNKNOWN;YES
TRX-1031219;2026-04-07;0,0;Vendor_11;Germany;YES
TRX-1031222;2026-08-10;713,78;UNKNOWN;UNKNOWN;YES
TRX-1031224;2026-02-06;0,0;Vendor_15;Germany;YES
TRX-1031228;2026-02-07;947,76;UNKNOWN;UNKNOWN;YES
TRX-1031231;2026-06-17;0,0;Vendor_41;Germany;YES
TRX-1031234;2026-02-02;0,0;Vendor_8;Germany;YES
TRX-1031239;2026-01-23;0,0;Vendor_36;Poland;YES
TRX-1031251;2026-02-11;0,0;Vendor_17;China;YES
TRX-1031263;2026-02-11;895,51;UNKNOWN;UNKNOWN;YES
TRX-1031265;2026-06-27;0,0;Vendor_19;Netherlands;YES
TRX-1031269;2026-09-02;0,0;Vendor_1;Germany;YES
TRX-1031282;2026-04-10;0,0;Vendor_31;Netherlands;YES
TRX-1031286;2026-05-01;0,0;Vendor_28;Netherlands;YES
TRX-1031287;2026-01-13;0,0;Vendor_36;Poland;YES
TRX-1031290;2026-02-05;217,44;UNKNOWN;UNKNOWN;YES
TRX-1031295;2026-01-21;24,75;UNKNOWN;UNKNOWN;YES
TRX-1031317;2026-03-08;0,0;Vendor_37;China;YES
TRX-1031326;2026-03-20;608,52;UNKNOWN;UNKNOWN;YES
TRX-1031327;2026-04-07;0,0;Vendor_34;China;YES
TRX-1031339;2026-01-23;0,0;Vendor_3;Poland;YES
TRX-1031340;2026-08-12;0,0;Vendor_17;China;YES
TRX-1031344;2026-02-01;450,53;UNKNOWN;UNKNOWN;YES
TRX-1031347;2026-03-27;0,0;UNKNOWN;UNKNOWN;YES
TRX-1031370;2026-04-06;0,0;Vendor_45;Poland;YES
TRX-1031373;2026-05-26;0,0;Vendor_38;China;YES
TRX-1031376;2026-02-01;0,0;Vendor_25;China;YES
TRX-1031379;2026-06-07;0,0;Vendor_21;Germany;YES
TRX-1031387;2026-04-06;1308,09;UNKNOWN;UNKNOWN;YES
TRX-1031391;2026-06-15;0,0;Vendor_47;Netherlands;YES
TRX-1031393;2026-08-03;704,15;UNKNOWN;UNKNOWN;YES
TRX-1031407;2026-02-19;0,0;Vendor_5;Poland;YES
TRX-1031411;2026-02-02;0,0;Vendor_21;Germany;YES
TRX-1031412;2026-01-10;0,0;Vendor_7;China;YES
TRX-1031420;2026-03-20;0,0;Vendor_28;Netherlands;YES
TRX-1031428;2026-09-01;0,0;Vendor_34;China;YES
TRX-1031436;2026-05-07;0,0;Vendor_26;Netherlands;YES
TRX-1031440;2026-06-24;219,75;UNKNOWN;UNKNOWN;YES
TRX-1031449;2026-08-05;0,0;Vendor_29;Netherlands;YES
TRX-1031452;;19,24;UNKNOWN;UNKNOWN;YES
TRX-1031459;2026-07-29;1109,43;UNKNOWN;UNKNOWN;YES
TRX-1031462;2026-01-30;1287,91;UNKNOWN;UNKNOWN;YES
TRX-1031464;2026-07-16;0,0;Vendor_40;China;YES
TRX-1031468;2026-04-12;0,0;Vendor_21;Germany;YES
TRX-1031470;2026-02-17;0,0;Vendor_11;Germany;YES
TRX-1031484;2026-04-22;0,0;Vendor_1;Germany;YES
TRX-1031489;2026-07-09;1429,04;UNKNOWN;UNKNOWN;YES
TRX-1031498;2026-05-03;1434,45;UNKNOWN;UNKNOWN;YES
TRX-1031506;2026-06-21;0,0;Vendor_16;Netherlands;YES
TRX-1031516;2026-01-05;684,19;UNKNOWN;UNKNOWN;YES
TRX-1031523;2026-04-13;11,11;UNKNOWN;UNKNOWN;YES
TRX-1031525;2026-03-11;619,41;UNKNOWN;UNKNOWN;YES
TRX-1031542;2026-07-31;0,0;Vendor_37;China;YES
TRX-1031544;2026-05-22;479,91;UNKNOWN;UNKNOWN;YES
TRX-1031546;;0,0;Vendor_44;Poland;YES
TRX-1031552;2026-03-24;0,0;Vendor_25;China;YES
TRX-1031557;2026-01-07;0,0;Vendor_32;Germany;YES
TRX-1031558;2026-08-29;0,0;Vendor_20;Netherlands;YES
TRX-1031561;2026-04-28;0,0;Vendor_20;Netherlands;YES
TRX-1031569;2026-08-19;596,02;UNKNOWN;UNKNOWN;YES
TRX-1031576;2026-02-20;646,92;UNKNOWN;UNKNOWN;YES
TRX-1031597;2026-04-06;0,0;Vendor_23;Poland;YES
TRX-1031598;2026-02-21;0,0;Vendor_44;Poland;YES
TRX-1031617;2026-08-05;0,0;Vendor_11;Germany;YES
TRX-1031622;2026-03-20;0,0;Vendor_31;Netherlands;YES
TRX-1031628;2026-01-02;1398,85;UNKNOWN;UNKNOWN;YES
TRX-1031629;2026-05-01;0,0;Vendor_24;Germany;YES
TRX-1031642;2026-02-21;0,0;Vendor_20;Netherlands;YES
TRX-1031646;2026-09-02;0,0;Vendor_10;China;YES
TRX-1031666;2026-01-08;964,05;UNKNOWN;UNKNOWN;YES
TRX-1031669;2026-01-22;0,0;Vendor_18;China;YES
TRX-1031670;2026-02-09;0,0;Vendor_13;Netherlands;YES
TRX-1031675;2026-07-17;0,0;Vendor_40;China;YES
TRX-1031676;2026-04-14;1063,58;UNKNOWN;UNKNOWN;YES
TRX-1031678;2026-02-17;0,0;Vendor_34;China;YES
TRX-1031683;2026-05-10;0,0;Vendor_35;Poland;YES
TRX-1031690;2026-02-26;699,01;UNKNOWN;UNKNOWN;YES
TRX-1031694;2026-04-05;868,89;UNKNOWN;UNKNOWN;YES
TRX-1031696;2026-06-27;0,0;Vendor_13;Netherlands;YES
TRX-1031704;;704,46;UNKNOWN;UNKNOWN;YES
TRX-1031712;2026-04-15;0,0;Vendor_32;Germany;YES
TRX-1031715;2026-08-31;0,0;Vendor_6;China;YES
TRX-1031721;2026-04-13;0,0;Vendor_17;China;YES
TRX-1031723;2026-02-01;0,0;Vendor_43;Netherlands;YES
TRX-1031724;2026-06-04;0,0;Vendor_11;Germany;YES
TRX-1031727;2026-06-14;0,0;Vendor_40;China;YES
TRX-1031731;2026-05-18;475,37;UNKNOWN;UNKNOWN;YES
TRX-1031739;2026-02-26;822,56;UNKNOWN;UNKNOWN;YES
TRX-1031742;2026-03-18;1077,68;UNKNOWN;UNKNOWN;YES
TRX-1031745;2026-01-19;0,0;Vendor_40;China;YES
TRX-1031754;2026-04-18;1112,4;UNKNOWN;UNKNOWN;YES
TRX-1031755;2026-08-12;0,0;Vendor_49;Poland;YES
TRX-1031759;2026-08-20;1361,37;UNKNOWN;UNKNOWN;YES
TRX-1031765;2026-06-06;0,0;UNKNOWN;UNKNOWN;YES
TRX-1031781;2026-03-27;0,0;Vendor_48;Netherlands;YES
TRX-1031790;2026-03-14;0,0;Vendor_37;China;YES
TRX-1031791;2026-07-02;0,0;Vendor_6;China;YES
TRX-1031798;2026-01-31;0,0;Vendor_2;China;YES
TRX-1031800;2026-07-29;0,0;Vendor_40;China;YES
TRX-1031807;2026-08-17;1245,26;UNKNOWN;UNKNOWN;YES
TRX-1031824;2026-02-16;0,0;Vendor_45;Poland;YES
TRX-1031838;2026-01-04;0,0;Vendor_18;China;YES
TRX-1031840;2026-03-13;0,0;Vendor_5;Poland;YES
TRX-1031841;2026-07-09;0,0;UNKNOWN;UNKNOWN;YES
TRX-1031849;2026-08-29;0,0;UNKNOWN;UNKNOWN;YES
TRX-1031857;2026-04-24;0,0;Vendor_2;China;YES
TRX-1031868;2026-09-01;0,0;Vendor_34;China;YES
TRX-1031869;2026-07-05;0,0;Vendor_23;Poland;YES
TRX-1031871;2026-01-30;0,0;Vendor_48;Netherlands;YES
TRX-1031875;2026-05-26;0,0;Vendor_40;China;YES
TRX-1031877;2026-04-16;0,0;Vendor_15;Germany;YES
TRX-1031880;2026-03-02;0,0;Vendor_27;Poland;YES
TRX-1031883;2026-07-11;0,0;Vendor_6;China;YES
TRX-1031889;2026-06-07;865,84;UNKNOWN;UNKNOWN;YES
TRX-1031901;;0,0;Vendor_40;China;YES
TRX-1031907;2026-08-19;735,17;UNKNOWN;UNKNOWN;YES
TRX-1031913;2026-05-01;1474,78;UNKNOWN;UNKNOWN;YES
TRX-1031925;2026-08-04;0,0;Vendor_48;Netherlands;YES
TRX-1031937;2026-07-22;0,0;Vendor_39;Poland;YES
TRX-1031947;2026-03-23;0,0;Vendor_1;Germany;YES
TRX-1031949;2026-03-15;0,0;Vendor_8;Germany;YES
TRX-1031955;2026-07-10;0,0;Vendor_15;Germany;YES
TRX-1031956;;0,0;Vendor_3;Poland;YES
TRX-1031969;2026-07-09;889,79;UNKNOWN;UNKNOWN;YES
TRX-1031973;2026-07-31;0,0;Vendor_21;Germany;YES
TRX-1031988;2026-06-07;0,0;Vendor_11;Germany;YES
TRX-1031993;2026-08-15;0,0;Vendor_18;China;YES
TRX-1032002;;0,0;Vendor_7;China;YES
TRX-1032012;;0,0;UNKNOWN;UNKNOWN;YES
TRX-1032016;2026-05-22;42,26;UNKNOWN;UNKNOWN;YES
TRX-1032027;2026-08-29;0,0;Vendor_17;China;YES
TRX-1032035;2026-08-03;0,0;Vendor_14;China;YES
TRX-1032036;2026-07-20;325,72;UNKNOWN;UNKNOWN;YES
TRX-1032045;2026-07-17;0,0;Vendor_24;Germany;YES
TRX-1032048;2026-08-01;0,0;Vendor_38;China;YES
TRX-1032049;2026-03-18;0,0;Vendor_25;China;YES
TRX-1032057;2026-03-24;0,0;Vendor_7;China;YES
TRX-1032058;2026-01-05;468,57;UNKNOWN;UNKNOWN;YES
TRX-1032059;2026-01-14;1433,06;UNKNOWN;UNKNOWN;YES
TRX-1032073;2026-05-09;514,57;UNKNOWN;UNKNOWN;YES
TRX-1032093;2026-09-06;1281,76;UNKNOWN;UNKNOWN;YES
TRX-1032103;2026-07-31;0,0;Vendor_34;China;YES
TRX-1032114;2026-07-15;0,0;Vendor_20;Netherlands;YES
TRX-1032118;2026-01-19;1388,54;UNKNOWN;UNKNOWN;YES
TRX-1032129;2026-03-09;0,0;Vendor_33;Poland;YES
TRX-1032143;2026-03-29;0,0;Vendor_50;Poland;YES
TRX-1032145;2026-03-28;0,0;Vendor_10;China;YES
TRX-1032147;2026-09-01;839,73;UNKNOWN;UNKNOWN;YES
TRX-1032149;2026-03-31;1376,93;UNKNOWN;UNKNOWN;YES
TRX-1032154;2026-01-14;0,0;Vendor_49;Poland;YES
TRX-1032157;2026-06-18;918,22;UNKNOWN;UNKNOWN;YES
TRX-1032158;2026-03-24;0,0;Vendor_50;Poland;YES
TRX-1032162;2026-08-15;0,0;Vendor_12;Netherlands;YES
TRX-1032185;2026-02-14;0,0;Vendor_3;Poland;YES
TRX-1032191;2026-05-29;0,0;Vendor_44;Poland;YES
TRX-1032194;2026-07-11;0,0;Vendor_50;Poland;YES
TRX-1032197;2026-07-19;1484,1;UNKNOWN;UNKNOWN;YES
TRX-1032202;2026-07-20;0,0;Vendor_44;Poland;YES
TRX-1032206;2026-01-18;0,0;Vendor_39;Poland;YES
TRX-1032212;2026-03-20;0,0;Vendor_41;Germany;YES
TRX-1032232;;0,0;Vendor_17;China;YES
TRX-1032234;2026-06-21;0,0;Vendor_49;Poland;YES
TRX-1032239;2026-04-11;0,0;Vendor_50;Poland;YES
TRX-1032250;2026-04-08;0,0;Vendor_40;China;YES
TRX-1032261;2026-02-27;0,0;UNKNOWN;UNKNOWN;YES
TRX-1032262;2026-07-20;0,0;Vendor_26;Netherlands;YES
TRX-1032283;2026-02-28;447,97;UNKNOWN;UNKNOWN;YES
TRX-1032292;2026-08-04;1007,04;UNKNOWN;UNKNOWN;YES
TRX-1032295;2026-05-03;0,0;Vendor_23;Poland;YES
TRX-1032305;;0,0;Vendor_24;Germany;YES
TRX-1032315;2026-07-04;0,0;Vendor_16;Netherlands;YES
TRX-1032321;2026-01-28;0,0;Vendor_46;Poland;YES
TRX-1032328;2026-06-17;0,0;Vendor_12;Netherlands;YES
TRX-1032334;;0,0;Vendor_32;Germany;YES
TRX-1032342;2026-05-17;0,0;Vendor_16;Netherlands;YES
TRX-1032349;2026-03-17;0,0;Vendor_3;Poland;YES
TRX-1032352;;1280,31;UNKNOWN;UNKNOWN;YES
TRX-1032356;2026-07-01;0,0;Vendor_46;Poland;YES
TRX-1032362;2026-06-27;1071,33;UNKNOWN;UNKNOWN;YES
TRX-1032373;2026-01-08;25,91;UNKNOWN;UNKNOWN;YES
TRX-1032379;2026-01-21;452,75;UNKNOWN;UNKNOWN;YES
TRX-1032380;2026-01-11;0,0;Vendor_12;Netherlands;YES
TRX-1032382;2026-07-15;0,0;Vendor_29;Netherlands;YES
TRX-1032383;2026-03-12;0,0;Vendor_34;China;YES
TRX-1032398;2026-02-23;0,0;Vendor_44;Poland;YES
TRX-1032400;2026-02-10;363,19;UNKNOWN;UNKNOWN;YES
TRX-1032402;2026-07-25;0,0;Vendor_50;Poland;YES
TRX-1032406;2026-01-28;919,91;UNKNOWN;UNKNOWN;YES
TRX-1032409;2026-02-23;0,0;Vendor_26;Netherlands;YES
TRX-1032410;2026-09-08;0,0;Vendor_45;Poland;YES
TRX-1032412;2026-04-28;845,85;UNKNOWN;UNKNOWN;YES
TRX-1032415;2026-04-05;0,0;Vendor_16;Netherlands;YES
TRX-1032418;2026-06-23;959,58;UNKNOWN;UNKNOWN;YES
TRX-1032426;;0,0;Vendor_30;Netherlands;YES
TRX-1032431;2026-02-21;0,0;Vendor_17;China;YES
TRX-1032432;2026-05-09;0,0;Vendor_2;China;YES
TRX-1032438;2026-02-05;0,0;Vendor_3;Poland;YES
TRX-1032450;2026-04-06;0,0;Vendor_21;Germany;YES
TRX-1032457;2026-02-20;0,0;Vendor_17;China;YES
TRX-1032470;2026-02-16;0,0;Vendor_45;Poland;YES
TRX-1032478;2026-04-20;0,0;Vendor_3;Poland;YES
TRX-1032482;;1425,81;UNKNOWN;UNKNOWN;YES
TRX-1032488;2026-04-24;0,0;Vendor_38;China;YES
TRX-1032489;2026-03-27;217,39;UNKNOWN;UNKNOWN;YES
TRX-1032530;2026-02-01;0,0;Vendor_28;Netherlands;YES
TRX-1032533;2026-01-17;0,0;Vendor_31;Netherlands;YES
TRX-1032546;2026-03-22;1166,37;UNKNOWN;UNKNOWN;YES
TRX-1032548;2026-07-02;940,26;UNKNOWN;UNKNOWN;YES
TRX-1032550;2026-06-04;0,0;Vendor_39;Poland;YES
TRX-1032555;2026-07-23;0,0;Vendor_47;Netherlands;YES
TRX-1032561;2026-01-08;0,0;Vendor_21;Germany;YES
TRX-1032567;2026-03-15;0,0;Vendor_20;Netherlands;YES
TRX-1032572;2026-03-20;0,0;Vendor_34;China;YES
TRX-1032575;2026-04-19;38,5;UNKNOWN;UNKNOWN;YES
TRX-1032593;;0,0;Vendor_22;Germany;YES
TRX-1032607;2026-06-13;17,4;UNKNOWN;UNKNOWN;YES
TRX-1032609;2026-07-10;0,0;Vendor_41;Germany;YES
TRX-1032614;2026-05-18;1162,29;UNKNOWN;UNKNOWN;YES
TRX-1032626;2026-04-21;0,0;Vendor_33;Poland;YES
TRX-1032634;2026-08-17;0,0;Vendor_18;China;YES
TRX-1032635;2026-05-01;0,0;Vendor_6;China;YES
TRX-1032636;2026-09-04;0,0;Vendor_15;Germany;YES
TRX-1032643;2026-04-11;1082,53;UNKNOWN;UNKNOWN;YES
TRX-1032647;2026-05-05;150,31;UNKNOWN;UNKNOWN;YES
TRX-1032664;2026-07-20;0,0;Vendor_25;China;YES
TRX-1032673;2026-02-22;282,58;UNKNOWN;UNKNOWN;YES
TRX-1032675;2026-05-30;0,0;Vendor_23;Poland;YES
TRX-1032681;2026-05-23;0,0;Vendor_18;China;YES
TRX-1032684;2026-03-05;0,0;Vendor_14;China;YES
TRX-1032686;2026-09-05;1493,9;UNKNOWN;UNKNOWN;YES
TRX-1032699;2026-01-04;0,0;Vendor_40;China;YES
TRX-1032704;2026-07-15;31,13;UNKNOWN;UNKNOWN;YES
TRX-1032709;2026-05-01;0,0;Vendor_37;China;YES
TRX-1032712;;549,02;UNKNOWN;UNKNOWN;YES
TRX-1032716;2026-08-11;1362,57;UNKNOWN;UNKNOWN;YES
TRX-1032719;2026-06-02;45,89;UNKNOWN;UNKNOWN;YES
TRX-1032729;2026-07-18;0,0;Vendor_7;China;YES
TRX-1032736;2026-07-31;1193,66;UNKNOWN;UNKNOWN;YES
TRX-1032761;2026-02-10;0,0;Vendor_18;China;YES
TRX-1032774;2026-07-14;1388,85;UNKNOWN;UNKNOWN;YES
TRX-1032778;;0,0;Vendor_47;Netherlands;YES
TRX-1032780;2026-05-24;0,0;Vendor_40;China;YES
TRX-1032783;2026-08-08;0,0;Vendor_2;China;YES
TRX-1032786;2026-06-15;1256,06;UNKNOWN;UNKNOWN;YES
TRX-1032794;2026-06-10;0,0;Vendor_4;Netherlands;YES
TRX-1032796;2026-06-18;0,0;Vendor_3;Poland;YES
TRX-1032805;2026-03-30;0,0;Vendor_27;Poland;YES
TRX-1032818;2026-07-25;1394,87;UNKNOWN;UNKNOWN;YES
TRX-1032837;2026-08-16;0,0;Vendor_29;Netherlands;YES
TRX-1032840;2026-02-14;0,0;UNKNOWN;UNKNOWN;YES
TRX-1032843;2026-01-25;0,0;Vendor_8;Germany;YES
TRX-1032852;2026-06-27;0,0;Vendor_30;Netherlands;YES
TRX-1032859;;96,49;UNKNOWN;UNKNOWN;YES
TRX-1032874;2026-04-10;107,89;UNKNOWN;UNKNOWN;YES
TRX-1032882;2026-06-30;0,0;Vendor_39;Poland;YES
TRX-1032886;2026-09-06;1177,01;UNKNOWN;UNKNOWN;YES
TRX-1032888;2026-02-07;0,0;Vendor_36;Poland;YES
TRX-1032892;2026-06-29;167,28;UNKNOWN;UNKNOWN;YES
TRX-1032899;2026-04-19;0,0;Vendor_6;China;YES
TRX-1032908;2026-01-12;0,0;Vendor_21;Germany;YES
TRX-1032916;2026-08-02;0,0;Vendor_14;China;YES
TRX-1032921;2026-07-24;578,49;UNKNOWN;UNKNOWN;YES
TRX-1032930;2026-06-22;0,0;Vendor_39;Poland;YES
TRX-1032937;2026-02-10;1051,9;UNKNOWN;UNKNOWN;YES
TRX-1032945;2026-03-22;0,0;UNKNOWN;UNKNOWN;YES
TRX-1032947;2026-01-05;1215,9;UNKNOWN;UNKNOWN;YES
TRX-1032953;2026-03-24;105,36;UNKNOWN;UNKNOWN;YES
TRX-1032958;2026-06-25;0,0;Vendor_11;Germany;YES
TRX-1032965;2026-07-13;261,09;UNKNOWN;UNKNOWN;YES
TRX-1032978;2026-05-06;0,0;Vendor_39;Poland;YES
TRX-1032980;2026-02-11;703,22;UNKNOWN;UNKNOWN;YES
TRX-1032994;2026-07-08;0,0;Vendor_1;Germany;YES
TRX-1033006;2026-08-28;179,81;UNKNOWN;UNKNOWN;YES
TRX-1033008;2026-01-08;1080,29;UNKNOWN;UNKNOWN;YES
TRX-1033009;2026-05-30;0,0;Vendor_31;Netherlands;YES
TRX-1033017;2026-01-11;208,96;UNKNOWN;UNKNOWN;YES
TRX-1033022;2026-01-22;0,0;Vendor_8;Germany;YES
TRX-1033031;2026-07-08;392,89;UNKNOWN;UNKNOWN;YES
TRX-1033034;2026-05-15;0,0;Vendor_41;Germany;YES
TRX-1033035;2026-06-14;286,55;UNKNOWN;UNKNOWN;YES
TRX-1033037;2026-02-24;616,26;UNKNOWN;UNKNOWN;YES
TRX-1033046;;0,0;Vendor_39;Poland;YES
TRX-1033052;2026-08-01;0,0;Vendor_18;China;YES
TRX-1033057;2026-02-20;0,0;Vendor_33;Poland;YES
TRX-1033072;2026-07-31;0,0;Vendor_43;Netherlands;YES
TRX-1033073;2026-07-16;1013,62;UNKNOWN;UNKNOWN;YES
TRX-1033081;;0,0;Vendor_16;Netherlands;YES
TRX-1033095;2026-02-03;0,0;Vendor_1;Germany;YES
TRX-1033099;2026-06-06;1408,36;UNKNOWN;UNKNOWN;YES
TRX-1033100;2026-09-03;0,0;Vendor_24;Germany;YES
TRX-1033126;2026-08-23;289,29;UNKNOWN;UNKNOWN;YES
TRX-1033148;2026-03-17;0,0;Vendor_14;China;YES
TRX-1033150;2026-03-23;0,0;Vendor_31;Netherlands;YES
TRX-1033166;2026-07-11;0,0;Vendor_28;Netherlands;YES
TRX-1033168;2026-01-30;320,06;UNKNOWN;UNKNOWN;YES
TRX-1033170;2026-04-05;0,0;Vendor_4;Netherlands;YES
TRX-1033171;2026-05-02;0,0;Vendor_49;Poland;YES
TRX-1033188;2026-01-31;153,42;UNKNOWN;UNKNOWN;YES
TRX-1033189;2026-03-31;326,75;UNKNOWN;UNKNOWN;YES
TRX-1033193;2026-06-02;518,22;UNKNOWN;UNKNOWN;YES
TRX-1033208;2026-05-31;483,47;UNKNOWN;UNKNOWN;YES
TRX-1033228;2026-09-05;0,0;UNKNOWN;UNKNOWN;YES
TRX-1033230;2026-03-26;0,0;Vendor_23;Poland;YES
TRX-1033233;2026-05-10;1272,63;UNKNOWN;UNKNOWN;YES
TRX-1033235;2026-04-27;208,64;UNKNOWN;UNKNOWN;YES
TRX-1033241;;167,79;UNKNOWN;UNKNOWN;YES
TRX-1033244;;569,82;UNKNOWN;UNKNOWN;YES
TRX-1033251;2026-04-07;0,0;Vendor_42;Germany;YES
TRX-1033288;2026-08-30;1039,7;UNKNOWN;UNKNOWN;YES
TRX-1033297;2026-03-24;0,0;Vendor_13;Netherlands;YES
TRX-1033305;2026-03-01;0,0;Vendor_42;Germany;YES
TRX-1033307;2026-02-20;1241,89;UNKNOWN;UNKNOWN;YES
TRX-1033323;2026-01-30;0,0;Vendor_26;Netherlands;YES
TRX-1033328;2026-02-22;807,01;UNKNOWN;UNKNOWN;YES
TRX-1033342;;119,66;UNKNOWN;UNKNOWN;YES
TRX-1033355;2026-01-30;881,51;UNKNOWN;UNKNOWN;YES
TRX-1033361;2026-07-22;0,0;Vendor_22;Germany;YES
TRX-1033362;2026-06-02;0,0;Vendor_6;China;YES
TRX-1033371;2026-02-02;0,0;Vendor_26;Netherlands;YES
TRX-1033377;2026-04-10;0,0;Vendor_30;Netherlands;YES
TRX-1033380;2026-07-29;1072,15;UNKNOWN;UNKNOWN;YES
TRX-1033393;2026-08-20;535,62;UNKNOWN;UNKNOWN;YES
TRX-1033394;2026-02-15;0,0;Vendor_21;Germany;YES
TRX-1033401;2026-05-11;652,56;UNKNOWN;UNKNOWN;YES
TRX-1033403;2026-06-22;0,0;Vendor_25;China;YES
TRX-1033412;2026-08-20;1209,34;UNKNOWN;UNKNOWN;YES
TRX-1033416;2026-07-25;0,0;Vendor_21;Germany;YES
TRX-1033418;2026-03-31;0,0;Vendor_38;China;YES
TRX-1033419;2026-08-18;0,0;Vendor_16;Netherlands;YES
TRX-1033420;2026-07-17;0,0;Vendor_12;Netherlands;YES
TRX-1033423;2026-08-07;0,0;Vendor_10;China;YES
TRX-1033424;2026-08-07;0,0;Vendor_25;China;YES
TRX-1033425;2026-05-22;0,0;Vendor_42;Germany;YES
TRX-1033432;2026-09-07;0,0;Vendor_25;China;YES
TRX-1033440;2026-04-14;0,0;Vendor_3;Poland;YES
TRX-1033444;2026-05-30;0,0;Vendor_11;Germany;YES
TRX-1033446;2026-06-03;0,0;Vendor_43;Netherlands;YES
TRX-1033466;;0,0;Vendor_31;Netherlands;YES
TRX-1033467;2026-02-06;0,0;Vendor_38;China;YES
TRX-1033475;2026-01-21;0,0;Vendor_10;China;YES
TRX-1033476;2026-01-24;1201,41;UNKNOWN;UNKNOWN;YES
TRX-1033488;2026-05-20;0,0;Vendor_42;Germany;YES
TRX-1033496;2026-02-01;622,41;UNKNOWN;UNKNOWN;YES
TRX-1033501;2026-05-23;0,0;Vendor_50;Poland;YES
TRX-1033514;2026-09-03;0,0;Vendor_26;Netherlands;YES
TRX-1033516;2026-06-08;0,0;Vendor_46;Poland;YES
TRX-1033520;2026-01-03;500,09;UNKNOWN;UNKNOWN;YES
TRX-1033529;2026-04-26;0,0;Vendor_30;Netherlands;YES
TRX-1033537;2026-06-25;632,8;UNKNOWN;UNKNOWN;YES
TRX-1033542;2026-08-07;0,0;Vendor_36;Poland;YES
TRX-1033549;2026-04-25;0,0;Vendor_45;Poland;YES
TRX-1033566;2026-01-21;37,53;UNKNOWN;UNKNOWN;YES
TRX-1033571;2026-03-10;0,0;Vendor_38;China;YES
TRX-1033578;2026-02-21;0,0;Vendor_10;China;YES
TRX-1033583;2026-01-27;0,0;Vendor_1;Germany;YES
TRX-1033588;2026-02-17;289,82;UNKNOWN;UNKNOWN;YES
TRX-1033595;2026-08-03;0,0;Vendor_50;Poland;YES
TRX-1033604;;0,0;Vendor_39;Poland;YES
TRX-1033623;2026-01-16;0,0;Vendor_5;Poland;YES
TRX-1033633;2026-08-15;0,0;Vendor_43;Netherlands;YES
TRX-1033634;2026-02-11;0,0;Vendor_18;China;YES
TRX-1033646;2026-03-29;1323,13;UNKNOWN;UNKNOWN;YES
TRX-1033668;2026-02-23;769,27;UNKNOWN;UNKNOWN;YES
TRX-1033676;;0,0;Vendor_14;China;YES
TRX-1033691;2026-06-10;0,0;Vendor_14;China;YES
TRX-1033693;2026-03-28;161,09;UNKNOWN;UNKNOWN;YES
TRX-1033696;2026-07-18;0,0;Vendor_46;Poland;YES
TRX-1033697;2026-06-10;0,0;Vendor_40;China;YES
TRX-1033703;2026-03-15;398,55;UNKNOWN;UNKNOWN;YES
TRX-1033717;2026-04-11;0,0;Vendor_18;China;YES
TRX-1033737;2026-02-22;0,0;Vendor_12;Netherlands;YES
TRX-1033748;2026-04-21;0,0;Vendor_10;China;YES
TRX-1033754;2026-01-20;0,0;Vendor_8;Germany;YES
TRX-1033755;2026-05-21;0,0;Vendor_25;China;YES
TRX-1033756;2026-06-17;0,0;Vendor_38;China;YES
TRX-1033765;2026-06-23;0,0;Vendor_41;Germany;YES
TRX-1033773;2026-04-26;0,0;Vendor_45;Poland;YES
TRX-1033777;2026-03-03;0,0;Vendor_41;Germany;YES
TRX-1033783;2026-08-07;1070,61;UNKNOWN;UNKNOWN;YES
TRX-1033784;2026-02-23;0,0;Vendor_9;China;YES
TRX-1033785;2026-08-07;727,04;UNKNOWN;UNKNOWN;YES
TRX-1033790;2026-07-05;1192,72;UNKNOWN;UNKNOWN;YES
TRX-1033798;2026-02-22;0,0;Vendor_19;Netherlands;YES
TRX-1033810;2026-07-14;628,31;UNKNOWN;UNKNOWN;YES
TRX-1033819;2026-06-30;0,0;Vendor_18;China;YES
TRX-1033828;2026-03-03;0,0;Vendor_16;Netherlands;YES
TRX-1033853;2026-04-16;69,3;UNKNOWN;UNKNOWN;YES
TRX-1033861;2026-07-08;0,0;Vendor_46;Poland;YES
TRX-1033867;2026-04-01;1256,98;UNKNOWN;UNKNOWN;YES
TRX-1033881;2026-06-01;0,0;Vendor_20;Netherlands;YES
TRX-1033883;2026-04-10;707,76;UNKNOWN;UNKNOWN;YES
TRX-1033887;2026-01-29;0,0;Vendor_3;Poland;YES
TRX-1033895;2026-07-19;0,0;Vendor_23;Poland;YES
TRX-1033902;2026-04-06;0,0;Vendor_3;Poland;YES
TRX-1033903;2026-07-17;0,0;Vendor_3;Poland;YES
TRX-1033914;2026-04-27;0,0;Vendor_5;Poland;YES
TRX-1033926;2026-01-15;0,0;Vendor_23;Poland;YES
TRX-1033927;2026-07-21;0,0;Vendor_37;China;YES
TRX-1033942;2026-05-06;475,64;UNKNOWN;UNKNOWN;YES
TRX-1033948;2026-01-07;0,0;Vendor_41;Germany;YES
TRX-1033957;2026-03-18;0,0;UNKNOWN;UNKNOWN;YES
TRX-1033963;2026-04-04;0,0;Vendor_37;China;YES
TRX-1033964;2026-09-05;409,87;UNKNOWN;UNKNOWN;YES
TRX-1033967;2026-07-15;0,0;Vendor_8;Germany;YES
TRX-1033975;2026-07-05;0,0;Vendor_10;China;YES
TRX-1033978;;0,0;Vendor_37;China;YES
TRX-1033982;2026-04-04;0,0;Vendor_46;Poland;YES
TRX-1033994;2026-03-30;0,0;UNKNOWN;UNKNOWN;YES
TRX-1033997;2026-09-07;0,0;Vendor_3;Poland;YES
TRX-1033998;2026-07-25;0,0;Vendor_12;Netherlands;YES
TRX-1034005;2026-01-18;534,79;UNKNOWN;UNKNOWN;YES
TRX-1034008;2026-08-17;305,48;UNKNOWN;UNKNOWN;YES
TRX-1034016;2026-08-14;0,0;Vendor_15;Germany;YES
TRX-1034022;2026-02-10;0,0;Vendor_33;Poland;YES
TRX-1034028;2026-06-29;599,26;UNKNOWN;UNKNOWN;YES
TRX-1034049;2026-03-25;0,0;Vendor_26;Netherlands;YES
TRX-1034052;2026-08-06;0,0;Vendor_38;China;YES
TRX-1034061;2026-02-14;0,0;Vendor_39;Poland;YES
TRX-1034064;2026-09-02;0,0;Vendor_26;Netherlands;YES
TRX-1034068;2026-08-31;0,0;Vendor_46;Poland;YES
TRX-1034070;2026-08-19;0,0;Vendor_20;Netherlands;YES
TRX-1034085;2026-06-06;632,67;UNKNOWN;UNKNOWN;YES
TRX-1034089;2026-07-18;0,0;Vendor_24;Germany;YES
TRX-1034102;2026-06-13;0,0;Vendor_3;Poland;YES
TRX-1034108;2026-06-06;0,0;Vendor_7;China;YES
TRX-1034128;2026-08-13;0,0;Vendor_29;Netherlands;YES
TRX-1034131;2026-05-21;0,0;Vendor_22;Germany;YES
TRX-1034136;2026-03-04;0,0;Vendor_1;Germany;YES
TRX-1034141;2026-03-13;0,0;Vendor_4;Netherlands;YES
TRX-1034142;;1420,82;UNKNOWN;UNKNOWN;YES
TRX-1034148;2026-03-25;0,0;Vendor_28;Netherlands;YES
TRX-1034157;2026-03-10;0,0;Vendor_8;Germany;YES
TRX-1034170;2026-05-19;0,0;UNKNOWN;UNKNOWN;YES
TRX-1034173;2026-01-29;0,0;Vendor_8;Germany;YES
TRX-1034184;2026-05-31;0,0;Vendor_12;Netherlands;YES
TRX-1034190;2026-01-29;662,9;UNKNOWN;UNKNOWN;YES
TRX-1034200;2026-03-26;0,0;Vendor_10;China;YES
TRX-1034212;2026-05-10;1062,27;UNKNOWN;UNKNOWN;YES
TRX-1034214;2026-06-16;583,16;UNKNOWN;UNKNOWN;YES
TRX-1034220;2026-02-12;0,0;Vendor_22;Germany;YES
TRX-1034223;2026-05-27;0,0;Vendor_11;Germany;YES
TRX-1034226;2026-01-30;0,0;Vendor_13;Netherlands;YES
TRX-1034227;2026-07-22;0,0;Vendor_43;Netherlands;YES
TRX-1034229;2026-05-04;0,0;Vendor_40;China;YES
TRX-1034233;2026-06-29;665,44;UNKNOWN;UNKNOWN;YES
TRX-1034246;2026-06-07;0,0;Vendor_1;Germany;YES
TRX-1034248;2026-07-18;1441,43;UNKNOWN;UNKNOWN;YES
TRX-1034250;2026-04-19;34,42;UNKNOWN;UNKNOWN;YES
TRX-1034252;;0,0;Vendor_32;Germany;YES
TRX-1034255;2026-04-14;1207,56;UNKNOWN;UNKNOWN;YES
TRX-1034259;;0,0;Vendor_43;Netherlands;YES
TRX-1034260;2026-02-19;0,0;Vendor_19;Netherlands;YES
TRX-1034261;2026-04-25;903,68;UNKNOWN;UNKNOWN;YES
TRX-1034266;2026-06-29;0,0;Vendor_43;Netherlands;YES
TRX-1034269;2026-05-27;0,0;Vendor_36;Poland;YES
TRX-1034270;2026-02-24;1310,53;UNKNOWN;UNKNOWN;YES
TRX-1034274;2026-06-05;1018,6;UNKNOWN;UNKNOWN;YES
TRX-1034275;2026-07-24;0,0;Vendor_41;Germany;YES
TRX-1034280;2026-08-13;0,0;Vendor_12;Netherlands;YES
TRX-1034291;2026-04-21;0,0;Vendor_31;Netherlands;YES
TRX-1034302;2026-02-15;0,0;Vendor_36;Poland;YES
TRX-1034303;2026-09-04;1010,96;UNKNOWN;UNKNOWN;YES
TRX-1034320;2026-03-14;424,15;UNKNOWN;UNKNOWN;YES
TRX-1034349;2026-06-11;0,0;UNKNOWN;UNKNOWN;YES
TRX-1034356;2026-01-10;0,0;Vendor_41;Germany;YES
TRX-1034359;2026-04-27;494,92;UNKNOWN;UNKNOWN;YES
TRX-1034361;2026-07-21;0,0;Vendor_37;China;YES
TRX-1034369;2026-06-14;0,0;Vendor_46;Poland;YES
TRX-1034370;2026-07-30;0,0;Vendor_29;Netherlands;YES
TRX-1034373;2026-03-28;0,0;Vendor_41;Germany;YES
TRX-1034387;2026-07-18;0,0;Vendor_24;Germany;YES
TRX-1034391;2026-03-16;37,58;UNKNOWN;UNKNOWN;YES
TRX-1034395;2026-01-17;0,0;Vendor_45;Poland;YES
TRX-1034403;2026-06-01;93,67;UNKNOWN;UNKNOWN;YES
TRX-1034406;2026-04-05;0,0;Vendor_43;Netherlands;YES
TRX-1034410;2026-03-26;0,0;Vendor_12;Netherlands;YES
TRX-1034411;2026-04-14;279,88;UNKNOWN;UNKNOWN;YES
TRX-1034434;2026-04-10;0,0;Vendor_39;Poland;YES
TRX-1034448;2026-06-08;0,0;Vendor_50;Poland;YES
TRX-1034449;2026-09-03;0,0;Vendor_17;China;YES
TRX-1034454;2026-02-24;0,0;Vendor_48;Netherlands;YES
TRX-1034462;2026-02-17;1038,12;UNKNOWN;UNKNOWN;YES
TRX-1034466;2026-05-06;0,0;Vendor_49;Poland;YES
TRX-1034469;2026-07-02;0,0;Vendor_50;Poland;YES
TRX-1034471;2026-07-19;0,0;Vendor_45;Poland;YES
TRX-1034482;2026-01-10;0,0;Vendor_30;Netherlands;YES
TRX-1034484;2026-07-28;1178,85;UNKNOWN;UNKNOWN;YES
TRX-1034494;2026-05-30;0,0;Vendor_49;Poland;YES
TRX-1034495;2026-02-24;0,0;Vendor_43;Netherlands;YES
TRX-1034508;2026-08-03;0,0;Vendor_9;China;YES
TRX-1034513;2026-04-13;5,06;UNKNOWN;UNKNOWN;YES
TRX-1034522;2026-03-22;0,0;Vendor_47;Netherlands;YES
TRX-1034525;2026-05-22;0,0;Vendor_23;Poland;YES
TRX-1034527;2026-01-17;0,0;Vendor_45;Poland;YES
TRX-1034543;2026-01-21;756,76;UNKNOWN;UNKNOWN;YES
TRX-1034544;2026-01-17;0,0;Vendor_33;Poland;YES
TRX-1034559;2026-02-11;0,0;Vendor_38;China;YES
TRX-1034565;2026-08-13;925,39;UNKNOWN;UNKNOWN;YES
TRX-1034583;2026-05-23;1284,83;UNKNOWN;UNKNOWN;YES
TRX-1034584;2026-04-10;0,0;Vendor_22;Germany;YES
TRX-1034585;2026-06-12;841,61;UNKNOWN;UNKNOWN;YES
TRX-1034586;2026-02-05;488,29;UNKNOWN;UNKNOWN;YES
TRX-1034588;2026-06-15;0,0;Vendor_48;Netherlands;YES
TRX-1034610;2026-05-14;0,0;Vendor_14;China;YES
TRX-1034611;2026-02-01;0,0;Vendor_16;Netherlands;YES
TRX-1034641;2026-02-22;0,0;Vendor_29;Netherlands;YES
TRX-1034648;2026-04-18;1056,09;UNKNOWN;UNKNOWN;YES
TRX-1034651;2026-05-31;0,0;Vendor_4;Netherlands;YES
TRX-1034657;2026-06-24;1112,19;UNKNOWN;UNKNOWN;YES
TRX-1034660;2026-01-21;0,0;Vendor_50;Poland;YES
TRX-1034666;2026-02-02;0,0;UNKNOWN;UNKNOWN;YES
TRX-1034667;;824,61;UNKNOWN;UNKNOWN;YES
TRX-1034690;2026-02-25;0,0;Vendor_9;China;YES
TRX-1034692;2026-02-14;229,23;UNKNOWN;UNKNOWN;YES
TRX-1034695;2026-02-23;609,59;UNKNOWN;UNKNOWN;YES
TRX-1034698;2026-06-30;1043,05;UNKNOWN;UNKNOWN;YES
TRX-1034708;2026-01-17;0,0;Vendor_37;China;YES
TRX-1034711;2026-03-23;0,0;Vendor_35;Poland;YES
TRX-1034716;2026-02-10;1076,63;UNKNOWN;UNKNOWN;YES
TRX-1034722;2026-01-16;0,0;Vendor_27;Poland;YES
TRX-1034725;2026-03-17;1435,37;UNKNOWN;UNKNOWN;YES
TRX-1034736;2026-01-28;0,0;Vendor_13;Netherlands;YES
TRX-1034739;2026-03-24;1197,1;UNKNOWN;UNKNOWN;YES
TRX-1034744;2026-07-09;0,0;Vendor_43;Netherlands;YES
TRX-1034745;2026-01-24;0,0;Vendor_27;Poland;YES
TRX-1034749;2026-07-15;921,61;UNKNOWN;UNKNOWN;YES
TRX-1034753;2026-07-14;830,81;UNKNOWN;UNKNOWN;YES
TRX-1034755;2026-07-04;0,0;Vendor_19;Netherlands;YES
TRX-1034763;2026-01-28;0,0;Vendor_10;China;YES
TRX-1034765;2026-03-26;1365,88;UNKNOWN;UNKNOWN;YES
TRX-1034772;2026-06-28;0,0;Vendor_42;Germany;YES
TRX-1034777;2026-02-14;127,69;UNKNOWN;UNKNOWN;YES
TRX-1034779;2026-01-07;566,11;UNKNOWN;UNKNOWN;YES
TRX-1034780;2026-04-18;91,56;UNKNOWN;UNKNOWN;YES
TRX-1034787;2026-01-07;197,69;UNKNOWN;UNKNOWN;YES
TRX-1034793;2026-07-10;145,35;UNKNOWN;UNKNOWN;YES
TRX-1034800;2026-07-30;0,0;Vendor_7;China;YES
TRX-1034802;2026-06-14;0,0;Vendor_13;Netherlands;YES
TRX-1034808;2026-04-10;0,0;Vendor_48;Netherlands;YES
TRX-1034811;2026-07-09;0,0;Vendor_23;Poland;YES
TRX-1034821;2026-03-27;384,71;UNKNOWN;UNKNOWN;YES
TRX-1034822;2026-07-16;332,11;UNKNOWN;UNKNOWN;YES
TRX-1034836;2026-02-13;0,0;Vendor_18;China;YES
TRX-1034839;2026-08-13;858,13;UNKNOWN;UNKNOWN;YES
TRX-1034842;2026-04-13;0,0;Vendor_26;Netherlands;YES
TRX-1034855;2026-07-07;0,0;Vendor_32;Germany;YES
TRX-1034878;2026-02-27;0,0;Vendor_34;China;YES
TRX-1034885;2026-04-24;0,0;Vendor_9;China;YES
TRX-1034897;2026-06-05;0,0;Vendor_3;Poland;YES
TRX-1034904;2026-07-20;1231,49;UNKNOWN;UNKNOWN;YES
TRX-1034907;2026-01-01;543,45;UNKNOWN;UNKNOWN;YES
TRX-1034939;2026-02-10;0,0;Vendor_37;China;YES
TRX-1034954;2026-09-02;0,0;Vendor_44;Poland;YES
TRX-1034956;2026-01-28;0,0;Vendor_45;Poland;YES
TRX-1034959;2026-08-20;0,0;Vendor_27;Poland;YES
TRX-1034972;2026-06-28;0,0;Vendor_8;Germany;YES
TRX-1034980;;1325,3;UNKNOWN;UNKNOWN;YES
TRX-1034981;2026-06-21;659,46;UNKNOWN;UNKNOWN;YES
TRX-1035008;2026-04-30;0,0;Vendor_38;China;YES
TRX-1035012;2026-03-11;0,0;Vendor_38;China;YES
TRX-1035020;2026-03-22;0,0;Vendor_38;China;YES
TRX-1035022;2026-08-09;361,16;UNKNOWN;UNKNOWN;YES
TRX-1035025;;0,0;Vendor_39;Poland;YES
TRX-1035026;2026-05-20;0,0;Vendor_29;Netherlands;YES
TRX-1035028;2026-01-26;0,0;Vendor_31;Netherlands;YES
TRX-1035029;;60,05;UNKNOWN;UNKNOWN;YES
TRX-1035032;2026-06-22;1370,55;UNKNOWN;UNKNOWN;YES
TRX-1035034;2026-01-01;0,0;Vendor_13;Netherlands;YES
TRX-1035042;2026-01-25;0,0;Vendor_6;China;YES
TRX-1035047;2026-04-07;782,99;UNKNOWN;UNKNOWN;YES
TRX-1035053;2026-08-13;898,64;UNKNOWN;UNKNOWN;YES
TRX-1035054;2026-06-26;308,07;UNKNOWN;UNKNOWN;YES
TRX-1035055;2026-03-31;0,0;Vendor_32;Germany;YES
TRX-1035057;2026-01-28;0,0;Vendor_29;Netherlands;YES
TRX-1035060;2026-02-03;0,0;Vendor_16;Netherlands;YES
TRX-1035070;;0,0;UNKNOWN;UNKNOWN;YES
TRX-1035079;2026-02-08;0,0;Vendor_20;Netherlands;YES
TRX-1035089;2026-06-18;0,0;Vendor_2;China;YES
TRX-1035095;2026-01-03;0,0;Vendor_46;Poland;YES
TRX-1035101;2026-03-01;0,0;Vendor_26;Netherlands;YES
TRX-1035113;2026-06-05;0,0;Vendor_27;Poland;YES
TRX-1035120;2026-03-11;0,0;Vendor_8;Germany;YES
TRX-1035121;2026-06-03;779,0;UNKNOWN;UNKNOWN;YES
TRX-1035128;2026-02-06;0,0;Vendor_23;Poland;YES
TRX-1035133;2026-05-21;0,0;Vendor_47;Netherlands;YES
TRX-1035150;2026-05-14;0,0;Vendor_45;Poland;YES
TRX-1035184;2026-07-17;0,0;Vendor_4;Netherlands;YES
TRX-1035185;2026-08-27;0,0;Vendor_8;Germany;YES
TRX-1035189;2026-05-19;0,0;Vendor_22;Germany;YES
TRX-1035203;2026-08-01;0,0;Vendor_29;Netherlands;YES
TRX-1035204;2026-08-28;0,0;Vendor_15;Germany;YES
TRX-1035214;2026-04-20;0,0;Vendor_23;Poland;YES
TRX-1035221;2026-07-06;0,0;Vendor_22;Germany;YES
TRX-1035233;2026-07-14;807,0;UNKNOWN;UNKNOWN;YES
TRX-1035241;2026-04-23;0,0;Vendor_9;China;YES
TRX-1035254;2026-04-17;1140,16;UNKNOWN;UNKNOWN;YES
TRX-1035256;2026-07-24;0,0;Vendor_37;China;YES
TRX-1035259;;275,48;UNKNOWN;UNKNOWN;YES
TRX-1035270;2026-05-23;0,0;Vendor_38;China;YES
TRX-1035281;2026-02-01;0,0;Vendor_33;Poland;YES
TRX-1035282;2026-05-21;0,0;Vendor_6;China;YES
TRX-1035297;2026-04-20;725,56;UNKNOWN;UNKNOWN;YES
TRX-1035303;2026-05-19;0,0;Vendor_18;China;YES
TRX-1035314;2026-06-13;1467,48;UNKNOWN;UNKNOWN;YES
TRX-1035318;2026-01-21;0,0;Vendor_11;Germany;YES
TRX-1035338;2026-04-22;1378,17;UNKNOWN;UNKNOWN;YES
TRX-1035342;2026-06-18;0,0;Vendor_43;Netherlands;YES
TRX-1035359;2026-07-05;0,0;Vendor_34;China;YES
TRX-1035389;2026-08-08;0,0;Vendor_12;Netherlands;YES
TRX-1035416;2026-03-07;0,0;Vendor_8;Germany;YES
TRX-1035422;2026-02-27;1346,57;UNKNOWN;UNKNOWN;YES
TRX-1035424;2026-02-07;590,75;UNKNOWN;UNKNOWN;YES
TRX-1035426;2026-02-03;81,23;UNKNOWN;UNKNOWN;YES
TRX-1035437;2026-05-13;798,73;UNKNOWN;UNKNOWN;YES
TRX-1035442;2026-02-25;0,0;Vendor_48;Netherlands;YES
TRX-1035446;2026-07-24;0,0;Vendor_12;Netherlands;YES
TRX-1035452;2026-03-31;0,0;Vendor_23;Poland;YES
TRX-1035454;2026-08-08;0,0;Vendor_43;Netherlands;YES
TRX-1035457;2026-03-11;0,0;Vendor_41;Germany;YES
TRX-1035477;;0,0;Vendor_21;Germany;YES
TRX-1035485;2026-05-27;0,0;Vendor_44;Poland;YES
TRX-1035487;2026-01-07;0,0;Vendor_22;Germany;YES
TRX-1035495;2026-01-13;0,0;Vendor_26;Netherlands;YES
TRX-1035502;2026-08-13;0,0;Vendor_12;Netherlands;YES
TRX-1035515;2026-01-28;1285,05;UNKNOWN;UNKNOWN;YES
TRX-1035521;2026-06-19;0,0;Vendor_4;Netherlands;YES
TRX-1035532;2026-05-24;0,0;Vendor_33;Poland;YES
TRX-1035535;2026-08-04;183,18;UNKNOWN;UNKNOWN;YES
TRX-1035542;2026-04-10;0,0;Vendor_34;China;YES
TRX-1035544;2026-03-21;1319,29;UNKNOWN;UNKNOWN;YES
TRX-1035563;2026-04-30;0,0;Vendor_17;China;YES
TRX-1035569;2026-07-18;97,31;UNKNOWN;UNKNOWN;YES
TRX-1035572;2026-03-28;1143,35;UNKNOWN;UNKNOWN;YES
TRX-1035581;2026-05-26;0,0;Vendor_40;China;YES
TRX-1035584;2026-07-31;0,0;Vendor_27;Poland;YES
TRX-1035586;2026-01-25;0,0;Vendor_30;Netherlands;YES
TRX-1035587;2026-06-14;0,0;Vendor_14;China;YES
TRX-1035588;2026-06-12;0,0;Vendor_44;Poland;YES
TRX-1035589;2026-05-15;0,0;Vendor_46;Poland;YES
TRX-1035598;2026-03-16;668,44;UNKNOWN;UNKNOWN;YES
TRX-1035607;2026-06-18;0,0;Vendor_40;China;YES
TRX-1035633;2026-08-01;225,34;UNKNOWN;UNKNOWN;YES
TRX-1035636;2026-02-27;0,0;Vendor_33;Poland;YES
TRX-1035643;2026-01-13;0,0;Vendor_13;Netherlands;YES
TRX-1035654;2026-06-07;926,54;UNKNOWN;UNKNOWN;YES
TRX-1035671;2026-01-02;0,0;Vendor_11;Germany;YES
TRX-1035683;2026-03-01;673,63;UNKNOWN;UNKNOWN;YES
TRX-1035694;2026-03-05;450,24;UNKNOWN;UNKNOWN;YES
TRX-1035703;2026-08-05;0,0;UNKNOWN;UNKNOWN;YES
TRX-1035715;2026-07-22;0,0;Vendor_38;China;YES
TRX-1035728;;482,09;UNKNOWN;UNKNOWN;YES
TRX-1035731;2026-01-04;657,91;UNKNOWN;UNKNOWN;YES
TRX-1035733;2026-02-06;0,0;Vendor_19;Netherlands;YES
TRX-1035734;;0,0;UNKNOWN;UNKNOWN;YES
TRX-1035752;2026-05-23;831,96;UNKNOWN;UNKNOWN;YES
TRX-1035771;2026-05-01;0,0;Vendor_19;Netherlands;YES
TRX-1035777;2026-03-29;0,0;Vendor_50;Poland;YES
TRX-1035778;2026-07-27;0,0;Vendor_49;Poland;YES
TRX-1035779;2026-03-18;632,63;UNKNOWN;UNKNOWN;YES
TRX-1035782;;1305,35;UNKNOWN;UNKNOWN;YES
TRX-1035788;2026-01-07;0,0;Vendor_11;Germany;YES
TRX-1035793;2026-01-13;0,0;Vendor_10;China;YES
TRX-1035794;2026-08-27;478,09;UNKNOWN;UNKNOWN;YES
TRX-1035795;2026-09-07;0,0;Vendor_37;China;YES
TRX-1035796;2026-03-08;1197,66;UNKNOWN;UNKNOWN;YES
TRX-1035804;2026-08-21;0,0;Vendor_35;Poland;YES
TRX-1035805;2026-03-07;0,0;Vendor_46;Poland;YES
TRX-1035811;2026-08-09;0,0;Vendor_13;Netherlands;YES
TRX-1035817;2026-04-21;0,0;Vendor_42;Germany;YES
TRX-1035825;2026-03-15;0,0;Vendor_41;Germany;YES
TRX-1035834;2026-01-04;0,0;Vendor_24;Germany;YES
TRX-1035847;2026-08-22;0,0;Vendor_8;Germany;YES
TRX-1035851;2026-06-23;472,71;UNKNOWN;UNKNOWN;YES
TRX-1035870;2026-06-18;0,0;Vendor_21;Germany;YES
TRX-1035879;2026-06-18;0,0;Vendor_46;Poland;YES
TRX-1035914;2026-03-08;0,0;Vendor_31;Netherlands;YES
TRX-1035920;2026-08-04;0,0;Vendor_48;Netherlands;YES
TRX-1035928;2026-06-07;0,0;Vendor_27;Poland;YES
TRX-1035935;2026-04-22;1318,65;UNKNOWN;UNKNOWN;YES
TRX-1035937;2026-06-03;0,0;Vendor_34;China;YES
TRX-1035941;;1185,61;UNKNOWN;UNKNOWN;YES
TRX-1035946;2026-04-29;1210,07;UNKNOWN;UNKNOWN;YES
TRX-1035950;2026-01-07;0,0;UNKNOWN;UNKNOWN;YES
TRX-1035952;2026-07-21;0,0;Vendor_26;Netherlands;YES
TRX-1035958;2026-04-08;0,0;Vendor_22;Germany;YES
TRX-1035981;2026-03-29;252,83;UNKNOWN;UNKNOWN;YES
TRX-1035987;2026-05-30;0,0;Vendor_4;Netherlands;YES
TRX-1035990;;122,66;UNKNOWN;UNKNOWN;YES
TRX-1035993;2026-06-10;0,0;Vendor_21;Germany;YES
TRX-1035997;2026-03-09;0,0;Vendor_34;China;YES
TRX-1036022;2026-07-28;0,0;Vendor_41;Germany;YES
TRX-1036027;2026-06-15;0,0;Vendor_36;Poland;YES
TRX-1036033;2026-01-20;0,0;Vendor_36;Poland;YES
TRX-1036042;2026-03-17;0,0;Vendor_10;China;YES
TRX-1036047;2026-04-07;1437,62;UNKNOWN;UNKNOWN;YES
TRX-1036050;2026-07-19;254,75;UNKNOWN;UNKNOWN;YES
TRX-1036052;2026-07-24;0,0;Vendor_27;Poland;YES
TRX-1036065;2026-02-06;0,0;Vendor_30;Netherlands;YES
TRX-1036071;2026-07-12;0,0;Vendor_25;China;YES
TRX-1036080;2026-05-27;0,0;Vendor_36;Poland;YES
TRX-1036087;2026-04-07;0,0;Vendor_4;Netherlands;YES
TRX-1036092;2026-01-18;0,0;Vendor_47;Netherlands;YES
TRX-1036121;2026-05-16;0,0;Vendor_29;Netherlands;YES
TRX-1036122;2026-03-14;0,0;Vendor_47;Netherlands;YES
TRX-1036123;2026-08-11;0,0;Vendor_25;China;YES
TRX-1036124;2026-03-01;0,0;Vendor_44;Poland;YES
TRX-1036132;2026-01-21;0,0;Vendor_31;Netherlands;YES
TRX-1036149;2026-03-10;0,0;Vendor_5;Poland;YES
TRX-1036158;;0,0;Vendor_14;China;YES
TRX-1036165;2026-08-29;1360,1;UNKNOWN;UNKNOWN;YES
TRX-1036167;;0,0;Vendor_11;Germany;YES
TRX-1036171;2026-04-12;0,0;Vendor_49;Poland;YES
TRX-1036175;2026-06-01;188,66;UNKNOWN;UNKNOWN;YES
TRX-1036179;2026-06-13;0,0;Vendor_50;Poland;YES
TRX-1036191;2026-04-16;0,0;Vendor_40;China;YES
TRX-1036195;2026-06-20;0,0;Vendor_12;Netherlands;YES
TRX-1036211;2026-01-04;0,0;Vendor_12;Netherlands;YES
TRX-1036214;2026-07-16;137,15;UNKNOWN;UNKNOWN;YES
TRX-1036218;2026-04-01;0,0;Vendor_37;China;YES
TRX-1036226;2026-08-18;0,0;Vendor_7;China;YES
TRX-1036229;2026-06-24;0,0;Vendor_1;Germany;YES
TRX-1036240;2026-07-03;0,0;Vendor_13;Netherlands;YES
TRX-1036241;2026-02-27;1298,81;UNKNOWN;UNKNOWN;YES
TRX-1036246;2026-05-15;34,13;UNKNOWN;UNKNOWN;YES
TRX-1036257;2026-05-13;183,09;UNKNOWN;UNKNOWN;YES
TRX-1036266;2026-07-28;0,0;Vendor_7;China;YES
TRX-1036268;2026-04-29;1438,82;UNKNOWN;UNKNOWN;YES
TRX-1036272;2026-08-21;1162,55;UNKNOWN;UNKNOWN;YES
TRX-1036275;2026-07-11;0,0;Vendor_30;Netherlands;YES
TRX-1036278;2026-04-13;0,0;Vendor_31;Netherlands;YES
TRX-1036279;2026-04-05;0,0;Vendor_28;Netherlands;YES
TRX-1036281;2026-08-27;924,14;UNKNOWN;UNKNOWN;YES
TRX-1036289;2026-05-02;0,0;Vendor_10;China;YES
TRX-1036296;2026-04-11;1405,86;UNKNOWN;UNKNOWN;YES
TRX-1036306;2026-03-21;0,0;Vendor_6;China;YES
TRX-1036309;;709,31;UNKNOWN;UNKNOWN;YES
TRX-1036318;2026-08-07;863,64;UNKNOWN;UNKNOWN;YES
TRX-1036321;2026-02-22;483,38;UNKNOWN;UNKNOWN;YES
TRX-1036322;2026-02-04;0,0;Vendor_16;Netherlands;YES
TRX-1036325;2026-05-20;0,0;Vendor_9;China;YES
TRX-1036328;2026-04-12;499,56;UNKNOWN;UNKNOWN;YES
TRX-1036343;2026-08-26;566,08;UNKNOWN;UNKNOWN;YES
TRX-1036356;2026-09-07;0,0;Vendor_23;Poland;YES
TRX-1036358;2026-03-08;0,0;Vendor_31;Netherlands;YES
TRX-1036372;2026-06-24;800,81;UNKNOWN;UNKNOWN;YES
TRX-1036379;2026-04-09;0,0;Vendor_13;Netherlands;YES
TRX-1036381;;0,0;Vendor_3;Poland;YES
TRX-1036383;2026-05-24;0,0;UNKNOWN;UNKNOWN;YES
TRX-1036403;2026-02-22;0,0;Vendor_29;Netherlands;YES
TRX-1036405;2026-03-23;476,24;UNKNOWN;UNKNOWN;YES
TRX-1036410;2026-07-02;1199,68;UNKNOWN;UNKNOWN;YES
TRX-1036413;2026-01-10;1133,89;UNKNOWN;UNKNOWN;YES
TRX-1036432;2026-06-20;0,0;UNKNOWN;UNKNOWN;YES
TRX-1036433;2026-06-15;1041,63;UNKNOWN;UNKNOWN;YES
TRX-1036441;2026-08-22;0,0;Vendor_2;China;YES
TRX-1036448;2026-03-28;0,0;Vendor_38;China;YES
TRX-1036456;2026-03-05;1114,0;UNKNOWN;UNKNOWN;YES
TRX-1036467;2026-06-16;0,0;UNKNOWN;UNKNOWN;YES
TRX-1036468;2026-02-07;0,0;Vendor_6;China;YES
TRX-1036469;2026-02-08;0,0;UNKNOWN;UNKNOWN;YES
TRX-1036471;2026-04-28;0,0;Vendor_41;Germany;YES
TRX-1036486;2026-06-07;348,96;UNKNOWN;UNKNOWN;YES
TRX-1036494;2026-09-03;0,0;Vendor_12;Netherlands;YES
TRX-1036507;2026-05-28;1039,4;UNKNOWN;UNKNOWN;YES
TRX-1036511;2026-06-13;0,0;Vendor_15;Germany;YES
TRX-1036512;2026-01-31;1070,25;UNKNOWN;UNKNOWN;YES
TRX-1036524;2026-02-20;0,0;Vendor_48;Netherlands;YES
TRX-1036526;2026-03-29;0,0;Vendor_16;Netherlands;YES
TRX-1036527;2026-03-15;193,16;UNKNOWN;UNKNOWN;YES
TRX-1036529;2026-05-23;0,0;Vendor_50;Poland;YES
TRX-1036533;2026-03-14;335,54;UNKNOWN;UNKNOWN;YES
TRX-1036538;;0,0;Vendor_21;Germany;YES
TRX-1036541;2026-08-04;0,0;Vendor_22;Germany;YES
TRX-1036544;;0,0;Vendor_22;Germany;YES
TRX-1036549;2026-08-06;854,13;UNKNOWN;UNKNOWN;YES
TRX-1036551;2026-02-08;615,03;UNKNOWN;UNKNOWN;YES
TRX-1036553;2026-05-11;1198,91;UNKNOWN;UNKNOWN;YES
TRX-1036559;2026-03-19;0,0;Vendor_27;Poland;YES
TRX-1036560;2026-02-01;0,0;Vendor_40;China;YES
TRX-1036568;;0,0;Vendor_12;Netherlands;YES
TRX-1036571;2026-05-18;0,0;Vendor_34;China;YES
TRX-1036577;2026-02-24;0,0;Vendor_44;Poland;YES
TRX-1036613;2026-02-03;1463,64;UNKNOWN;UNKNOWN;YES
TRX-1036625;2026-08-25;0,0;Vendor_12;Netherlands;YES
TRX-1036634;2026-04-13;0,0;Vendor_50;Poland;YES
TRX-1036638;2026-09-01;1136,53;UNKNOWN;UNKNOWN;YES
TRX-1036656;2026-06-26;0,0;Vendor_43;Netherlands;YES
TRX-1036660;2026-06-16;0,0;Vendor_1;Germany;YES
TRX-1036667;2026-01-04;0,0;Vendor_11;Germany;YES
TRX-1036676;2026-08-31;0,0;Vendor_5;Poland;YES
TRX-1036678;2026-08-22;0,0;Vendor_11;Germany;YES
TRX-1036720;;0,0;Vendor_40;China;YES
TRX-1036721;2026-02-24;1049,63;UNKNOWN;UNKNOWN;YES
TRX-1036723;2026-05-19;0,0;Vendor_6;China;YES
TRX-1036725;2026-04-26;1477,18;UNKNOWN;UNKNOWN;YES
TRX-1036728;2026-08-28;0,0;Vendor_46;Poland;YES
TRX-1036734;2026-03-30;0,0;Vendor_9;China;YES
TRX-1036742;2026-05-02;751,34;UNKNOWN;UNKNOWN;YES
TRX-1036743;2026-08-07;0,0;Vendor_43;Netherlands;YES
TRX-1036745;2026-04-08;0,0;Vendor_23;Poland;YES
TRX-1036771;2026-09-03;0,0;Vendor_1;Germany;YES
TRX-1036775;2026-01-12;0,0;Vendor_19;Netherlands;YES
TRX-1036778;2026-07-27;0,0;Vendor_25;China;YES
TRX-1036824;2026-06-17;740,12;UNKNOWN;UNKNOWN;YES
TRX-1036828;2026-06-19;0,0;Vendor_16;Netherlands;YES
TRX-1036846;2026-06-19;0,0;Vendor_27;Poland;YES
TRX-1036847;2026-05-22;0,0;Vendor_4;Netherlands;YES
TRX-1036850;2026-03-04;0,0;Vendor_8;Germany;YES
TRX-1036870;2026-01-12;969,54;UNKNOWN;UNKNOWN;YES
TRX-1036881;2026-08-09;0,0;Vendor_47;Netherlands;YES
TRX-1036885;2026-08-11;0,0;Vendor_4;Netherlands;YES
TRX-1036886;2026-05-01;0,0;Vendor_17;China;YES
TRX-1036904;2026-05-03;1346,4;UNKNOWN;UNKNOWN;YES
TRX-1036905;2026-03-04;0,0;Vendor_48;Netherlands;YES
TRX-1036909;2026-05-14;0,0;Vendor_8;Germany;YES
TRX-1036912;;0,0;Vendor_21;Germany;YES
TRX-1036918;2026-08-20;0,0;Vendor_34;China;YES
TRX-1036929;2026-08-12;148,29;UNKNOWN;UNKNOWN;YES
TRX-1036937;;602,59;UNKNOWN;UNKNOWN;YES
TRX-1036944;2026-01-25;0,0;Vendor_19;Netherlands;YES
TRX-1036950;2026-05-29;1079,6;UNKNOWN;UNKNOWN;YES
TRX-1036952;2026-05-14;105,51;UNKNOWN;UNKNOWN;YES
TRX-1036956;2026-05-12;0,0;Vendor_11;Germany;YES
TRX-1036961;2026-06-20;0,0;Vendor_20;Netherlands;YES
TRX-1036963;2026-03-19;395,78;UNKNOWN;UNKNOWN;YES
TRX-1036964;2026-03-24;0,0;Vendor_35;Poland;YES
TRX-1036970;2026-01-13;0,0;Vendor_3;Poland;YES
TRX-1036973;2026-03-23;0,0;Vendor_44;Poland;YES
TRX-1036987;2026-03-23;28,52;UNKNOWN;UNKNOWN;YES
TRX-1037018;2026-03-22;0,0;Vendor_33;Poland;YES
TRX-1037021;2026-07-25;592,32;UNKNOWN;UNKNOWN;YES
TRX-1037032;2026-02-18;0,0;Vendor_28;Netherlands;YES
TRX-1037033;2026-01-22;0,0;Vendor_9;China;YES
TRX-1037037;2026-08-12;118,42;UNKNOWN;UNKNOWN;YES
TRX-1037052;2026-07-21;0,0;Vendor_26;Netherlands;YES
TRX-1037066;2026-08-21;52,34;UNKNOWN;UNKNOWN;YES
TRX-1037067;2026-04-11;0,0;Vendor_47;Netherlands;YES
TRX-1037086;2026-02-10;824,92;UNKNOWN;UNKNOWN;YES
TRX-1037093;2026-06-26;1363,89;UNKNOWN;UNKNOWN;YES
TRX-1037106;2026-02-01;0,0;Vendor_2;China;YES
TRX-1037113;2026-08-29;0,0;Vendor_30;Netherlands;YES
TRX-1037120;2026-07-22;0,0;Vendor_26;Netherlands;YES
TRX-1037123;2026-04-14;0,0;Vendor_47;Netherlands;YES
TRX-1037137;2026-06-20;0,0;Vendor_43;Netherlands;YES
TRX-1037141;2026-06-27;1251,7;UNKNOWN;UNKNOWN;YES
TRX-1037143;2026-06-17;0,0;Vendor_21;Germany;YES
TRX-1037147;2026-02-08;0,0;Vendor_2;China;YES
TRX-1037163;2026-08-01;0,0;Vendor_6;China;YES
TRX-1037166;2026-05-24;0,0;Vendor_40;China;YES
TRX-1037168;2026-04-16;0,0;Vendor_47;Netherlands;YES
TRX-1037178;2026-04-08;0,0;Vendor_36;Poland;YES
TRX-1037180;2026-05-10;0,0;Vendor_18;China;YES
TRX-1037183;2026-03-01;0,0;Vendor_12;Netherlands;YES
TRX-1037187;2026-08-12;12,82;UNKNOWN;UNKNOWN;YES
TRX-1037189;2026-07-06;0,0;Vendor_1;Germany;YES
TRX-1037190;;0,0;Vendor_50;Poland;YES
TRX-1037196;2026-07-04;0,0;UNKNOWN;UNKNOWN;YES
TRX-1037201;2026-01-22;97,18;UNKNOWN;UNKNOWN;YES
TRX-1037211;2026-08-11;0,0;Vendor_35;Poland;YES
TRX-1037215;2026-08-26;1257,37;UNKNOWN;UNKNOWN;YES
TRX-1037217;2026-04-23;1313,83;UNKNOWN;UNKNOWN;YES
TRX-1037218;2026-07-04;0,0;Vendor_43;Netherlands;YES
TRX-1037221;2026-05-21;0,0;Vendor_16;Netherlands;YES
TRX-1037224;2026-01-31;0,0;Vendor_36;Poland;YES
TRX-1037228;2026-03-02;252,0;UNKNOWN;UNKNOWN;YES
TRX-1037233;2026-02-03;0,0;Vendor_34;China;YES
TRX-1037246;2026-07-07;0,0;Vendor_40;China;YES
TRX-1037284;2026-08-22;0,0;Vendor_11;Germany;YES
TRX-1037285;2026-02-17;1152,17;UNKNOWN;UNKNOWN;YES
TRX-1037286;;0,0;Vendor_4;Netherlands;YES
TRX-1037291;2026-03-01;1014,0;UNKNOWN;UNKNOWN;YES
TRX-1037298;2026-02-04;0,0;Vendor_35;Poland;YES
TRX-1037300;2026-05-08;1306,38;UNKNOWN;UNKNOWN;YES
TRX-1037323;2026-07-20;0,0;Vendor_14;China;YES
TRX-1037325;2026-01-24;87,61;UNKNOWN;UNKNOWN;YES
TRX-1037328;2026-07-27;1298,92;UNKNOWN;UNKNOWN;YES
TRX-1037333;2026-08-04;0,0;Vendor_45;Poland;YES
TRX-1037336;;0,0;Vendor_17;China;YES
TRX-1037342;2026-02-19;0,0;Vendor_5;Poland;YES
TRX-1037351;2026-08-19;0,0;Vendor_18;China;YES
TRX-1037363;2026-08-18;1070,49;UNKNOWN;UNKNOWN;YES
TRX-1037373;2026-02-01;0,0;Vendor_28;Netherlands;YES
TRX-1037375;2026-06-20;12,59;UNKNOWN;UNKNOWN;YES
TRX-1037377;2026-04-12;0,0;Vendor_1;Germany;YES
TRX-1037386;2026-01-10;0,0;Vendor_42;Germany;YES
TRX-1037401;2026-01-28;1227,78;UNKNOWN;UNKNOWN;YES
TRX-1037405;2026-03-04;1375,8;UNKNOWN;UNKNOWN;YES
TRX-1037423;2026-07-11;0,0;Vendor_34;China;YES
TRX-1037449;2026-03-27;0,0;Vendor_20;Netherlands;YES
TRX-1037450;2026-03-28;0,0;Vendor_25;China;YES
TRX-1037452;2026-07-03;1321,67;UNKNOWN;UNKNOWN;YES
TRX-1037459;2026-03-20;0,0;Vendor_9;China;YES
TRX-1037460;2026-05-30;1318,7;UNKNOWN;UNKNOWN;YES
TRX-1037467;2026-08-25;0,0;Vendor_29;Netherlands;YES
TRX-1037470;2026-07-28;0,0;UNKNOWN;UNKNOWN;YES
TRX-1037480;2026-09-03;0,0;UNKNOWN;UNKNOWN;YES
TRX-1037493;2026-01-31;0,0;Vendor_20;Netherlands;YES
TRX-1037507;2026-08-19;872,22;UNKNOWN;UNKNOWN;YES
TRX-1037511;2026-07-30;0,0;Vendor_34;China;YES
TRX-1037512;2026-02-15;0,0;UNKNOWN;UNKNOWN;YES
TRX-1037516;2026-08-16;0,0;Vendor_44;Poland;YES
TRX-1037523;2026-09-05;1010,35;UNKNOWN;UNKNOWN;YES
TRX-1037524;;0,0;Vendor_13;Netherlands;YES
TRX-1037558;2026-04-11;0,0;Vendor_30;Netherlands;YES
TRX-1037569;2026-08-30;143,03;UNKNOWN;UNKNOWN;YES
TRX-1037571;2026-08-10;1494,87;UNKNOWN;UNKNOWN;YES
TRX-1037575;2026-01-28;1159,19;UNKNOWN;UNKNOWN;YES
TRX-1037576;2026-02-08;0,0;Vendor_38;China;YES
TRX-1037583;2026-03-31;0,0;Vendor_32;Germany;YES
TRX-1037590;2026-06-25;1005,2;UNKNOWN;UNKNOWN;YES
TRX-1037591;2026-07-18;1054,29;UNKNOWN;UNKNOWN;YES
TRX-1037596;2026-06-08;0,0;Vendor_5;Poland;YES
TRX-1037597;2026-01-06;0,0;Vendor_17;China;YES
TRX-1037598;2026-08-06;0,0;Vendor_41;Germany;YES
TRX-1037604;2026-02-06;0,0;Vendor_17;China;YES
TRX-1037606;2026-06-18;0,0;Vendor_50;Poland;YES
TRX-1037629;;0,0;Vendor_37;China;YES
TRX-1037637;2026-05-28;0,0;Vendor_29;Netherlands;YES
TRX-1037640;2026-07-10;220,24;UNKNOWN;UNKNOWN;YES
TRX-1037642;2026-07-10;1072,03;UNKNOWN;UNKNOWN;YES
TRX-1037647;2026-02-28;0,0;Vendor_50;Poland;YES
TRX-1037666;2026-02-02;0,0;Vendor_39;Poland;YES
TRX-1037668;2026-03-26;0,0;Vendor_30;Netherlands;YES
TRX-1037670;2026-02-28;0,0;Vendor_1;Germany;YES
TRX-1037674;2026-05-12;0,0;Vendor_37;China;YES
TRX-1037680;2026-06-15;0,0;Vendor_41;Germany;YES
TRX-1037692;2026-05-16;0,0;Vendor_26;Netherlands;YES
TRX-1037697;2026-04-02;1450,77;UNKNOWN;UNKNOWN;YES
TRX-1037707;2026-07-24;0,0;Vendor_2;China;YES
TRX-1037711;2026-04-08;1422,21;UNKNOWN;UNKNOWN;YES
TRX-1037713;2026-03-07;0,0;Vendor_38;China;YES
TRX-1037714;2026-04-01;0,0;Vendor_50;Poland;YES
TRX-1037719;2026-03-25;0,0;UNKNOWN;UNKNOWN;YES
TRX-1037725;2026-09-01;0,0;Vendor_1;Germany;YES
TRX-1037731;2026-02-06;0,0;Vendor_30;Netherlands;YES
TRX-1037735;2026-08-05;7,33;UNKNOWN;UNKNOWN;YES
TRX-1037739;2026-09-03;0,0;Vendor_47;Netherlands;YES
TRX-1037745;2026-01-31;546,24;UNKNOWN;UNKNOWN;YES
TRX-1037751;2026-07-27;0,0;Vendor_24;Germany;YES
TRX-1037765;2026-08-09;0,0;Vendor_32;Germany;YES
TRX-1037767;2026-01-21;0,0;Vendor_29;Netherlands;YES
TRX-1037768;2026-09-01;1314,4;UNKNOWN;UNKNOWN;YES
TRX-1037779;2026-03-22;594,72;UNKNOWN;UNKNOWN;YES
TRX-1037782;2026-08-28;0,0;Vendor_21;Germany;YES
TRX-1037788;2026-01-15;0,0;Vendor_3;Poland;YES
TRX-1037796;2026-07-02;0,0;Vendor_36;Poland;YES
TRX-1037803;2026-06-15;0,0;Vendor_49;Poland;YES
TRX-1037805;;0,0;Vendor_23;Poland;YES
TRX-1037811;2026-04-11;0,0;Vendor_42;Germany;YES
TRX-1037827;2026-01-28;1396,01;UNKNOWN;UNKNOWN;YES
TRX-1037835;2026-07-12;1411,06;UNKNOWN;UNKNOWN;YES
TRX-1037836;2026-01-02;0,0;Vendor_16;Netherlands;YES
TRX-1037837;2026-08-22;0,0;Vendor_32;Germany;YES
TRX-1037838;2026-03-17;0,0;Vendor_50;Poland;YES
TRX-1037839;2026-02-17;621,02;UNKNOWN;UNKNOWN;YES
TRX-1037845;;0,0;Vendor_50;Poland;YES
TRX-1037848;2026-05-07;0,0;Vendor_48;Netherlands;YES
TRX-1037857;2026-05-26;0,0;Vendor_37;China;YES
TRX-1037865;2026-07-08;0,0;Vendor_22;Germany;YES
TRX-1037883;2026-01-24;0,0;UNKNOWN;UNKNOWN;YES
TRX-1037888;2026-08-06;852,65;UNKNOWN;UNKNOWN;YES
TRX-1037897;2026-07-05;0,0;Vendor_22;Germany;YES
TRX-1037915;2026-01-07;0,0;Vendor_28;Netherlands;YES
TRX-1037921;2026-01-26;0,0;Vendor_40;China;YES
TRX-1037928;2026-02-28;0,0;Vendor_16;Netherlands;YES
TRX-1037933;2026-01-26;1005,89;UNKNOWN;UNKNOWN;YES
TRX-1037935;2026-02-24;0,0;Vendor_1;Germany;YES
TRX-1037943;2026-02-22;0,0;Vendor_7;China;YES
TRX-1037946;2026-05-28;1290,15;UNKNOWN;UNKNOWN;YES
TRX-1037957;2026-01-30;0,0;Vendor_22;Germany;YES
TRX-1037958;2026-08-03;950,59;UNKNOWN;UNKNOWN;YES
TRX-1037976;2026-06-27;0,0;Vendor_7;China;YES
TRX-1037997;2026-02-22;0,0;Vendor_21;Germany;YES
TRX-1038011;2026-04-10;0,0;Vendor_19;Netherlands;YES
TRX-1038034;2026-04-15;868,7;UNKNOWN;UNKNOWN;YES
TRX-1038037;2026-05-28;568,33;UNKNOWN;UNKNOWN;YES
TRX-1038044;2026-03-12;0,0;Vendor_15;Germany;YES
TRX-1038056;;1095,19;UNKNOWN;UNKNOWN;YES
TRX-1038081;2026-03-08;0,0;Vendor_14;China;YES
TRX-1038086;2026-03-13;0,0;Vendor_40;China;YES
TRX-1038094;2026-05-15;0,0;Vendor_50;Poland;YES
TRX-1038095;2026-07-04;162,06;UNKNOWN;UNKNOWN;YES
TRX-1038098;2026-01-25;567,44;UNKNOWN;UNKNOWN;YES
TRX-1038103;2026-01-18;1055,95;UNKNOWN;UNKNOWN;YES
TRX-1038110;2026-06-15;329,21;UNKNOWN;UNKNOWN;YES
TRX-1038115;2026-03-09;0,0;Vendor_23;Poland;YES
TRX-1038121;2026-01-29;0,0;Vendor_35;Poland;YES
TRX-1038124;2026-04-17;0,0;Vendor_22;Germany;YES
TRX-1038127;2026-03-01;0,0;Vendor_34;China;YES
TRX-1038130;2026-03-29;0,0;Vendor_2;China;YES
TRX-1038134;2026-06-11;0,0;Vendor_1;Germany;YES
TRX-1038144;2026-04-18;0,0;Vendor_42;Germany;YES
TRX-1038147;2026-02-02;0,0;Vendor_12;Netherlands;YES
TRX-1038153;2026-02-23;0,0;Vendor_11;Germany;YES
TRX-1038155;2026-03-27;1418,37;UNKNOWN;UNKNOWN;YES
TRX-1038159;2026-01-09;588,4;UNKNOWN;UNKNOWN;YES
TRX-1038163;2026-06-17;622,33;UNKNOWN;UNKNOWN;YES
TRX-1038168;2026-04-22;1132,79;UNKNOWN;UNKNOWN;YES
TRX-1038169;2026-02-18;0,0;Vendor_47;Netherlands;YES
TRX-1038181;2026-06-06;0,0;Vendor_28;Netherlands;YES
TRX-1038195;2026-06-24;0,0;Vendor_50;Poland;YES
TRX-1038196;2026-06-08;0,0;Vendor_20;Netherlands;YES
TRX-1038197;2026-06-05;0,0;Vendor_24;Germany;YES
TRX-1038202;2026-07-24;0,0;Vendor_25;China;YES
TRX-1038206;2026-04-23;0,0;Vendor_47;Netherlands;YES
TRX-1038213;2026-03-16;0,0;UNKNOWN;UNKNOWN;YES
TRX-1038214;2026-02-20;0,0;Vendor_36;Poland;YES
TRX-1038222;2026-02-04;1388,68;UNKNOWN;UNKNOWN;YES
TRX-1038235;2026-06-06;0,0;Vendor_19;Netherlands;YES
TRX-1038248;2026-02-04;0,0;Vendor_45;Poland;YES
TRX-1038250;2026-01-07;404,17;UNKNOWN;UNKNOWN;YES
TRX-1038278;2026-01-08;0,0;Vendor_16;Netherlands;YES
TRX-1038280;2026-05-01;1151,29;UNKNOWN;UNKNOWN;YES
TRX-1038281;2026-06-07;0,0;Vendor_19;Netherlands;YES
TRX-1038295;2026-03-24;0,0;Vendor_9;China;YES
TRX-1038306;2026-03-13;706,52;UNKNOWN;UNKNOWN;YES
TRX-1038326;2026-05-19;1285,07;UNKNOWN;UNKNOWN;YES
TRX-1038337;2026-04-14;928,26;UNKNOWN;UNKNOWN;YES
TRX-1038354;2026-04-14;0,0;Vendor_46;Poland;YES
TRX-1038355;2026-03-24;0,0;Vendor_9;China;YES
TRX-1038364;2026-03-11;0,0;Vendor_45;Poland;YES
TRX-1038375;2026-01-25;1185,0;UNKNOWN;UNKNOWN;YES
TRX-1038395;2026-04-03;0,0;Vendor_46;Poland;YES
TRX-1038396;2026-06-16;0,0;Vendor_33;Poland;YES
TRX-1038398;2026-06-16;997,0;UNKNOWN;UNKNOWN;YES
TRX-1038401;2026-02-06;0,0;Vendor_35;Poland;YES
TRX-1038402;2026-05-27;0,0;Vendor_46;Poland;YES
TRX-1038408;2026-07-01;0,0;Vendor_42;Germany;YES
TRX-1038417;2026-05-20;746,63;UNKNOWN;UNKNOWN;YES
TRX-1038436;2026-03-19;0,0;Vendor_42;Germany;YES
TRX-1038445;2026-06-25;0,0;Vendor_24;Germany;YES
TRX-1038448;2026-04-24;0,0;Vendor_21;Germany;YES
TRX-1038449;2026-08-04;0,0;UNKNOWN;UNKNOWN;YES
TRX-1038474;2026-02-19;0,0;UNKNOWN;UNKNOWN;YES
TRX-1038475;2026-02-09;1495,48;UNKNOWN;UNKNOWN;YES
TRX-1038492;2026-03-17;0,0;Vendor_12;Netherlands;YES
TRX-1038493;2026-07-26;0,0;Vendor_18;China;YES
TRX-1038504;2026-03-31;0,0;Vendor_49;Poland;YES
TRX-1038506;2026-05-20;0,0;Vendor_49;Poland;YES
TRX-1038513;2026-03-30;0,0;Vendor_40;China;YES
TRX-1038519;2026-03-21;0,0;UNKNOWN;UNKNOWN;YES
TRX-1038521;2026-08-12;0,0;Vendor_19;Netherlands;YES
TRX-1038525;2026-02-12;0,0;Vendor_19;Netherlands;YES
TRX-1038528;2026-08-17;0,0;Vendor_4;Netherlands;YES
TRX-1038538;2026-04-20;0,0;Vendor_42;Germany;YES
TRX-1038540;2026-01-19;0,0;Vendor_2;China;YES
TRX-1038541;2026-03-20;0,0;Vendor_33;Poland;YES
TRX-1038548;2026-08-28;0,0;Vendor_50;Poland;YES
TRX-1038552;2026-04-19;0,0;Vendor_42;Germany;YES
TRX-1038566;2026-05-24;0,0;Vendor_34;China;YES
TRX-1038582;2026-05-18;0,0;Vendor_39;Poland;YES
TRX-1038583;;1435,83;UNKNOWN;UNKNOWN;YES
TRX-1038586;2026-09-07;0,0;Vendor_41;Germany;YES
TRX-1038590;2026-01-31;668,3;UNKNOWN;UNKNOWN;YES
TRX-1038612;2026-05-31;0,0;Vendor_7;China;YES
TRX-1038613;2026-03-09;388,4;UNKNOWN;UNKNOWN;YES
TRX-1038617;2026-01-22;0,0;Vendor_21;Germany;YES
TRX-1038619;2026-02-12;0,0;Vendor_20;Netherlands;YES
TRX-1038621;2026-03-29;0,0;Vendor_37;China;YES
TRX-1038623;2026-08-02;0,0;Vendor_13;Netherlands;YES
TRX-1038625;2026-02-20;0,0;Vendor_24;Germany;YES
TRX-1038642;2026-08-06;0,0;Vendor_24;Germany;YES
TRX-1038647;2026-07-29;113,82;UNKNOWN;UNKNOWN;YES
TRX-1038658;2026-06-07;0,0;Vendor_24;Germany;YES
TRX-1038663;2026-09-08;0,0;Vendor_8;Germany;YES
TRX-1038666;2026-02-21;0,0;Vendor_5;Poland;YES
TRX-1038691;;0,0;Vendor_16;Netherlands;YES
TRX-1038693;;0,0;Vendor_19;Netherlands;YES
TRX-1038698;2026-03-03;0,0;Vendor_49;Poland;YES
TRX-1038704;2026-04-24;1318,73;UNKNOWN;UNKNOWN;YES
TRX-1038712;2026-02-23;0,0;Vendor_43;Netherlands;YES
TRX-1038718;2026-02-21;0,0;Vendor_4;Netherlands;YES
TRX-1038722;2026-06-15;837,41;UNKNOWN;UNKNOWN;YES
TRX-1038759;2026-08-28;1234,65;UNKNOWN;UNKNOWN;YES
TRX-1038784;2026-06-21;1039,36;UNKNOWN;UNKNOWN;YES
TRX-1038797;2026-01-27;0,0;Vendor_7;China;YES
TRX-1038829;2026-09-05;1237,82;UNKNOWN;UNKNOWN;YES
TRX-1038834;2026-03-24;0,0;Vendor_43;Netherlands;YES
TRX-1038846;2026-03-21;0,0;Vendor_1;Germany;YES
TRX-1038847;2026-05-21;0,0;Vendor_3;Poland;YES
TRX-1038859;;0,0;Vendor_11;Germany;YES
TRX-1038875;2026-06-22;0,0;Vendor_37;China;YES
TRX-1038892;2026-07-09;0,0;Vendor_33;Poland;YES
TRX-1038903;2026-09-07;0,0;Vendor_42;Germany;YES
TRX-1038922;2026-06-22;0,0;Vendor_48;Netherlands;YES
TRX-1038934;2026-06-05;0,0;Vendor_5;Poland;YES
TRX-1038936;2026-07-18;0,0;Vendor_16;Netherlands;YES
TRX-1038948;2026-07-05;0,0;Vendor_33;Poland;YES
TRX-1038966;2026-02-09;0,0;Vendor_34;China;YES
TRX-1038968;2026-02-06;0,0;Vendor_21;Germany;YES
TRX-1038978;2026-04-16;647,07;UNKNOWN;UNKNOWN;YES
TRX-1038980;2026-05-11;108,35;UNKNOWN;UNKNOWN;YES
TRX-1038989;2026-01-01;0,0;Vendor_47;Netherlands;YES
TRX-1038998;2026-08-07;0,0;Vendor_3;Poland;YES
TRX-1039000;2026-01-21;0,0;Vendor_1;Germany;YES
TRX-1039008;2026-06-17;0,0;Vendor_34;China;YES
TRX-1039011;2026-02-24;0,0;Vendor_11;Germany;YES
TRX-1039025;2026-08-22;0,0;Vendor_50;Poland;YES
TRX-1039038;;1441,39;UNKNOWN;UNKNOWN;YES
TRX-1039039;2026-01-14;0,0;Vendor_41;Germany;YES
TRX-1039055;2026-06-19;1465,74;UNKNOWN;UNKNOWN;YES
TRX-1039061;2026-01-29;0,0;Vendor_2;China;YES
TRX-1039063;2026-05-30;0,0;Vendor_5;Poland;YES
TRX-1039074;2026-08-08;951,68;UNKNOWN;UNKNOWN;YES
TRX-1039077;2026-08-30;0,0;Vendor_11;Germany;YES
TRX-1039080;2026-07-11;0,0;Vendor_10;China;YES
TRX-1039081;2026-06-08;0,0;Vendor_45;Poland;YES
TRX-1039083;2026-09-05;0,0;Vendor_1;Germany;YES
TRX-1039093;2026-05-27;0,0;Vendor_12;Netherlands;YES
TRX-1039095;2026-07-26;613,57;UNKNOWN;UNKNOWN;YES
TRX-1039106;2026-01-06;0,0;Vendor_17;China;YES
TRX-1039111;2026-06-18;1083,23;UNKNOWN;UNKNOWN;YES
TRX-1039117;2026-08-01;0,0;Vendor_40;China;YES
TRX-1039119;2026-01-18;0,0;Vendor_37;China;YES
TRX-1039123;2026-07-17;768,82;UNKNOWN;UNKNOWN;YES
TRX-1039128;2026-03-30;0,0;Vendor_7;China;YES
TRX-1039134;2026-02-05;365,54;UNKNOWN;UNKNOWN;YES
TRX-1039140;2026-07-06;0,0;Vendor_19;Netherlands;YES
TRX-1039146;2026-07-10;0,0;Vendor_9;China;YES
TRX-1039147;2026-06-08;992,16;UNKNOWN;UNKNOWN;YES
TRX-1039151;2026-08-10;0,0;Vendor_4;Netherlands;YES
TRX-1039152;2026-02-23;0,0;Vendor_1;Germany;YES
TRX-1039162;2026-06-18;0,0;Vendor_37;China;YES
TRX-1039166;2026-04-08;0,0;Vendor_1;Germany;YES
TRX-1039174;;797,22;UNKNOWN;UNKNOWN;YES
TRX-1039176;2026-05-18;0,0;Vendor_43;Netherlands;YES
TRX-1039177;2026-06-30;0,0;Vendor_43;Netherlands;YES
TRX-1039179;2026-04-24;0,0;Vendor_8;Germany;YES
TRX-1039184;2026-06-09;0,0;Vendor_47;Netherlands;YES
TRX-1039189;2026-07-22;0,0;Vendor_36;Poland;YES
TRX-1039190;2026-05-04;0,0;Vendor_28;Netherlands;YES
TRX-1039192;2026-06-13;521,83;UNKNOWN;UNKNOWN;YES
TRX-1039194;2026-06-15;0,0;Vendor_5;Poland;YES
TRX-1039200;2026-04-23;0,0;Vendor_41;Germany;YES
TRX-1039203;2026-01-17;0,0;Vendor_49;Poland;YES
TRX-1039205;2026-02-05;0,0;Vendor_5;Poland;YES
TRX-1039206;2026-08-14;0,0;Vendor_4;Netherlands;YES
TRX-1039207;2026-06-04;758,13;UNKNOWN;UNKNOWN;YES
TRX-1039213;2026-08-08;0,0;Vendor_17;China;YES
TRX-1039219;2026-01-28;0,0;Vendor_28;Netherlands;YES
TRX-1039220;2026-04-16;0,0;Vendor_2;China;YES
TRX-1039230;2026-04-12;0,0;Vendor_7;China;YES
TRX-1039247;2026-01-02;0,0;Vendor_31;Netherlands;YES
TRX-1039254;2026-08-27;0,0;Vendor_11;Germany;YES
TRX-1039267;2026-07-22;0,0;Vendor_13;Netherlands;YES
TRX-1039268;2026-07-22;0,0;Vendor_3;Poland;YES
TRX-1039276;2026-03-04;0,0;Vendor_37;China;YES
TRX-1039282;2026-04-10;388,82;UNKNOWN;UNKNOWN;YES
TRX-1039287;2026-02-05;0,0;Vendor_20;Netherlands;YES
TRX-1039290;2026-03-18;0,0;Vendor_1;Germany;YES
TRX-1039294;2026-06-17;819,02;UNKNOWN;UNKNOWN;YES
TRX-1039300;2026-01-15;0,0;Vendor_20;Netherlands;YES
TRX-1039304;2026-02-26;0,0;Vendor_17;China;YES
TRX-1039307;2026-02-27;202,68;UNKNOWN;UNKNOWN;YES
TRX-1039310;2026-01-18;0,0;Vendor_36;Poland;YES
TRX-1039313;2026-04-08;0,0;Vendor_50;Poland;YES
TRX-1039315;2026-03-01;754,06;UNKNOWN;UNKNOWN;YES
TRX-1039330;2026-04-14;0,0;Vendor_33;Poland;YES
TRX-1039339;2026-03-07;0,0;Vendor_39;Poland;YES
TRX-1039342;2026-02-24;1423,39;UNKNOWN;UNKNOWN;YES
TRX-1039356;2026-08-17;0,0;Vendor_47;Netherlands;YES
TRX-1039357;2026-02-07;0,0;Vendor_20;Netherlands;YES
TRX-1039360;2026-08-20;0,0;Vendor_17;China;YES
TRX-1039362;2026-03-12;900,93;UNKNOWN;UNKNOWN;YES
TRX-1039365;;0,0;Vendor_4;Netherlands;YES
TRX-1039387;2026-04-07;0,0;Vendor_25;China;YES
TRX-1039392;2026-08-27;0,0;Vendor_11;Germany;YES
TRX-1039410;2026-01-25;381,22;UNKNOWN;UNKNOWN;YES
TRX-1039414;2026-04-16;0,0;Vendor_7;China;YES
TRX-1039429;2026-07-04;0,0;Vendor_24;Germany;YES
TRX-1039436;2026-03-24;0,0;Vendor_17;China;YES
TRX-1039438;2026-01-25;398,35;UNKNOWN;UNKNOWN;YES
TRX-1039442;2026-03-09;30,38;UNKNOWN;UNKNOWN;YES
TRX-1039447;2026-08-28;0,0;Vendor_17;China;YES
TRX-1039448;2026-07-19;0,0;Vendor_32;Germany;YES
TRX-1039449;2026-07-19;0,0;UNKNOWN;UNKNOWN;YES
TRX-1039460;2026-03-24;720,55;UNKNOWN;UNKNOWN;YES
TRX-1039480;2026-06-23;0,0;Vendor_33;Poland;YES
TRX-1039524;2026-06-04;0,0;UNKNOWN;UNKNOWN;YES
TRX-1039531;2026-02-18;1334,97;UNKNOWN;UNKNOWN;YES
TRX-1039542;2026-01-11;196,99;UNKNOWN;UNKNOWN;YES
TRX-1039546;2026-08-01;8,76;UNKNOWN;UNKNOWN;YES
TRX-1039549;2026-01-07;0,0;Vendor_42;Germany;YES
TRX-1039568;2026-03-07;0,0;Vendor_26;Netherlands;YES
TRX-1039599;2026-05-27;0,0;UNKNOWN;UNKNOWN;YES
TRX-1039605;2026-02-16;724,36;UNKNOWN;UNKNOWN;YES
TRX-1039617;2026-04-14;0,0;UNKNOWN;UNKNOWN;YES
TRX-1039618;2026-06-16;0,0;Vendor_41;Germany;YES
TRX-1039641;2026-03-16;0,0;Vendor_38;China;YES
TRX-1039657;2026-06-09;22,33;UNKNOWN;UNKNOWN;YES
TRX-1039659;;0,0;Vendor_1;Germany;YES
TRX-1039672;2026-02-14;0,0;Vendor_49;Poland;YES
TRX-1039692;2026-05-09;0,0;Vendor_4;Netherlands;YES
TRX-1039710;2026-09-04;0,0;Vendor_7;China;YES
TRX-1039742;2026-07-20;1381,74;UNKNOWN;UNKNOWN;YES
TRX-1039743;2026-03-13;0,0;Vendor_12;Netherlands;YES
TRX-1039749;2026-01-19;0,0;UNKNOWN;UNKNOWN;YES
TRX-1039758;2026-01-11;0,0;Vendor_2;China;YES
TRX-1039762;2026-02-16;960,19;UNKNOWN;UNKNOWN;YES
TRX-1039769;2026-06-18;0,0;Vendor_48;Netherlands;YES
TRX-1039774;2026-05-23;1326,11;UNKNOWN;UNKNOWN;YES
TRX-1039787;2026-07-14;0,0;Vendor_33;Poland;YES
TRX-1039809;2026-07-18;0,0;Vendor_20;Netherlands;YES
TRX-1039816;2026-02-28;0,0;Vendor_8;Germany;YES
TRX-1039819;2026-01-09;1311,59;UNKNOWN;UNKNOWN;YES
TRX-1039830;2026-02-24;1129,93;UNKNOWN;UNKNOWN;YES
TRX-1039846;2026-07-10;97,01;UNKNOWN;UNKNOWN;YES
TRX-1039863;2026-08-20;0,0;Vendor_47;Netherlands;YES
TRX-1039867;2026-02-21;0,0;Vendor_23;Poland;YES
TRX-1039889;2026-03-11;0,0;Vendor_40;China;YES
TRX-1039890;2026-08-13;187,53;UNKNOWN;UNKNOWN;YES
TRX-1039913;2026-04-24;436,69;UNKNOWN;UNKNOWN;YES
TRX-1039915;;1000,81;UNKNOWN;UNKNOWN;YES
TRX-1039922;2026-04-19;0,0;Vendor_33;Poland;YES
TRX-1039942;2026-05-25;0,0;Vendor_6;China;YES
TRX-1039947;;0,0;Vendor_13;Netherlands;YES
TRX-1039955;2026-06-01;0,0;Vendor_25;China;YES
TRX-1039961;2026-05-14;0,0;Vendor_37;China;YES
TRX-1039966;2026-01-08;0,0;Vendor_32;Germany;YES
TRX-1039973;2026-05-29;0,0;Vendor_13;Netherlands;YES
TRX-1039976;2026-07-19;0,0;Vendor_47;Netherlands;YES
TRX-1039990;2026-08-24;182,26;UNKNOWN;UNKNOWN;YES
TRX-1039992;2026-08-03;0,0;UNKNOWN;UNKNOWN;YES
TRX-1039994;2026-01-17;541,23;UNKNOWN;UNKNOWN;YES
TRX-1039998;2026-07-18;0,0;Vendor_1;Germany;YES
TRX-1040002;2026-04-17;0,0;Vendor_48;Netherlands;YES
TRX-1040020;2026-05-25;0,0;Vendor_27;Poland;YES
TRX-1040032;2026-08-19;0,0;Vendor_28;Netherlands;YES
TRX-1040048;2026-09-04;0,0;Vendor_20;Netherlands;YES
TRX-1040052;;520,08;UNKNOWN;UNKNOWN;YES
TRX-1040055;2026-08-21;0,0;Vendor_32;Germany;YES
TRX-1040062;2026-06-01;0,0;Vendor_43;Netherlands;YES
TRX-1040067;2026-06-26;0,0;Vendor_12;Netherlands;YES
TRX-1040069;2026-01-02;839,86;UNKNOWN;UNKNOWN;YES
TRX-1040072;;0,0;Vendor_46;Poland;YES
TRX-1040073;2026-05-23;0,0;Vendor_23;Poland;YES
TRX-1040080;2026-04-20;0,0;Vendor_35;Poland;YES
TRX-1040094;2026-02-26;0,0;Vendor_45;Poland;YES
TRX-1040097;2026-02-18;238,14;UNKNOWN;UNKNOWN;YES
TRX-1040112;2026-02-11;0,0;Vendor_21;Germany;YES
TRX-1040117;2026-07-09;0,0;Vendor_26;Netherlands;YES
TRX-1040123;2026-04-17;0,0;Vendor_37;China;YES
TRX-1040134;2026-02-01;0,0;Vendor_37;China;YES
TRX-1040135;2026-03-18;0,0;Vendor_46;Poland;YES
TRX-1040138;2026-01-22;466,34;UNKNOWN;UNKNOWN;YES
TRX-1040157;2026-01-21;0,0;Vendor_17;China;YES
TRX-1040169;2026-01-28;0,0;Vendor_48;Netherlands;YES
TRX-1040170;2026-07-06;992,69;UNKNOWN;UNKNOWN;YES
TRX-1040176;2026-01-03;0,0;Vendor_12;Netherlands;YES
TRX-1040178;2026-02-20;0,0;Vendor_37;China;YES
TRX-1040180;2026-02-15;1397,76;UNKNOWN;UNKNOWN;YES
TRX-1040181;2026-04-20;0,0;Vendor_48;Netherlands;YES
TRX-1040195;2026-02-13;0,0;Vendor_12;Netherlands;YES
TRX-1040202;2026-06-07;0,0;Vendor_24;Germany;YES
TRX-1040203;2026-01-07;200,48;UNKNOWN;UNKNOWN;YES
TRX-1040209;2026-05-11;0,0;Vendor_36;Poland;YES
TRX-1040214;2026-07-15;0,0;Vendor_18;China;YES
TRX-1040225;2026-04-21;0,0;Vendor_26;Netherlands;YES
TRX-1040230;2026-03-03;0,0;Vendor_44;Poland;YES
TRX-1040238;2026-02-17;0,0;Vendor_19;Netherlands;YES
TRX-1040239;2026-07-26;0,0;Vendor_48;Netherlands;YES
TRX-1040241;2026-01-23;727,68;UNKNOWN;UNKNOWN;YES
TRX-1040242;2026-05-16;0,0;Vendor_35;Poland;YES
TRX-1040244;2026-03-07;0,0;Vendor_2;China;YES
TRX-1040252;2026-04-08;0,0;Vendor_2;China;YES
TRX-1040253;2026-03-10;1226,36;UNKNOWN;UNKNOWN;YES
TRX-1040264;2026-03-03;738,7;UNKNOWN;UNKNOWN;YES
TRX-1040265;2026-03-20;0,0;Vendor_32;Germany;YES
TRX-1040273;2026-09-07;1391,13;UNKNOWN;UNKNOWN;YES
TRX-1040274;2026-07-04;386,4;UNKNOWN;UNKNOWN;YES
TRX-1040276;2026-01-03;0,0;Vendor_4;Netherlands;YES
TRX-1040292;2026-08-27;1427,13;UNKNOWN;UNKNOWN;YES
TRX-1040294;2026-03-29;0,0;Vendor_41;Germany;YES
TRX-1040296;2026-03-03;0,0;Vendor_49;Poland;YES
TRX-1040297;2026-05-14;0,0;Vendor_1;Germany;YES
TRX-1040308;2026-05-25;0,0;Vendor_36;Poland;YES
TRX-1040312;2026-07-24;0,0;Vendor_4;Netherlands;YES
TRX-1040321;2026-03-24;0,0;Vendor_39;Poland;YES
TRX-1040324;2026-03-28;1231,31;UNKNOWN;UNKNOWN;YES
TRX-1040330;2026-02-20;0,0;Vendor_46;Poland;YES
TRX-1040340;2026-05-12;1359,19;UNKNOWN;UNKNOWN;YES
TRX-1040342;2026-06-22;549,17;UNKNOWN;UNKNOWN;YES
TRX-1040347;2026-05-12;701,28;UNKNOWN;UNKNOWN;YES
TRX-1040350;2026-03-09;470,39;UNKNOWN;UNKNOWN;YES
TRX-1040352;2026-08-18;0,0;Vendor_1;Germany;YES
TRX-1040363;2026-01-08;0,0;Vendor_34;China;YES
TRX-1040365;2026-01-06;1273,55;UNKNOWN;UNKNOWN;YES
TRX-1040377;2026-07-09;0,0;Vendor_17;China;YES
TRX-1040383;2026-08-03;0,0;Vendor_34;China;YES
TRX-1040412;2026-03-18;42,44;UNKNOWN;UNKNOWN;YES
TRX-1040413;2026-01-08;312,13;UNKNOWN;UNKNOWN;YES
TRX-1040416;2026-08-15;1259,04;UNKNOWN;UNKNOWN;YES
TRX-1040430;2026-07-16;0,0;Vendor_11;Germany;YES
TRX-1040444;;0,0;Vendor_43;Netherlands;YES
TRX-1040451;2026-05-08;0,0;Vendor_48;Netherlands;YES
TRX-1040452;2026-01-28;0,0;Vendor_41;Germany;YES
TRX-1040485;2026-08-24;0,0;Vendor_46;Poland;YES
TRX-1040490;2026-08-23;0,0;Vendor_26;Netherlands;YES
TRX-1040497;2026-06-19;0,0;Vendor_22;Germany;YES
TRX-1040518;2026-02-02;171,79;UNKNOWN;UNKNOWN;YES
TRX-1040525;;0,0;Vendor_38;China;YES
TRX-1040529;2026-03-02;356,19;UNKNOWN;UNKNOWN;YES
TRX-1040535;2026-04-24;0,0;Vendor_28;Netherlands;YES
TRX-1040536;2026-06-04;0,0;Vendor_16;Netherlands;YES
TRX-1040552;2026-07-15;937,62;UNKNOWN;UNKNOWN;YES
TRX-1040560;2026-02-01;29,61;UNKNOWN;UNKNOWN;YES
TRX-1040583;;0,0;Vendor_27;Poland;YES
TRX-1040590;2026-06-13;0,0;Vendor_25;China;YES
TRX-1040594;2026-01-23;0,0;Vendor_45;Poland;YES
TRX-1040596;2026-08-25;0,0;Vendor_12;Netherlands;YES
TRX-1040608;2026-08-02;0,0;Vendor_49;Poland;YES
TRX-1040613;2026-08-08;668,72;UNKNOWN;UNKNOWN;YES
TRX-1040616;2026-03-06;0,0;Vendor_10;China;YES
TRX-1040623;2026-08-31;0,0;Vendor_34;China;YES
TRX-1040626;2026-07-06;0,0;Vendor_45;Poland;YES
TRX-1040630;2026-03-16;0,0;Vendor_42;Germany;YES
TRX-1040650;2026-03-08;0,0;Vendor_48;Netherlands;YES
TRX-1040654;;1472,67;UNKNOWN;UNKNOWN;YES
TRX-1040659;2026-05-24;0,0;Vendor_35;Poland;YES
TRX-1040660;;0,0;Vendor_19;Netherlands;YES
TRX-1040686;2026-08-31;204,54;UNKNOWN;UNKNOWN;YES
TRX-1040701;2026-09-05;0,0;Vendor_22;Germany;YES
TRX-1040713;2026-06-15;0,0;Vendor_33;Poland;YES
TRX-1040716;2026-08-06;0,0;Vendor_43;Netherlands;YES
TRX-1040735;2026-06-21;0,0;Vendor_5;Poland;YES
TRX-1040745;2026-03-23;0,0;Vendor_14;China;YES
TRX-1040781;;0,0;UNKNOWN;UNKNOWN;YES
TRX-1040788;2026-01-03;817,49;UNKNOWN;UNKNOWN;YES
TRX-1040795;2026-07-25;0,0;Vendor_47;Netherlands;YES
TRX-1040796;2026-03-06;0,0;Vendor_18;China;YES
TRX-1040797;2026-05-31;0,0;Vendor_49;Poland;YES
TRX-1040802;2026-07-31;330,86;UNKNOWN;UNKNOWN;YES
TRX-1040804;2026-04-19;0,0;Vendor_16;Netherlands;YES
TRX-1040811;2026-07-31;0,0;Vendor_50;Poland;YES
TRX-1040813;2026-01-28;0,0;Vendor_41;Germany;YES
TRX-1040817;2026-04-14;0,0;Vendor_13;Netherlands;YES
TRX-1040843;2026-05-13;0,0;Vendor_11;Germany;YES
TRX-1040848;;1373,73;UNKNOWN;UNKNOWN;YES
TRX-1040861;2026-03-15;0,0;Vendor_46;Poland;YES
TRX-1040866;2026-05-05;666,33;UNKNOWN;UNKNOWN;YES
TRX-1040886;2026-08-19;0,0;Vendor_13;Netherlands;YES
TRX-1040889;2026-01-12;0,0;Vendor_36;Poland;YES
TRX-1040890;2026-04-10;0,0;Vendor_16;Netherlands;YES
TRX-1040895;2026-02-28;0,0;Vendor_29;Netherlands;YES
TRX-1040910;2026-06-25;0,0;Vendor_14;China;YES
TRX-1040913;2026-04-01;108,49;UNKNOWN;UNKNOWN;YES
TRX-1040917;2026-09-04;0,0;UNKNOWN;UNKNOWN;YES
TRX-1040935;2026-07-09;0,0;Vendor_36;Poland;YES
TRX-1040948;2026-06-03;199,42;UNKNOWN;UNKNOWN;YES
TRX-1040983;2026-08-29;0,0;Vendor_12;Netherlands;YES
TRX-1040991;2026-05-24;0,0;Vendor_30;Netherlands;YES
TRX-1041012;2026-05-22;0,0;Vendor_18;China;YES
TRX-1041018;2026-02-15;0,0;Vendor_21;Germany;YES
TRX-1041023;2026-05-15;1195,38;UNKNOWN;UNKNOWN;YES
TRX-1041030;2026-02-10;0,0;Vendor_6;China;YES
TRX-1041037;2026-06-16;0,0;Vendor_8;Germany;YES
TRX-1041048;;406,43;UNKNOWN;UNKNOWN;YES
TRX-1041054;2026-02-10;0,0;Vendor_44;Poland;YES
TRX-1041079;2026-08-26;0,0;Vendor_25;China;YES
TRX-1041088;2026-02-24;996,53;UNKNOWN;UNKNOWN;YES
TRX-1041095;2026-03-18;0,0;Vendor_28;Netherlands;YES
TRX-1041103;2026-09-04;0,0;Vendor_44;Poland;YES
TRX-1041114;2026-04-12;638,88;UNKNOWN;UNKNOWN;YES
TRX-1041122;2026-08-07;710,2;UNKNOWN;UNKNOWN;YES
TRX-1041129;2026-04-05;0,0;Vendor_45;Poland;YES
TRX-1041151;2026-03-13;1201,27;UNKNOWN;UNKNOWN;YES
TRX-1041162;;845,37;UNKNOWN;UNKNOWN;YES
TRX-1041183;2026-01-02;0,0;Vendor_33;Poland;YES
TRX-1041189;2026-03-27;0,0;Vendor_25;China;YES
TRX-1041198;2026-05-13;1497,57;UNKNOWN;UNKNOWN;YES
TRX-1041201;2026-07-24;0,0;Vendor_11;Germany;YES
TRX-1041208;2026-07-06;0,0;Vendor_30;Netherlands;YES
TRX-1041209;2026-03-11;1188,8;UNKNOWN;UNKNOWN;YES
TRX-1041211;2026-04-02;0,0;Vendor_42;Germany;YES
TRX-1041224;2026-03-04;0,0;Vendor_44;Poland;YES
TRX-1041248;2026-01-13;0,0;Vendor_1;Germany;YES
TRX-1041261;2026-03-06;0,0;Vendor_15;Germany;YES
TRX-1041270;2026-08-23;0,0;Vendor_22;Germany;YES
TRX-1041271;2026-04-01;0,0;Vendor_8;Germany;YES
TRX-1041274;2026-08-20;0,0;Vendor_27;Poland;YES
TRX-1041280;2026-07-05;0,0;Vendor_16;Netherlands;YES
TRX-1041302;2026-06-21;1060,85;UNKNOWN;UNKNOWN;YES
TRX-1041316;2026-01-19;0,0;Vendor_38;China;YES
TRX-1041319;2026-07-16;0,0;Vendor_19;Netherlands;YES
TRX-1041321;2026-04-06;0,0;Vendor_40;China;YES
TRX-1041322;2026-06-04;0,0;Vendor_32;Germany;YES
TRX-1041345;2026-03-07;0,0;Vendor_25;China;YES
TRX-1041346;2026-04-28;0,0;Vendor_37;China;YES
TRX-1041357;2026-03-03;874,77;UNKNOWN;UNKNOWN;YES
TRX-1041361;2026-03-22;1312,91;UNKNOWN;UNKNOWN;YES
TRX-1041363;2026-05-17;0,0;Vendor_6;China;YES
TRX-1041365;2026-07-24;1331,66;UNKNOWN;UNKNOWN;YES
TRX-1041366;2026-04-11;1460,79;UNKNOWN;UNKNOWN;YES
TRX-1041370;2026-08-14;0,0;Vendor_15;Germany;YES
TRX-1041385;;0,0;UNKNOWN;UNKNOWN;YES
TRX-1041397;2026-05-07;1457,42;UNKNOWN;UNKNOWN;YES
TRX-1041407;2026-03-13;0,0;Vendor_6;China;YES
TRX-1041410;2026-04-06;0,0;Vendor_32;Germany;YES
TRX-1041447;2026-06-07;0,0;Vendor_10;China;YES
TRX-1041449;2026-01-28;1109,68;UNKNOWN;UNKNOWN;YES
TRX-1041459;2026-06-11;0,0;Vendor_13;Netherlands;YES
TRX-1041462;2026-07-06;0,0;Vendor_46;Poland;YES
TRX-1041463;2026-03-15;593,24;UNKNOWN;UNKNOWN;YES
TRX-1041467;2026-07-28;0,0;Vendor_14;China;YES
TRX-1041471;2026-08-03;1447,02;UNKNOWN;UNKNOWN;YES
TRX-1041482;2026-04-22;0,0;Vendor_14;China;YES
TRX-1041488;2026-04-21;1451,1;UNKNOWN;UNKNOWN;YES
TRX-1041490;2026-02-20;923,41;UNKNOWN;UNKNOWN;YES
TRX-1041492;2026-07-24;0,0;Vendor_16;Netherlands;YES
TRX-1041501;2026-04-27;0,0;Vendor_7;China;YES
TRX-1041503;2026-03-13;0,0;Vendor_39;Poland;YES
TRX-1041505;2026-02-24;0,0;Vendor_36;Poland;YES
TRX-1041518;2026-05-25;0,0;Vendor_20;Netherlands;YES
TRX-1041525;2026-06-01;0,0;Vendor_30;Netherlands;YES
TRX-1041553;2026-06-30;0,0;Vendor_3;Poland;YES
TRX-1041554;2026-07-23;0,0;Vendor_18;China;YES
TRX-1041557;2026-08-11;0,0;Vendor_14;China;YES
TRX-1041559;2026-01-27;0,0;Vendor_2;China;YES
TRX-1041561;2026-05-17;0,0;Vendor_25;China;YES
TRX-1041562;2026-01-17;0,0;Vendor_32;Germany;YES
TRX-1041566;2026-04-21;0,0;Vendor_25;China;YES
TRX-1041584;2026-04-06;886,24;UNKNOWN;UNKNOWN;YES
TRX-1041589;2026-05-22;0,0;Vendor_41;Germany;YES
TRX-1041595;2026-07-17;0,0;Vendor_44;Poland;YES
TRX-1041602;2026-06-19;1089,26;UNKNOWN;UNKNOWN;YES
TRX-1041603;2026-05-06;1083,2;UNKNOWN;UNKNOWN;YES
TRX-1041604;2026-08-24;1250,17;UNKNOWN;UNKNOWN;YES
TRX-1041605;2026-08-05;0,0;Vendor_31;Netherlands;YES
TRX-1041610;2026-02-25;935,58;UNKNOWN;UNKNOWN;YES
TRX-1041616;2026-01-11;1424,79;UNKNOWN;UNKNOWN;YES
TRX-1041624;2026-01-05;0,0;Vendor_17;China;YES
TRX-1041641;2026-03-29;0,0;Vendor_3;Poland;YES
TRX-1041666;2026-01-25;0,0;Vendor_20;Netherlands;YES
TRX-1041667;2026-02-15;0,0;Vendor_14;China;YES
TRX-1041691;2026-05-21;0,0;Vendor_50;Poland;YES
TRX-1041725;2026-06-09;0,0;UNKNOWN;UNKNOWN;YES
TRX-1041734;2026-02-02;0,0;Vendor_23;Poland;YES
TRX-1041735;2026-02-10;0,0;UNKNOWN;UNKNOWN;YES
TRX-1041739;2026-06-28;0,0;Vendor_30;Netherlands;YES
TRX-1041740;;0,0;Vendor_4;Netherlands;YES
TRX-1041747;2026-01-31;0,0;Vendor_16;Netherlands;YES
TRX-1041756;2026-06-20;0,0;Vendor_2;China;YES
TRX-1041758;;817,08;UNKNOWN;UNKNOWN;YES
TRX-1041759;2026-08-03;0,0;Vendor_10;China;YES
TRX-1041767;2026-02-15;601,31;UNKNOWN;UNKNOWN;YES
TRX-1041770;2026-01-20;1348,59;UNKNOWN;UNKNOWN;YES
TRX-1041772;2026-02-01;348,28;UNKNOWN;UNKNOWN;YES
TRX-1041773;;0,0;Vendor_43;Netherlands;YES
TRX-1041782;2026-06-15;0,0;Vendor_1;Germany;YES
TRX-1041785;2026-05-17;0,0;Vendor_50;Poland;YES
TRX-1041795;2026-04-25;0,0;Vendor_25;China;YES
TRX-1041798;2026-03-31;0,0;Vendor_21;Germany;YES
TRX-1041799;2026-03-03;0,0;Vendor_28;Netherlands;YES
TRX-1041800;2026-04-08;0,0;UNKNOWN;UNKNOWN;YES
TRX-1041802;2026-02-25;559,27;UNKNOWN;UNKNOWN;YES
TRX-1041806;2026-09-03;0,0;Vendor_35;Poland;YES
TRX-1041812;;0,0;Vendor_45;Poland;YES
TRX-1041816;2026-06-01;0,0;Vendor_46;Poland;YES
TRX-1041819;2026-01-04;0,0;Vendor_43;Netherlands;YES
TRX-1041823;2026-03-09;864,87;UNKNOWN;UNKNOWN;YES
TRX-1041828;2026-02-19;325,02;UNKNOWN;UNKNOWN;YES
TRX-1041829;2026-07-11;1051,71;UNKNOWN;UNKNOWN;YES
TRX-1041845;2026-07-29;0,0;Vendor_6;China;YES
TRX-1041853;2026-04-12;250,67;UNKNOWN;UNKNOWN;YES
TRX-1041858;2026-08-29;1200,19;UNKNOWN;UNKNOWN;YES
TRX-1041859;2026-03-05;0,0;Vendor_27;Poland;YES
TRX-1041860;2026-05-23;0,0;Vendor_1;Germany;YES
TRX-1041893;2026-06-28;0,0;Vendor_5;Poland;YES
TRX-1041908;2026-04-23;0,0;Vendor_12;Netherlands;YES
TRX-1041910;2026-07-23;594,32;UNKNOWN;UNKNOWN;YES
TRX-1041925;2026-03-08;0,0;Vendor_19;Netherlands;YES
TRX-1041931;2026-04-25;0,0;Vendor_5;Poland;YES
TRX-1041947;2026-04-12;0,0;UNKNOWN;UNKNOWN;YES
TRX-1041956;2026-08-23;0,0;Vendor_11;Germany;YES
TRX-1041963;2026-03-31;1036,21;UNKNOWN;UNKNOWN;YES
TRX-1041967;2026-05-12;1458,81;UNKNOWN;UNKNOWN;YES
TRX-1041968;2026-05-31;563,5;UNKNOWN;UNKNOWN;YES
TRX-1041971;2026-06-22;715,96;UNKNOWN;UNKNOWN;YES
TRX-1041975;2026-04-03;848,83;UNKNOWN;UNKNOWN;YES
TRX-1041984;2026-02-13;1267,83;UNKNOWN;UNKNOWN;YES
TRX-1041989;;128,87;UNKNOWN;UNKNOWN;YES
TRX-1041996;2026-04-16;125,41;UNKNOWN;UNKNOWN;YES
TRX-1041997;;1085,33;UNKNOWN;UNKNOWN;YES
TRX-1042002;2026-05-27;0,0;Vendor_29;Netherlands;YES
TRX-1042004;2026-08-03;0,0;Vendor_42;Germany;YES
TRX-1042034;2026-02-10;0,0;Vendor_24;Germany;YES
TRX-1042038;2026-04-05;50,18;UNKNOWN;UNKNOWN;YES
TRX-1042045;2026-02-26;0,0;Vendor_9;China;YES
TRX-1042051;2026-05-13;864,79;UNKNOWN;UNKNOWN;YES
TRX-1042055;2026-05-17;360,76;UNKNOWN;UNKNOWN;YES
TRX-1042059;2026-07-07;0,0;Vendor_46;Poland;YES
TRX-1042071;2026-07-14;0,0;Vendor_28;Netherlands;YES
TRX-1042072;2026-02-28;1041,64;UNKNOWN;UNKNOWN;YES
TRX-1042092;2026-02-27;0,0;Vendor_7;China;YES
TRX-1042112;2026-04-22;0,0;Vendor_38;China;YES
TRX-1042116;2026-03-20;752,9;UNKNOWN;UNKNOWN;YES
TRX-1042131;;0,0;Vendor_39;Poland;YES
TRX-1042146;2026-08-18;988,07;UNKNOWN;UNKNOWN;YES
TRX-1042147;2026-06-15;0,0;Vendor_13;Netherlands;YES
TRX-1042148;2026-08-24;0,0;Vendor_30;Netherlands;YES
TRX-1042174;2026-04-09;0,0;Vendor_41;Germany;YES
TRX-1042183;2026-01-19;600,16;UNKNOWN;UNKNOWN;YES
TRX-1042184;2026-08-08;0,0;Vendor_39;Poland;YES
TRX-1042186;2026-01-02;1117,11;UNKNOWN;UNKNOWN;YES
TRX-1042187;2026-01-05;0,0;Vendor_49;Poland;YES
TRX-1042189;2026-05-09;1480,93;UNKNOWN;UNKNOWN;YES
TRX-1042201;2026-08-11;476,26;UNKNOWN;UNKNOWN;YES
TRX-1042202;2026-03-09;0,0;Vendor_13;Netherlands;YES
TRX-1042211;2026-03-22;0,0;Vendor_39;Poland;YES
TRX-1042213;2026-04-25;0,0;Vendor_18;China;YES
TRX-1042242;2026-04-29;0,0;Vendor_42;Germany;YES
TRX-1042254;2026-04-07;640,64;UNKNOWN;UNKNOWN;YES
TRX-1042268;2026-02-06;0,0;Vendor_10;China;YES
TRX-1042269;2026-05-01;0,0;Vendor_50;Poland;YES
TRX-1042270;2026-03-07;0,0;Vendor_45;Poland;YES
TRX-1042288;2026-07-18;675,29;UNKNOWN;UNKNOWN;YES
TRX-1042293;2026-09-01;0,0;Vendor_48;Netherlands;YES
TRX-1042308;2026-05-14;856,35;UNKNOWN;UNKNOWN;YES
TRX-1042328;2026-03-10;0,0;Vendor_16;Netherlands;YES
TRX-1042332;2026-02-22;0,0;Vendor_37;China;YES
TRX-1042333;;0,0;Vendor_30;Netherlands;YES
TRX-1042338;2026-05-04;0,0;Vendor_11;Germany;YES
TRX-1042346;2026-05-15;0,0;Vendor_44;Poland;YES
TRX-1042356;2026-01-11;0,0;Vendor_24;Germany;YES
TRX-1042368;2026-04-21;0,0;Vendor_41;Germany;YES
TRX-1042372;2026-08-05;0,0;Vendor_41;Germany;YES
TRX-1042373;2026-07-05;0,0;Vendor_38;China;YES
TRX-1042376;2026-05-03;0,0;Vendor_32;Germany;YES
TRX-1042386;2026-02-21;513,35;UNKNOWN;UNKNOWN;YES
TRX-1042387;2026-03-28;0,0;Vendor_8;Germany;YES
TRX-1042397;2026-05-19;0,0;Vendor_31;Netherlands;YES
TRX-1042419;2026-02-14;0,0;Vendor_33;Poland;YES
TRX-1042424;2026-05-10;0,0;Vendor_45;Poland;YES
TRX-1042428;2026-01-20;0,0;Vendor_14;China;YES
TRX-1042434;2026-03-23;0,0;Vendor_32;Germany;YES
TRX-1042438;2026-09-01;860,5;UNKNOWN;UNKNOWN;YES
TRX-1042448;2026-05-14;816,99;UNKNOWN;UNKNOWN;YES
TRX-1042449;2026-02-18;1273,46;UNKNOWN;UNKNOWN;YES
TRX-1042473;2026-04-25;0,0;Vendor_21;Germany;YES
TRX-1042478;2026-05-24;0,0;Vendor_44;Poland;YES
TRX-1042483;2026-01-19;0,0;Vendor_38;China;YES
TRX-1042491;;0,0;Vendor_33;Poland;YES
TRX-1042502;2026-06-15;0,0;Vendor_15;Germany;YES
TRX-1042521;2026-03-20;0,0;Vendor_37;China;YES
TRX-1042522;2026-05-01;0,0;Vendor_25;China;YES
TRX-1042524;2026-05-10;672,82;UNKNOWN;UNKNOWN;YES
TRX-1042531;2026-06-30;314,45;UNKNOWN;UNKNOWN;YES
TRX-1042536;2026-05-17;1144,58;UNKNOWN;UNKNOWN;YES
TRX-1042547;;990,34;UNKNOWN;UNKNOWN;YES
TRX-1042549;2026-03-03;0,0;Vendor_33;Poland;YES
TRX-1042556;2026-05-19;387,4;UNKNOWN;UNKNOWN;YES
TRX-1042565;2026-03-24;0,0;Vendor_4;Netherlands;YES
TRX-1042568;2026-08-23;563,74;UNKNOWN;UNKNOWN;YES
TRX-1042573;2026-06-10;0,0;Vendor_44;Poland;YES
TRX-1042602;2026-06-26;312,02;UNKNOWN;UNKNOWN;YES
TRX-1042609;2026-04-03;0,0;Vendor_21;Germany;YES
TRX-1042622;2026-08-08;0,0;Vendor_18;China;YES
TRX-1042623;2026-01-02;0,0;UNKNOWN;UNKNOWN;YES
TRX-1042627;2026-09-04;0,0;Vendor_46;Poland;YES
TRX-1042630;2026-07-30;0,0;Vendor_11;Germany;YES
TRX-1042633;2026-07-10;0,0;Vendor_3;Poland;YES
TRX-1042638;2026-01-25;0,0;Vendor_32;Germany;YES
TRX-1042645;2026-08-31;1432,84;UNKNOWN;UNKNOWN;YES
TRX-1042647;2026-06-01;0,0;Vendor_43;Netherlands;YES
TRX-1042656;2026-04-03;0,0;Vendor_21;Germany;YES
TRX-1042666;2026-04-17;0,0;Vendor_20;Netherlands;YES
TRX-1042671;;0,0;Vendor_29;Netherlands;YES
TRX-1042693;2026-04-17;0,0;Vendor_14;China;YES
TRX-1042694;;0,0;Vendor_4;Netherlands;YES
TRX-1042696;2026-02-26;0,0;Vendor_34;China;YES
TRX-1042697;;0,0;Vendor_25;China;YES
TRX-1042702;2026-06-11;0,0;Vendor_45;Poland;YES
TRX-1042726;2026-01-27;193,73;UNKNOWN;UNKNOWN;YES
TRX-1042753;2026-04-24;0,0;Vendor_11;Germany;YES
TRX-1042766;2026-04-13;929,78;UNKNOWN;UNKNOWN;YES
TRX-1042772;2026-07-17;625,55;UNKNOWN;UNKNOWN;YES
TRX-1042781;2026-08-12;576,41;UNKNOWN;UNKNOWN;YES
TRX-1042790;2026-01-03;464,0;UNKNOWN;UNKNOWN;YES
TRX-1042796;2026-08-12;0,0;Vendor_5;Poland;YES
TRX-1042798;2026-07-05;0,0;Vendor_17;China;YES
TRX-1042803;2026-07-22;0,0;Vendor_45;Poland;YES
TRX-1042809;2026-04-30;0,0;Vendor_43;Netherlands;YES
TRX-1042824;2026-07-20;0,0;Vendor_12;Netherlands;YES
TRX-1042825;2026-08-18;338,72;UNKNOWN;UNKNOWN;YES
TRX-1042829;2026-05-29;0,0;Vendor_8;Germany;YES
TRX-1042831;2026-07-16;0,0;Vendor_14;China;YES
TRX-1042832;2026-01-29;0,0;Vendor_11;Germany;YES
TRX-1042847;2026-07-29;0,0;Vendor_4;Netherlands;YES
TRX-1042869;2026-03-20;515,64;UNKNOWN;UNKNOWN;YES
TRX-1042870;2026-06-01;982,24;UNKNOWN;UNKNOWN;YES
TRX-1042881;2026-05-10;0,0;Vendor_18;China;YES
TRX-1042883;2026-01-28;0,0;Vendor_33;Poland;YES
TRX-1042890;2026-08-10;0,0;Vendor_33;Poland;YES
TRX-1042892;2026-06-30;147,6;UNKNOWN;UNKNOWN;YES
TRX-1042901;2026-02-03;0,0;Vendor_41;Germany;YES
TRX-1042904;2026-07-28;0,0;Vendor_34;China;YES
TRX-1042920;2026-07-24;0,0;Vendor_37;China;YES
TRX-1042922;2026-01-15;0,0;Vendor_30;Netherlands;YES
TRX-1042924;2026-03-11;0,0;Vendor_18;China;YES
TRX-1042928;2026-06-30;161,62;UNKNOWN;UNKNOWN;YES
TRX-1042931;2026-03-17;0,0;Vendor_24;Germany;YES
TRX-1042942;2026-04-18;0,0;Vendor_1;Germany;YES
TRX-1042943;2026-05-27;0,0;Vendor_44;Poland;YES
TRX-1042945;2026-01-10;204,04;UNKNOWN;UNKNOWN;YES
TRX-1042952;2026-08-07;0,0;Vendor_21;Germany;YES
TRX-1042954;2026-01-09;0,0;Vendor_25;China;YES
TRX-1042958;2026-06-23;1347,1;UNKNOWN;UNKNOWN;YES
TRX-1042964;2026-01-24;0,0;Vendor_25;China;YES
TRX-1042984;2026-04-28;0,0;Vendor_10;China;YES
TRX-1042998;2026-04-26;989,08;UNKNOWN;UNKNOWN;YES
TRX-1043006;2026-01-29;0,0;Vendor_48;Netherlands;YES
TRX-1043007;2026-02-01;0,0;Vendor_41;Germany;YES
TRX-1043011;2026-01-23;899,72;UNKNOWN;UNKNOWN;YES
TRX-1043016;2026-08-18;1174,59;UNKNOWN;UNKNOWN;YES
TRX-1043019;2026-03-16;0,0;Vendor_45;Poland;YES
TRX-1043023;2026-07-22;220,07;UNKNOWN;UNKNOWN;YES
TRX-1043030;2026-06-29;0,0;Vendor_16;Netherlands;YES
TRX-1043036;2026-08-29;54,98;UNKNOWN;UNKNOWN;YES
TRX-1043041;2026-04-27;0,0;Vendor_43;Netherlands;YES
TRX-1043051;2026-04-18;0,0;Vendor_18;China;YES
TRX-1043064;2026-01-22;0,0;Vendor_20;Netherlands;YES
TRX-1043068;2026-08-04;0,0;Vendor_19;Netherlands;YES
TRX-1043076;2026-01-13;0,0;Vendor_22;Germany;YES
TRX-1043082;2026-05-08;1228,93;UNKNOWN;UNKNOWN;YES
TRX-1043084;2026-04-11;0,0;Vendor_12;Netherlands;YES
TRX-1043092;2026-07-21;679,15;UNKNOWN;UNKNOWN;YES
TRX-1043099;2026-08-24;0,0;Vendor_36;Poland;YES
TRX-1043107;2026-06-15;0,0;Vendor_22;Germany;YES
TRX-1043113;2026-02-09;0,0;Vendor_20;Netherlands;YES
TRX-1043135;2026-02-19;0,0;Vendor_22;Germany;YES
TRX-1043138;2026-08-30;497,84;UNKNOWN;UNKNOWN;YES
TRX-1043152;2026-01-05;0,0;Vendor_36;Poland;YES
TRX-1043177;2026-04-07;733,45;UNKNOWN;UNKNOWN;YES
TRX-1043179;2026-02-05;0,0;Vendor_20;Netherlands;YES
TRX-1043181;2026-01-06;0,0;Vendor_31;Netherlands;YES
TRX-1043188;2026-03-03;1302,96;UNKNOWN;UNKNOWN;YES
TRX-1043198;2026-02-03;0,0;Vendor_41;Germany;YES
TRX-1043199;;0,0;Vendor_18;China;YES
TRX-1043203;2026-02-06;0,0;Vendor_22;Germany;YES
TRX-1043206;;0,0;Vendor_24;Germany;YES
TRX-1043213;2026-06-16;0,0;Vendor_23;Poland;YES
TRX-1043233;2026-03-24;0,0;Vendor_7;China;YES
TRX-1043245;2026-01-25;612,62;UNKNOWN;UNKNOWN;YES
TRX-1043252;2026-02-17;0,0;Vendor_37;China;YES
TRX-1043265;2026-08-15;0,0;Vendor_25;China;YES
TRX-1043273;2026-07-28;0,0;Vendor_43;Netherlands;YES
TRX-1043282;2026-09-07;0,0;Vendor_9;China;YES
TRX-1043285;2026-02-28;1464,28;UNKNOWN;UNKNOWN;YES
TRX-1043293;2026-05-10;0,0;Vendor_44;Poland;YES
TRX-1043294;2026-03-06;0,0;Vendor_40;China;YES
TRX-1043300;2026-01-30;0,0;Vendor_9;China;YES
TRX-1043303;2026-02-01;0,0;Vendor_35;Poland;YES
TRX-1043310;2026-05-08;0,0;Vendor_14;China;YES
TRX-1043339;2026-01-29;0,0;Vendor_14;China;YES
TRX-1043358;2026-06-23;0,0;Vendor_18;China;YES
TRX-1043359;2026-01-23;0,0;Vendor_30;Netherlands;YES
TRX-1043365;2026-05-16;781,07;UNKNOWN;UNKNOWN;YES
TRX-1043400;2026-04-06;977,79;UNKNOWN;UNKNOWN;YES
TRX-1043410;2026-03-10;0,0;Vendor_19;Netherlands;YES
TRX-1043412;2026-04-04;0,0;Vendor_13;Netherlands;YES
TRX-1043427;2026-03-22;1081,65;UNKNOWN;UNKNOWN;YES
TRX-1043429;2026-05-28;866,24;UNKNOWN;UNKNOWN;YES
TRX-1043432;2026-09-04;990,74;UNKNOWN;UNKNOWN;YES
TRX-1043433;2026-04-24;750,77;UNKNOWN;UNKNOWN;YES
TRX-1043458;2026-05-21;46,74;UNKNOWN;UNKNOWN;YES
TRX-1043462;2026-01-10;0,0;Vendor_23;Poland;YES
TRX-1043464;2026-04-02;0,0;Vendor_5;Poland;YES
TRX-1043481;2026-07-22;0,0;Vendor_15;Germany;YES
TRX-1043488;2026-03-18;1458,99;UNKNOWN;UNKNOWN;YES
TRX-1043494;2026-05-29;0,0;Vendor_27;Poland;YES
TRX-1043504;2026-04-18;0,0;Vendor_49;Poland;YES
TRX-1043506;2026-07-18;719,73;UNKNOWN;UNKNOWN;YES
TRX-1043514;2026-06-28;0,0;Vendor_46;Poland;YES
TRX-1043524;2026-06-24;56,34;UNKNOWN;UNKNOWN;YES
TRX-1043527;2026-03-29;100,26;UNKNOWN;UNKNOWN;YES
TRX-1043530;;921,75;UNKNOWN;UNKNOWN;YES
TRX-1043545;2026-07-14;0,0;Vendor_47;Netherlands;YES
TRX-1043549;2026-08-10;0,0;Vendor_12;Netherlands;YES
TRX-1043550;2026-01-28;0,0;Vendor_32;Germany;YES
TRX-1043565;2026-06-08;881,57;UNKNOWN;UNKNOWN;YES
TRX-1043566;2026-05-17;0,0;Vendor_38;China;YES
TRX-1043584;2026-02-13;0,0;Vendor_44;Poland;YES
TRX-1043585;2026-02-07;0,0;Vendor_39;Poland;YES
TRX-1043588;2026-05-31;0,0;Vendor_15;Germany;YES
TRX-1043593;2026-05-10;0,0;Vendor_8;Germany;YES
TRX-1043595;;0,0;Vendor_38;China;YES
TRX-1043610;2026-01-29;0,0;Vendor_21;Germany;YES
TRX-1043612;2026-07-21;0,0;Vendor_35;Poland;YES
TRX-1043613;2026-08-23;0,0;Vendor_47;Netherlands;YES
TRX-1043618;2026-06-30;0,0;Vendor_13;Netherlands;YES
TRX-1043621;2026-06-16;0,0;Vendor_35;Poland;YES
TRX-1043632;2026-04-14;0,0;Vendor_17;China;YES
TRX-1043649;2026-03-17;0,0;Vendor_16;Netherlands;YES
TRX-1043651;2026-05-29;0,0;Vendor_39;Poland;YES
TRX-1043653;2026-02-05;0,0;Vendor_10;China;YES
TRX-1043670;2026-04-25;82,73;UNKNOWN;UNKNOWN;YES
TRX-1043672;;33,21;UNKNOWN;UNKNOWN;YES
TRX-1043678;2026-03-20;0,0;Vendor_17;China;YES
TRX-1043680;2026-08-21;0,0;Vendor_15;Germany;YES
TRX-1043688;2026-06-26;0,0;Vendor_30;Netherlands;YES
TRX-1043695;2026-05-30;646,91;UNKNOWN;UNKNOWN;YES
TRX-1043696;2026-09-07;0,0;Vendor_8;Germany;YES
TRX-1043710;2026-02-17;0,0;Vendor_9;China;YES
TRX-1043718;2026-06-14;0,0;Vendor_46;Poland;YES
TRX-1043720;2026-03-27;691,23;UNKNOWN;UNKNOWN;YES
TRX-1043721;2026-03-09;1469,41;UNKNOWN;UNKNOWN;YES
TRX-1043727;2026-07-27;615,05;UNKNOWN;UNKNOWN;YES
TRX-1043729;2026-03-30;0,0;Vendor_6;China;YES
TRX-1043740;2026-04-03;1238,87;UNKNOWN;UNKNOWN;YES
TRX-1043750;2026-07-27;400,17;UNKNOWN;UNKNOWN;YES
TRX-1043756;2026-02-28;0,0;Vendor_1;Germany;YES
TRX-1043765;2026-07-29;0,0;Vendor_25;China;YES
TRX-1043773;2026-08-03;0,0;Vendor_37;China;YES
TRX-1043778;2026-07-05;0,0;Vendor_11;Germany;YES
TRX-1043786;2026-04-29;185,43;UNKNOWN;UNKNOWN;YES
TRX-1043787;2026-04-10;553,61;UNKNOWN;UNKNOWN;YES
TRX-1043796;2026-03-26;0,0;Vendor_26;Netherlands;YES
TRX-1043797;2026-07-21;0,0;Vendor_16;Netherlands;YES
TRX-1043812;2026-05-26;0,0;Vendor_40;China;YES
TRX-1043814;2026-01-19;0,0;Vendor_41;Germany;YES
TRX-1043816;2026-03-08;0,0;Vendor_7;China;YES
TRX-1043819;2026-01-15;0,0;Vendor_49;Poland;YES
TRX-1043820;2026-02-12;0,0;Vendor_13;Netherlands;YES
TRX-1043835;2026-06-16;0,0;Vendor_48;Netherlands;YES
TRX-1043836;2026-02-07;0,0;Vendor_18;China;YES
TRX-1043841;2026-06-21;0,0;Vendor_5;Poland;YES
TRX-1043844;2026-02-10;1355,88;UNKNOWN;UNKNOWN;YES
TRX-1043845;2026-04-21;798,99;UNKNOWN;UNKNOWN;YES
TRX-1043859;2026-01-06;0,0;Vendor_47;Netherlands;YES
TRX-1043862;2026-04-04;0,0;Vendor_7;China;YES
TRX-1043870;2026-08-29;0,0;Vendor_9;China;YES
TRX-1043884;2026-01-05;0,0;Vendor_8;Germany;YES
TRX-1043887;2026-04-06;1014,68;UNKNOWN;UNKNOWN;YES
TRX-1043888;2026-03-17;0,0;Vendor_9;China;YES
TRX-1043893;2026-04-04;0,0;Vendor_41;Germany;YES
TRX-1043894;2026-06-04;1315,33;UNKNOWN;UNKNOWN;YES
TRX-1043905;2026-05-05;148,56;UNKNOWN;UNKNOWN;YES
TRX-1043908;2026-05-09;1498,08;UNKNOWN;UNKNOWN;YES
TRX-1043913;2026-08-15;189,6;UNKNOWN;UNKNOWN;YES
TRX-1043924;2026-03-11;0,0;Vendor_21;Germany;YES
TRX-1043933;2026-01-11;1169,79;UNKNOWN;UNKNOWN;YES
TRX-1043938;2026-04-05;0,0;Vendor_13;Netherlands;YES
TRX-1043939;2026-01-19;0,0;Vendor_39;Poland;YES
TRX-1043944;2026-09-07;0,0;Vendor_41;Germany;YES
TRX-1043953;2026-07-21;0,0;Vendor_4;Netherlands;YES
TRX-1043986;2026-06-28;1230,94;UNKNOWN;UNKNOWN;YES
TRX-1043987;2026-02-10;0,0;Vendor_17;China;YES
TRX-1044003;2026-04-25;0,0;Vendor_44;Poland;YES
TRX-1044004;2026-07-31;0,0;Vendor_11;Germany;YES
TRX-1044009;2026-07-20;0,0;Vendor_2;China;YES
TRX-1044023;2026-03-27;814,43;UNKNOWN;UNKNOWN;YES
TRX-1044039;2026-06-26;0,0;Vendor_39;Poland;YES
TRX-1044049;2026-04-07;26,76;UNKNOWN;UNKNOWN;YES
TRX-1044058;;0,0;Vendor_44;Poland;YES
TRX-1044067;2026-02-28;0,0;Vendor_7;China;YES
TRX-1044075;2026-02-03;0,0;Vendor_4;Netherlands;YES
TRX-1044081;;0,0;UNKNOWN;UNKNOWN;YES
TRX-1044083;;188,97;UNKNOWN;UNKNOWN;YES
TRX-1044086;2026-05-24;0,0;Vendor_22;Germany;YES
TRX-1044092;2026-03-28;0,0;Vendor_22;Germany;YES
TRX-1044108;2026-04-02;870,29;UNKNOWN;UNKNOWN;YES
TRX-1044117;2026-05-25;0,0;Vendor_45;Poland;YES
TRX-1044118;2026-07-10;0,0;Vendor_41;Germany;YES
TRX-1044120;2026-07-15;0,0;Vendor_11;Germany;YES
TRX-1044122;2026-03-28;0,0;Vendor_39;Poland;YES
TRX-1044127;2026-04-29;1301,89;UNKNOWN;UNKNOWN;YES
TRX-1044134;2026-08-16;194,66;UNKNOWN;UNKNOWN;YES
TRX-1044143;2026-02-14;0,0;UNKNOWN;UNKNOWN;YES
TRX-1044159;2026-02-07;0,0;Vendor_33;Poland;YES
TRX-1044161;2026-03-08;0,0;Vendor_40;China;YES
TRX-1044172;2026-08-11;1379,03;UNKNOWN;UNKNOWN;YES
TRX-1044174;2026-05-25;0,0;Vendor_10;China;YES
TRX-1044197;2026-03-22;0,0;Vendor_6;China;YES
TRX-1044210;2026-06-03;0,0;Vendor_17;China;YES
TRX-1044221;2026-05-14;0,0;Vendor_36;Poland;YES
TRX-1044225;2026-07-07;0,0;Vendor_8;Germany;YES
TRX-1044226;2026-09-07;0,0;Vendor_37;China;YES
TRX-1044229;2026-02-09;0,0;Vendor_39;Poland;YES
TRX-1044230;2026-07-05;0,0;Vendor_17;China;YES
TRX-1044232;;57,23;UNKNOWN;UNKNOWN;YES
TRX-1044243;2026-09-05;636,78;UNKNOWN;UNKNOWN;YES
TRX-1044257;2026-06-30;0,0;Vendor_33;Poland;YES
TRX-1044261;2026-05-24;0,0;Vendor_11;Germany;YES
TRX-1044264;2026-03-02;0,0;Vendor_38;China;YES
TRX-1044266;2026-03-12;0,0;Vendor_15;Germany;YES
TRX-1044273;2026-03-12;270,39;UNKNOWN;UNKNOWN;YES
TRX-1044275;2026-07-24;0,0;Vendor_46;Poland;YES
TRX-1044287;2026-01-06;0,0;Vendor_23;Poland;YES
TRX-1044290;2026-01-29;159,77;UNKNOWN;UNKNOWN;YES
TRX-1044311;2026-05-28;712,12;UNKNOWN;UNKNOWN;YES
TRX-1044312;2026-01-11;0,0;Vendor_20;Netherlands;YES
TRX-1044319;2026-02-24;1308,6;UNKNOWN;UNKNOWN;YES
TRX-1044324;2026-07-18;0,0;Vendor_10;China;YES
TRX-1044348;;0,0;Vendor_19;Netherlands;YES
TRX-1044349;2026-07-17;83,71;UNKNOWN;UNKNOWN;YES
TRX-1044354;2026-02-03;0,0;Vendor_46;Poland;YES
TRX-1044367;2026-08-01;113,43;UNKNOWN;UNKNOWN;YES
TRX-1044370;2026-08-10;0,0;Vendor_17;China;YES
TRX-1044372;2026-05-18;0,0;Vendor_39;Poland;YES
TRX-1044373;2026-02-19;0,0;Vendor_18;China;YES
TRX-1044382;2026-06-02;0,0;Vendor_13;Netherlands;YES
TRX-1044385;2026-08-01;0,0;Vendor_22;Germany;YES
TRX-1044389;2026-07-11;0,0;Vendor_15;Germany;YES
TRX-1044392;2026-04-06;678,12;UNKNOWN;UNKNOWN;YES
TRX-1044407;2026-08-01;0,0;Vendor_2;China;YES
TRX-1044409;2026-08-18;0,0;Vendor_28;Netherlands;YES
TRX-1044410;2026-09-05;0,0;Vendor_20;Netherlands;YES
TRX-1044412;2026-07-21;275,92;UNKNOWN;UNKNOWN;YES
TRX-1044413;2026-07-23;578,32;UNKNOWN;UNKNOWN;YES
TRX-1044420;2026-02-03;0,0;Vendor_11;Germany;YES
TRX-1044429;2026-08-10;0,0;Vendor_20;Netherlands;YES
TRX-1044430;2026-01-06;0,0;Vendor_28;Netherlands;YES
TRX-1044433;2026-04-06;0,0;Vendor_3;Poland;YES
TRX-1044438;2026-06-03;0,0;Vendor_36;Poland;YES
TRX-1044441;2026-07-07;0,0;Vendor_29;Netherlands;YES
TRX-1044445;2026-04-19;0,0;Vendor_31;Netherlands;YES
TRX-1044460;2026-07-15;0,0;Vendor_46;Poland;YES
TRX-1044461;2026-08-12;585,93;UNKNOWN;UNKNOWN;YES
TRX-1044473;2026-08-22;692,42;UNKNOWN;UNKNOWN;YES
TRX-1044476;2026-02-04;0,0;Vendor_28;Netherlands;YES
TRX-1044477;;1335,8;UNKNOWN;UNKNOWN;YES
TRX-1044479;2026-02-04;1460,58;UNKNOWN;UNKNOWN;YES
TRX-1044491;2026-02-24;0,0;Vendor_37;China;YES
TRX-1044502;2026-07-16;0,0;Vendor_6;China;YES
TRX-1044514;2026-07-23;0,0;Vendor_21;Germany;YES
TRX-1044519;2026-09-07;0,0;Vendor_36;Poland;YES
TRX-1044531;2026-06-02;0,0;Vendor_1;Germany;YES
TRX-1044535;;1475,06;UNKNOWN;UNKNOWN;YES
TRX-1044542;2026-02-10;0,0;Vendor_5;Poland;YES
TRX-1044550;2026-05-31;0,0;Vendor_12;Netherlands;YES
TRX-1044555;2026-08-11;0,0;UNKNOWN;UNKNOWN;YES
TRX-1044561;2026-05-18;0,0;Vendor_49;Poland;YES
TRX-1044564;2026-08-06;0,0;Vendor_27;Poland;YES
TRX-1044565;2026-08-08;0,0;Vendor_43;Netherlands;YES
TRX-1044571;2026-03-05;0,0;Vendor_34;China;YES
TRX-1044579;2026-05-13;0,0;Vendor_32;Germany;YES
TRX-1044581;2026-04-20;0,0;Vendor_37;China;YES
TRX-1044582;2026-06-30;0,0;Vendor_35;Poland;YES
TRX-1044588;2026-03-13;0,0;Vendor_13;Netherlands;YES
TRX-1044590;2026-06-13;1163,22;UNKNOWN;UNKNOWN;YES
TRX-1044593;2026-01-06;1076,89;UNKNOWN;UNKNOWN;YES
TRX-1044594;2026-06-12;0,0;Vendor_45;Poland;YES
TRX-1044599;2026-09-06;483,81;UNKNOWN;UNKNOWN;YES
TRX-1044604;2026-04-19;529,54;UNKNOWN;UNKNOWN;YES
TRX-1044607;2026-03-28;0,0;Vendor_25;China;YES
TRX-1044615;2026-08-16;0,0;Vendor_35;Poland;YES
TRX-1044639;2026-05-01;0,0;Vendor_15;Germany;YES
TRX-1044643;2026-03-13;1231,38;UNKNOWN;UNKNOWN;YES
TRX-1044657;2026-04-07;0,0;Vendor_24;Germany;YES
TRX-1044674;2026-06-01;528,11;UNKNOWN;UNKNOWN;YES
TRX-1044675;2026-06-25;0,0;Vendor_42;Germany;YES
TRX-1044686;2026-08-17;0,0;Vendor_27;Poland;YES
TRX-1044696;2026-05-10;1472,64;UNKNOWN;UNKNOWN;YES
TRX-1044704;2026-06-24;0,0;Vendor_7;China;YES
TRX-1044711;2026-07-18;0,0;Vendor_1;Germany;YES
TRX-1044712;2026-04-08;0,0;Vendor_19;Netherlands;YES
TRX-1044728;2026-03-30;0,0;Vendor_38;China;YES
TRX-1044731;2026-02-03;0,0;Vendor_19;Netherlands;YES
TRX-1044739;2026-05-17;0,0;Vendor_22;Germany;YES
TRX-1044756;2026-04-11;0,0;Vendor_10;China;YES
TRX-1044769;2026-06-11;0,0;Vendor_46;Poland;YES
TRX-1044775;2026-03-30;0,0;Vendor_42;Germany;YES
TRX-1044785;2026-02-16;0,0;UNKNOWN;UNKNOWN;YES
TRX-1044792;2026-06-30;0,0;Vendor_31;Netherlands;YES
TRX-1044806;2026-07-17;0,0;Vendor_28;Netherlands;YES
TRX-1044811;2026-02-02;0,0;Vendor_27;Poland;YES
TRX-1044813;2026-04-24;1247,75;UNKNOWN;UNKNOWN;YES
TRX-1044819;2026-01-02;0,0;Vendor_23;Poland;YES
TRX-1044825;2026-03-07;0,0;Vendor_49;Poland;YES
TRX-1044829;2026-08-14;0,0;Vendor_50;Poland;YES
TRX-1044830;2026-04-11;19,26;UNKNOWN;UNKNOWN;YES
TRX-1044845;2026-01-22;36,02;UNKNOWN;UNKNOWN;YES
TRX-1044846;2026-05-31;0,0;Vendor_26;Netherlands;YES
TRX-1044850;2026-05-13;0,0;Vendor_49;Poland;YES
TRX-1044857;2026-06-28;242,86;UNKNOWN;UNKNOWN;YES
TRX-1044862;2026-02-28;1063,01;UNKNOWN;UNKNOWN;YES
TRX-1044867;2026-08-18;0,0;Vendor_47;Netherlands;YES
TRX-1044875;2026-04-02;0,0;Vendor_24;Germany;YES
TRX-1044877;2026-03-13;0,0;Vendor_30;Netherlands;YES
TRX-1044885;2026-05-04;659,7;UNKNOWN;UNKNOWN;YES
TRX-1044915;2026-06-29;680,32;UNKNOWN;UNKNOWN;YES
TRX-1044917;2026-04-23;0,0;Vendor_7;China;YES
TRX-1044919;2026-07-17;0,0;UNKNOWN;UNKNOWN;YES
TRX-1044925;2026-04-12;1047,55;UNKNOWN;UNKNOWN;YES
TRX-1044928;2026-04-10;820,03;UNKNOWN;UNKNOWN;YES
TRX-1044941;2026-06-20;1355,14;UNKNOWN;UNKNOWN;YES
TRX-1044950;;0,0;Vendor_37;China;YES
TRX-1044952;2026-07-24;582,43;UNKNOWN;UNKNOWN;YES
TRX-1044984;2026-09-04;723,01;UNKNOWN;UNKNOWN;YES
TRX-1044994;2026-07-21;0,0;Vendor_47;Netherlands;YES
TRX-1044995;2026-08-06;0,0;Vendor_21;Germany;YES
TRX-1045009;2026-02-25;12,83;UNKNOWN;UNKNOWN;YES
TRX-1045010;2026-01-16;0,0;Vendor_28;Netherlands;YES
TRX-1045022;;0,0;Vendor_1;Germany;YES
TRX-1045025;2026-05-21;0,0;Vendor_42;Germany;YES
TRX-1045026;2026-07-11;0,0;Vendor_22;Germany;YES
TRX-1045028;2026-03-01;498,84;UNKNOWN;UNKNOWN;YES
TRX-1045032;2026-07-01;741,27;UNKNOWN;UNKNOWN;YES
TRX-1045042;2026-07-10;884,96;UNKNOWN;UNKNOWN;YES
TRX-1045054;;1214,87;UNKNOWN;UNKNOWN;YES
TRX-1045063;2026-04-07;769,25;UNKNOWN;UNKNOWN;YES
TRX-1045070;2026-05-22;0,0;Vendor_49;Poland;YES
TRX-1045079;2026-01-29;0,0;UNKNOWN;UNKNOWN;YES
TRX-1045080;2026-01-15;0,0;Vendor_22;Germany;YES
TRX-1045092;2026-03-30;796,21;UNKNOWN;UNKNOWN;YES
TRX-1045114;2026-02-03;0,0;Vendor_6;China;YES
TRX-1045118;2026-07-20;0,0;Vendor_9;China;YES
TRX-1045130;2026-02-10;0,0;Vendor_50;Poland;YES
TRX-1045138;2026-01-03;42,49;UNKNOWN;UNKNOWN;YES
TRX-1045151;;659,42;UNKNOWN;UNKNOWN;YES
TRX-1045154;2026-04-30;856,76;UNKNOWN;UNKNOWN;YES
TRX-1045165;2026-01-29;0,0;Vendor_35;Poland;YES
TRX-1045166;2026-03-31;0,0;Vendor_48;Netherlands;YES
TRX-1045178;2026-08-29;472,25;UNKNOWN;UNKNOWN;YES
TRX-1045195;2026-08-22;0,0;Vendor_35;Poland;YES
TRX-1045197;2026-09-01;0,0;Vendor_45;Poland;YES
TRX-1045209;2026-05-24;0,0;Vendor_2;China;YES
TRX-1045212;2026-08-26;0,0;Vendor_12;Netherlands;YES
TRX-1045224;2026-02-16;0,0;Vendor_36;Poland;YES
TRX-1045233;2026-08-01;0,0;Vendor_6;China;YES
TRX-1045240;2026-02-13;0,0;Vendor_1;Germany;YES
TRX-1045242;2026-05-14;0,0;Vendor_21;Germany;YES
TRX-1045250;2026-02-07;395,88;UNKNOWN;UNKNOWN;YES
TRX-1045251;2026-08-10;0,0;Vendor_19;Netherlands;YES
TRX-1045256;;356,77;UNKNOWN;UNKNOWN;YES
TRX-1045257;2026-02-17;0,0;Vendor_42;Germany;YES
TRX-1045258;2026-01-20;1407,78;UNKNOWN;UNKNOWN;YES
TRX-1045267;2026-03-08;0,0;Vendor_21;Germany;YES
TRX-1045274;2026-04-28;133,9;UNKNOWN;UNKNOWN;YES
TRX-1045287;2026-06-02;432,81;UNKNOWN;UNKNOWN;YES
TRX-1045288;2026-01-20;1164,39;UNKNOWN;UNKNOWN;YES
TRX-1045299;2026-09-07;0,0;UNKNOWN;UNKNOWN;YES
TRX-1045309;2026-03-30;0,0;Vendor_19;Netherlands;YES
TRX-1045312;2026-02-14;1261,64;UNKNOWN;UNKNOWN;YES
TRX-1045320;2026-08-06;433,6;UNKNOWN;UNKNOWN;YES
TRX-1045324;2026-08-13;0,0;Vendor_48;Netherlands;YES
TRX-1045340;2026-08-04;0,0;Vendor_14;China;YES
TRX-1045342;2026-03-01;0,0;Vendor_20;Netherlands;YES
TRX-1045356;2026-02-20;0,0;Vendor_16;Netherlands;YES
TRX-1045357;2026-08-28;0,0;Vendor_19;Netherlands;YES
TRX-1045368;2026-07-26;0,0;Vendor_30;Netherlands;YES
TRX-1045376;2026-01-17;0,0;Vendor_50;Poland;YES
TRX-1045390;2026-06-02;0,0;Vendor_7;China;YES
TRX-1045395;2026-03-08;0,0;Vendor_50;Poland;YES
TRX-1045400;2026-07-21;1109,54;UNKNOWN;UNKNOWN;YES
TRX-1045421;2026-05-27;685,81;UNKNOWN;UNKNOWN;YES
TRX-1045426;2026-02-09;154,32;UNKNOWN;UNKNOWN;YES
TRX-1045434;2026-04-22;0,0;Vendor_48;Netherlands;YES
TRX-1045442;2026-01-30;0,0;Vendor_1;Germany;YES
TRX-1045443;2026-03-03;376,13;UNKNOWN;UNKNOWN;YES
TRX-1045455;2026-05-13;0,0;Vendor_5;Poland;YES
TRX-1045463;2026-08-03;0,0;Vendor_47;Netherlands;YES
TRX-1045465;2026-01-29;1483,59;UNKNOWN;UNKNOWN;YES
TRX-1045471;2026-08-13;0,0;Vendor_42;Germany;YES
TRX-1045479;2026-09-06;0,0;Vendor_15;Germany;YES
TRX-1045482;2026-09-03;0,0;Vendor_28;Netherlands;YES
TRX-1045484;2026-07-01;0,0;Vendor_4;Netherlands;YES
TRX-1045499;2026-01-26;0,0;Vendor_7;China;YES
TRX-1045529;2026-07-14;0,0;Vendor_14;China;YES
TRX-1045530;2026-06-15;1459,46;UNKNOWN;UNKNOWN;YES
TRX-1045532;2026-05-05;0,0;Vendor_36;Poland;YES
TRX-1045535;2026-08-30;1424,26;UNKNOWN;UNKNOWN;YES
TRX-1045549;2026-02-16;0,0;Vendor_39;Poland;YES
TRX-1045557;2026-05-02;0,0;Vendor_13;Netherlands;YES
TRX-1045582;2026-01-25;0,0;Vendor_42;Germany;YES
TRX-1045592;2026-01-15;0,0;Vendor_12;Netherlands;YES
TRX-1045597;2026-02-27;0,0;Vendor_7;China;YES
TRX-1045611;2026-02-11;0,0;Vendor_44;Poland;YES
TRX-1045637;2026-02-02;862,01;UNKNOWN;UNKNOWN;YES
TRX-1045639;2026-07-06;781,45;UNKNOWN;UNKNOWN;YES
TRX-1045642;;0,0;Vendor_39;Poland;YES
TRX-1045666;2026-01-08;0,0;Vendor_46;Poland;YES
TRX-1045671;2026-06-23;0,0;Vendor_16;Netherlands;YES
TRX-1045677;2026-03-11;0,0;Vendor_46;Poland;YES
TRX-1045679;2026-08-13;0,0;Vendor_13;Netherlands;YES
TRX-1045680;2026-09-06;0,0;Vendor_7;China;YES
TRX-1045681;2026-02-21;0,0;Vendor_37;China;YES
TRX-1045698;2026-04-20;0,0;Vendor_27;Poland;YES
TRX-1045703;2026-05-15;841,74;UNKNOWN;UNKNOWN;YES
TRX-1045710;2026-02-02;0,0;UNKNOWN;UNKNOWN;YES
TRX-1045712;2026-05-28;0,0;UNKNOWN;UNKNOWN;YES
TRX-1045718;2026-07-30;0,0;Vendor_21;Germany;YES
TRX-1045720;2026-06-27;0,0;Vendor_28;Netherlands;YES
TRX-1045738;2026-03-06;0,0;Vendor_32;Germany;YES
TRX-1045759;;0,0;Vendor_44;Poland;YES
TRX-1045762;2026-03-10;0,0;Vendor_22;Germany;YES
TRX-1045764;2026-04-17;1095,7;UNKNOWN;UNKNOWN;YES
TRX-1045775;2026-05-17;0,0;UNKNOWN;UNKNOWN;YES
TRX-1045784;2026-02-28;0,0;Vendor_15;Germany;YES
TRX-1045791;2026-07-07;968,52;UNKNOWN;UNKNOWN;YES
TRX-1045799;2026-04-22;0,0;Vendor_24;Germany;YES
TRX-1045800;2026-01-24;0,0;Vendor_34;China;YES
TRX-1045803;2026-01-10;0,0;Vendor_43;Netherlands;YES
TRX-1045806;2026-06-16;1252,92;UNKNOWN;UNKNOWN;YES
TRX-1045808;2026-03-15;0,0;Vendor_30;Netherlands;YES
TRX-1045832;2026-04-06;0,0;Vendor_1;Germany;YES
TRX-1045833;2026-07-16;0,0;Vendor_38;China;YES
TRX-1045834;2026-08-04;0,0;Vendor_12;Netherlands;YES
TRX-1045835;2026-05-11;0,0;Vendor_42;Germany;YES
TRX-1045845;2026-08-11;0,0;Vendor_49;Poland;YES
TRX-1045859;2026-01-23;0,0;Vendor_45;Poland;YES
TRX-1045864;2026-03-01;0,0;Vendor_4;Netherlands;YES
TRX-1045877;2026-08-03;0,0;Vendor_28;Netherlands;YES
TRX-1045886;2026-06-16;0,0;Vendor_10;China;YES
TRX-1045889;2026-08-14;0,0;Vendor_43;Netherlands;YES
TRX-1045890;2026-05-15;0,0;Vendor_40;China;YES
TRX-1045894;2026-02-02;98,32;UNKNOWN;UNKNOWN;YES
TRX-1045896;2026-06-27;0,0;Vendor_10;China;YES
TRX-1045900;2026-02-14;0,0;Vendor_38;China;YES
TRX-1045918;2026-07-08;0,0;Vendor_9;China;YES
TRX-1045929;2026-09-05;0,0;Vendor_40;China;YES
TRX-1045935;2026-08-25;385,44;UNKNOWN;UNKNOWN;YES
TRX-1045950;2026-03-22;0,0;Vendor_10;China;YES
TRX-1045951;2026-04-29;0,0;Vendor_10;China;YES
TRX-1045957;2026-04-10;0,0;Vendor_48;Netherlands;YES
TRX-1045967;2026-09-04;0,0;Vendor_29;Netherlands;YES
TRX-1045971;2026-06-24;43,11;UNKNOWN;UNKNOWN;YES
TRX-1045972;2026-03-22;0,0;Vendor_11;Germany;YES
TRX-1045975;2026-01-18;0,0;Vendor_31;Netherlands;YES
TRX-1045976;2026-03-26;0,0;Vendor_45;Poland;YES
TRX-1045993;2026-08-23;0,0;Vendor_30;Netherlands;YES
TRX-1046015;2026-07-02;0,0;Vendor_34;China;YES
TRX-1046016;2026-07-04;0,0;Vendor_20;Netherlands;YES
TRX-1046020;2026-07-03;87,24;UNKNOWN;UNKNOWN;YES
TRX-1046026;2026-05-15;1286,49;UNKNOWN;UNKNOWN;YES
TRX-1046030;2026-03-16;162,16;UNKNOWN;UNKNOWN;YES
TRX-1046040;;0,0;Vendor_20;Netherlands;YES
TRX-1046043;;71,0;UNKNOWN;UNKNOWN;YES
TRX-1046063;2026-03-12;266,74;UNKNOWN;UNKNOWN;YES
TRX-1046076;2026-02-12;1243,18;UNKNOWN;UNKNOWN;YES
TRX-1046082;2026-01-13;0,0;Vendor_28;Netherlands;YES
TRX-1046095;;0,0;Vendor_9;China;YES
TRX-1046100;2026-03-11;0,0;Vendor_26;Netherlands;YES
TRX-1046118;2026-03-10;1017,5;UNKNOWN;UNKNOWN;YES
TRX-1046119;2026-08-02;0,0;Vendor_36;Poland;YES
TRX-1046132;2026-04-07;0,0;Vendor_5;Poland;YES
TRX-1046144;2026-06-17;65,95;UNKNOWN;UNKNOWN;YES
TRX-1046150;2026-05-24;0,0;Vendor_42;Germany;YES
TRX-1046156;2026-08-03;1094,03;UNKNOWN;UNKNOWN;YES
TRX-1046164;2026-07-20;0,0;Vendor_4;Netherlands;YES
TRX-1046166;;0,0;Vendor_30;Netherlands;YES
TRX-1046169;2026-09-03;0,0;Vendor_11;Germany;YES
TRX-1046184;2026-02-10;371,66;UNKNOWN;UNKNOWN;YES
TRX-1046188;2026-08-03;1204,22;UNKNOWN;UNKNOWN;YES
TRX-1046190;2026-06-10;535,33;UNKNOWN;UNKNOWN;YES
TRX-1046195;2026-02-01;0,0;Vendor_46;Poland;YES
TRX-1046198;2026-05-02;0,0;Vendor_35;Poland;YES
TRX-1046211;2026-04-02;1328,29;UNKNOWN;UNKNOWN;YES
TRX-1046215;2026-06-15;0,0;Vendor_3;Poland;YES
TRX-1046221;2026-04-21;0,0;Vendor_6;China;YES
TRX-1046222;2026-01-21;0,0;Vendor_40;China;YES
TRX-1046224;2026-06-09;0,0;Vendor_3;Poland;YES
TRX-1046229;2026-08-09;0,0;UNKNOWN;UNKNOWN;YES
TRX-1046236;2026-08-22;0,0;Vendor_21;Germany;YES
TRX-1046238;2026-08-30;1358,58;UNKNOWN;UNKNOWN;YES
TRX-1046241;;0,0;Vendor_13;Netherlands;YES
TRX-1046242;2026-01-07;0,0;Vendor_4;Netherlands;YES
TRX-1046250;2026-05-23;0,0;Vendor_10;China;YES
TRX-1046251;2026-07-21;520,63;UNKNOWN;UNKNOWN;YES
TRX-1046266;2026-03-07;0,0;Vendor_37;China;YES
TRX-1046270;2026-08-21;348,84;UNKNOWN;UNKNOWN;YES
TRX-1046288;2026-02-02;0,0;Vendor_43;Netherlands;YES
TRX-1046297;2026-09-03;0,0;Vendor_19;Netherlands;YES
TRX-1046310;2026-03-19;0,0;Vendor_19;Netherlands;YES
TRX-1046325;2026-07-03;828,93;UNKNOWN;UNKNOWN;YES
TRX-1046328;2026-09-03;0,0;Vendor_37;China;YES
TRX-1046337;2026-04-18;31,68;UNKNOWN;UNKNOWN;YES
TRX-1046341;2026-06-03;0,0;Vendor_23;Poland;YES
TRX-1046366;2026-01-27;922,98;UNKNOWN;UNKNOWN;YES
TRX-1046368;2026-08-16;650,6;UNKNOWN;UNKNOWN;YES
TRX-1046370;2026-07-26;0,0;Vendor_23;Poland;YES
TRX-1046372;2026-09-04;0,0;Vendor_35;Poland;YES
TRX-1046375;2026-04-26;0,0;Vendor_22;Germany;YES
TRX-1046383;2026-03-01;431,12;UNKNOWN;UNKNOWN;YES
TRX-1046406;2026-02-05;0,0;Vendor_43;Netherlands;YES
TRX-1046416;2026-02-20;0,0;Vendor_30;Netherlands;YES
TRX-1046419;2026-03-18;0,0;Vendor_26;Netherlands;YES
TRX-1046420;2026-02-16;0,0;Vendor_23;Poland;YES
TRX-1046427;2026-08-23;0,0;Vendor_14;China;YES
TRX-1046432;2026-06-26;841,02;UNKNOWN;UNKNOWN;YES
TRX-1046434;2026-04-15;476,68;UNKNOWN;UNKNOWN;YES
TRX-1046441;2026-08-13;0,0;Vendor_46;Poland;YES
TRX-1046444;2026-07-29;383,85;UNKNOWN;UNKNOWN;YES
TRX-1046447;2026-02-17;155,29;UNKNOWN;UNKNOWN;YES
TRX-1046448;2026-03-25;185,18;UNKNOWN;UNKNOWN;YES
TRX-1046453;2026-06-10;0,0;Vendor_43;Netherlands;YES
TRX-1046462;2026-03-01;0,0;Vendor_34;China;YES
TRX-1046475;2026-05-24;0,0;Vendor_49;Poland;YES
TRX-1046481;2026-05-28;0,0;Vendor_14;China;YES
TRX-1046493;2026-03-27;0,0;UNKNOWN;UNKNOWN;YES
TRX-1046495;2026-05-22;92,9;UNKNOWN;UNKNOWN;YES
TRX-1046498;;0,0;Vendor_32;Germany;YES
TRX-1046500;2026-08-26;0,0;Vendor_20;Netherlands;YES
TRX-1046506;2026-02-08;0,0;Vendor_10;China;YES
TRX-1046509;2026-07-12;1371,6;UNKNOWN;UNKNOWN;YES
TRX-1046513;2026-03-30;0,0;Vendor_20;Netherlands;YES
TRX-1046516;2026-01-06;0,0;Vendor_4;Netherlands;YES
TRX-1046520;2026-04-04;0,0;UNKNOWN;UNKNOWN;YES
TRX-1046524;2026-08-22;0,0;Vendor_9;China;YES
TRX-1046530;2026-02-13;1108,01;UNKNOWN;UNKNOWN;YES
TRX-1046541;2026-07-18;0,0;Vendor_8;Germany;YES
TRX-1046542;2026-03-21;0,0;Vendor_21;Germany;YES
TRX-1046545;2026-07-15;0,0;Vendor_24;Germany;YES
TRX-1046547;2026-06-28;0,0;Vendor_47;Netherlands;YES
TRX-1046556;2026-06-22;0,0;Vendor_12;Netherlands;YES
TRX-1046564;2026-05-05;0,0;Vendor_42;Germany;YES
TRX-1046570;2026-03-04;0,0;Vendor_3;Poland;YES
TRX-1046581;2026-07-13;0,0;Vendor_6;China;YES
TRX-1046588;2026-09-08;0,0;Vendor_31;Netherlands;YES
TRX-1046592;2026-01-02;0,0;Vendor_9;China;YES
TRX-1046594;2026-08-15;0,0;Vendor_49;Poland;YES
TRX-1046595;2026-01-24;0,0;Vendor_48;Netherlands;YES
TRX-1046596;2026-07-17;889,12;UNKNOWN;UNKNOWN;YES
TRX-1046599;2026-04-28;0,0;UNKNOWN;UNKNOWN;YES
TRX-1046610;2026-05-27;0,0;Vendor_14;China;YES
TRX-1046646;2026-04-02;0,0;Vendor_15;Germany;YES
TRX-1046658;2026-02-13;0,0;Vendor_24;Germany;YES
TRX-1046664;2026-02-05;0,0;Vendor_34;China;YES
TRX-1046667;2026-02-12;1319,36;UNKNOWN;UNKNOWN;YES
TRX-1046674;2026-07-10;0,0;Vendor_15;Germany;YES
TRX-1046677;2026-03-05;0,0;Vendor_33;Poland;YES
TRX-1046693;2026-01-11;0,0;Vendor_26;Netherlands;YES
TRX-1046694;2026-08-04;846,16;UNKNOWN;UNKNOWN;YES
TRX-1046701;2026-07-09;0,0;Vendor_37;China;YES
TRX-1046707;2026-03-13;0,0;Vendor_50;Poland;YES
TRX-1046711;2026-06-05;0,0;Vendor_26;Netherlands;YES
TRX-1046713;2026-04-20;728,09;UNKNOWN;UNKNOWN;YES
TRX-1046723;2026-02-14;229,81;UNKNOWN;UNKNOWN;YES
TRX-1046724;2026-04-21;0,0;Vendor_49;Poland;YES
TRX-1046730;2026-03-20;565,5;UNKNOWN;UNKNOWN;YES
TRX-1046736;2026-08-09;0,0;Vendor_20;Netherlands;YES
TRX-1046741;2026-02-03;0,0;Vendor_24;Germany;YES
TRX-1046744;2026-07-21;0,0;Vendor_38;China;YES
TRX-1046751;2026-08-11;0,0;Vendor_46;Poland;YES
TRX-1046767;2026-01-13;0,0;Vendor_10;China;YES
TRX-1046772;2026-02-27;0,0;Vendor_46;Poland;YES
TRX-1046779;2026-04-16;847,07;UNKNOWN;UNKNOWN;YES
TRX-1046785;;0,0;Vendor_28;Netherlands;YES
TRX-1046791;2026-02-28;0,0;Vendor_15;Germany;YES
TRX-1046797;2026-01-06;0,0;Vendor_11;Germany;YES
TRX-1046801;2026-01-21;0,0;Vendor_11;Germany;YES
TRX-1046802;;1419,88;UNKNOWN;UNKNOWN;YES
TRX-1046806;2026-08-31;0,0;Vendor_45;Poland;YES
TRX-1046811;2026-05-10;347,74;UNKNOWN;UNKNOWN;YES
TRX-1046812;2026-08-21;1357,27;UNKNOWN;UNKNOWN;YES
TRX-1046826;2026-02-16;0,0;Vendor_31;Netherlands;YES
TRX-1046837;2026-05-03;0,0;Vendor_17;China;YES
TRX-1046846;2026-01-09;0,0;Vendor_27;Poland;YES
TRX-1046862;2026-09-08;0,0;Vendor_13;Netherlands;YES
TRX-1046874;2026-01-30;580,99;UNKNOWN;UNKNOWN;YES
TRX-1046880;2026-01-02;0,0;Vendor_18;China;YES
TRX-1046882;;0,0;UNKNOWN;UNKNOWN;YES
TRX-1046886;2026-07-13;0,0;Vendor_31;Netherlands;YES
TRX-1046891;2026-05-23;0,0;Vendor_22;Germany;YES
TRX-1046902;2026-02-20;1376,46;UNKNOWN;UNKNOWN;YES
TRX-1046904;2026-03-03;0,0;Vendor_15;Germany;YES
TRX-1046925;2026-06-16;0,0;Vendor_16;Netherlands;YES
TRX-1046941;2026-08-02;0,0;Vendor_5;Poland;YES
TRX-1046945;2026-02-26;961,3;UNKNOWN;UNKNOWN;YES
TRX-1046949;2026-08-21;0,0;Vendor_1;Germany;YES
TRX-1046950;2026-08-02;0,0;Vendor_10;China;YES
TRX-1046952;;0,0;Vendor_25;China;YES
TRX-1046965;2026-05-11;0,0;Vendor_1;Germany;YES
TRX-1046974;2026-03-16;0,0;Vendor_13;Netherlands;YES
TRX-1046975;2026-04-12;1053,71;UNKNOWN;UNKNOWN;YES
TRX-1046980;2026-04-15;863,98;UNKNOWN;UNKNOWN;YES
TRX-1046987;2026-05-08;0,0;Vendor_48;Netherlands;YES
TRX-1046992;2026-07-03;0,0;Vendor_18;China;YES
TRX-1047002;2026-01-12;78,28;UNKNOWN;UNKNOWN;YES
TRX-1047003;2026-07-20;0,0;Vendor_4;Netherlands;YES
TRX-1047024;2026-07-05;0,0;Vendor_10;China;YES
TRX-1047031;2026-02-13;0,0;Vendor_11;Germany;YES
TRX-1047033;2026-05-31;223,07;UNKNOWN;UNKNOWN;YES
TRX-1047034;2026-05-11;0,0;Vendor_48;Netherlands;YES
TRX-1047037;2026-08-25;300,07;UNKNOWN;UNKNOWN;YES
TRX-1047046;2026-07-29;0,0;Vendor_10;China;YES
TRX-1047055;2026-04-25;0,0;Vendor_1;Germany;YES
TRX-1047073;2026-03-26;0,0;Vendor_24;Germany;YES
TRX-1047077;2026-02-28;0,0;Vendor_28;Netherlands;YES
TRX-1047091;2026-01-09;0,0;Vendor_12;Netherlands;YES
TRX-1047092;2026-08-14;0,0;Vendor_14;China;YES
TRX-1047094;2026-02-24;645,25;UNKNOWN;UNKNOWN;YES
TRX-1047102;2026-02-22;0,0;Vendor_1;Germany;YES
TRX-1047104;2026-04-07;0,0;Vendor_30;Netherlands;YES
TRX-1047127;2026-02-21;721,07;UNKNOWN;UNKNOWN;YES
TRX-1047136;2026-05-16;66,11;UNKNOWN;UNKNOWN;YES
TRX-1047163;2026-06-12;0,0;UNKNOWN;UNKNOWN;YES
TRX-1047164;2026-01-14;0,0;Vendor_35;Poland;YES
TRX-1047181;2026-01-29;0,0;Vendor_46;Poland;YES
TRX-1047182;2026-02-15;0,0;Vendor_43;Netherlands;YES
TRX-1047185;2026-03-28;0,0;Vendor_7;China;YES
TRX-1047186;2026-07-09;0,0;Vendor_33;Poland;YES
TRX-1047190;2026-05-20;160,88;UNKNOWN;UNKNOWN;YES
TRX-1047197;2026-04-05;0,0;Vendor_17;China;YES
TRX-1047207;2026-08-24;219,76;UNKNOWN;UNKNOWN;YES
TRX-1047211;2026-01-17;610,14;UNKNOWN;UNKNOWN;YES
TRX-1047224;2026-03-20;0,0;Vendor_29;Netherlands;YES
TRX-1047230;2026-04-28;0,0;Vendor_36;Poland;YES
TRX-1047235;2026-08-31;1448,96;UNKNOWN;UNKNOWN;YES
TRX-1047237;2026-01-04;0,0;Vendor_43;Netherlands;YES
TRX-1047251;2026-05-24;1454,39;UNKNOWN;UNKNOWN;YES
TRX-1047252;2026-05-30;0,0;Vendor_45;Poland;YES
TRX-1047271;2026-02-21;0,0;Vendor_21;Germany;YES
TRX-1047282;2026-04-09;819,87;UNKNOWN;UNKNOWN;YES
TRX-1047292;2026-01-28;143,58;UNKNOWN;UNKNOWN;YES
TRX-1047296;;0,0;UNKNOWN;UNKNOWN;YES
TRX-1047303;2026-06-11;0,0;Vendor_9;China;YES
TRX-1047307;2026-02-01;1207,97;UNKNOWN;UNKNOWN;YES
TRX-1047308;2026-03-02;554,04;UNKNOWN;UNKNOWN;YES
TRX-1047314;2026-01-25;1076,6;UNKNOWN;UNKNOWN;YES
TRX-1047338;2026-03-19;0,0;Vendor_40;China;YES
TRX-1047341;2026-05-20;0,0;Vendor_28;Netherlands;YES
TRX-1047343;2026-03-23;0,0;UNKNOWN;UNKNOWN;YES
TRX-1047344;2026-07-20;910,48;UNKNOWN;UNKNOWN;YES
TRX-1047350;2026-07-26;0,0;Vendor_39;Poland;YES
TRX-1047364;2026-02-18;0,0;Vendor_3;Poland;YES
TRX-1047367;2026-01-20;141,05;UNKNOWN;UNKNOWN;YES
TRX-1047371;2026-04-28;0,0;Vendor_33;Poland;YES
TRX-1047372;2026-03-28;0,0;Vendor_10;China;YES
TRX-1047384;2026-03-03;0,0;Vendor_28;Netherlands;YES
TRX-1047391;2026-01-03;0,0;Vendor_19;Netherlands;YES
TRX-1047394;2026-03-07;0,0;Vendor_38;China;YES
TRX-1047395;2026-07-19;0,0;Vendor_28;Netherlands;YES
TRX-1047406;2026-06-26;904,95;UNKNOWN;UNKNOWN;YES
TRX-1047408;2026-03-20;0,0;Vendor_37;China;YES
TRX-1047437;2026-06-23;1077,47;UNKNOWN;UNKNOWN;YES
TRX-1047441;2026-05-20;0,0;Vendor_32;Germany;YES
TRX-1047469;;0,0;Vendor_16;Netherlands;YES
TRX-1047470;2026-05-07;103,8;UNKNOWN;UNKNOWN;YES
TRX-1047476;2026-03-06;0,0;Vendor_12;Netherlands;YES
TRX-1047483;2026-06-23;0,0;Vendor_25;China;YES
TRX-1047492;2026-04-05;0,0;Vendor_38;China;YES
TRX-1047510;2026-05-16;0,0;Vendor_12;Netherlands;YES
TRX-1047518;2026-07-11;1399,03;UNKNOWN;UNKNOWN;YES
TRX-1047519;2026-01-01;642,77;UNKNOWN;UNKNOWN;YES
TRX-1047528;2026-04-07;0,0;Vendor_24;Germany;YES
TRX-1047529;2026-06-06;0,0;Vendor_15;Germany;YES
TRX-1047530;2026-01-09;739,55;UNKNOWN;UNKNOWN;YES
TRX-1047535;2026-08-26;774,74;UNKNOWN;UNKNOWN;YES
TRX-1047538;2026-04-10;0,0;Vendor_18;China;YES
TRX-1047542;2026-07-10;0,0;Vendor_19;Netherlands;YES
TRX-1047555;2026-03-20;0,0;Vendor_14;China;YES
TRX-1047557;2026-04-14;0,0;Vendor_50;Poland;YES
TRX-1047561;2026-05-16;0,0;Vendor_43;Netherlands;YES
TRX-1047563;2026-01-28;0,0;Vendor_39;Poland;YES
TRX-1047580;2026-01-04;0,0;Vendor_49;Poland;YES
TRX-1047593;2026-02-25;412,77;UNKNOWN;UNKNOWN;YES
TRX-1047604;2026-08-12;0,0;Vendor_39;Poland;YES
TRX-1047615;2026-07-20;0,0;Vendor_37;China;YES
TRX-1047623;2026-04-19;0,0;Vendor_8;Germany;YES
TRX-1047627;2026-07-10;0,0;Vendor_10;China;YES
TRX-1047633;2026-07-28;354,31;UNKNOWN;UNKNOWN;YES
TRX-1047650;2026-07-19;0,0;Vendor_5;Poland;YES
TRX-1047677;2026-07-31;0,0;UNKNOWN;UNKNOWN;YES
TRX-1047678;2026-06-16;659,07;UNKNOWN;UNKNOWN;YES
TRX-1047691;2026-08-13;166,82;UNKNOWN;UNKNOWN;YES
TRX-1047705;2026-03-19;0,0;Vendor_23;Poland;YES
TRX-1047706;2026-07-19;497,58;UNKNOWN;UNKNOWN;YES
TRX-1047719;2026-08-03;1111,06;UNKNOWN;UNKNOWN;YES
TRX-1047732;2026-02-17;1190,64;UNKNOWN;UNKNOWN;YES
TRX-1047742;2026-08-25;0,0;Vendor_4;Netherlands;YES
TRX-1047753;2026-07-22;875,34;UNKNOWN;UNKNOWN;YES
TRX-1047760;2026-06-11;0,0;Vendor_44;Poland;YES
TRX-1047779;2026-03-10;15,92;UNKNOWN;UNKNOWN;YES
TRX-1047784;2026-03-25;0,0;Vendor_36;Poland;YES
TRX-1047788;2026-04-11;824,65;UNKNOWN;UNKNOWN;YES
TRX-1047790;;0,0;Vendor_22;Germany;YES
TRX-1047793;2026-08-20;0,0;Vendor_40;China;YES
TRX-1047794;2026-04-10;0,0;Vendor_3;Poland;YES
TRX-1047818;2026-05-20;0,0;UNKNOWN;UNKNOWN;YES
TRX-1047824;2026-05-29;0,0;Vendor_46;Poland;YES
TRX-1047825;2026-09-04;0,0;Vendor_31;Netherlands;YES
TRX-1047850;2026-01-24;0,0;Vendor_37;China;YES
TRX-1047860;2026-05-23;971,64;UNKNOWN;UNKNOWN;YES
TRX-1047868;2026-04-20;0,0;Vendor_20;Netherlands;YES
TRX-1047870;;628,09;UNKNOWN;UNKNOWN;YES
TRX-1047872;2026-06-21;0,0;Vendor_23;Poland;YES
TRX-1047877;2026-03-25;1300,25;UNKNOWN;UNKNOWN;YES
TRX-1047885;2026-05-21;0,0;Vendor_21;Germany;YES
TRX-1047891;2026-08-02;0,0;Vendor_18;China;YES
TRX-1047893;2026-08-03;0,0;Vendor_25;China;YES
TRX-1047905;2026-03-21;0,0;Vendor_30;Netherlands;YES
TRX-1047911;2026-01-12;0,0;Vendor_29;Netherlands;YES
TRX-1047920;2026-08-21;1007,68;UNKNOWN;UNKNOWN;YES
TRX-1047942;2026-06-17;0,0;Vendor_40;China;YES
TRX-1047945;2026-04-02;0,0;Vendor_35;Poland;YES
TRX-1047954;2026-03-02;0,0;Vendor_23;Poland;YES
TRX-1047961;2026-02-25;1413,87;UNKNOWN;UNKNOWN;YES
TRX-1047964;2026-03-08;0,0;Vendor_48;Netherlands;YES
TRX-1047980;2026-05-10;829,57;UNKNOWN;UNKNOWN;YES
TRX-1047982;2026-03-02;0,0;Vendor_41;Germany;YES
TRX-1047988;2026-05-29;657,79;UNKNOWN;UNKNOWN;YES
TRX-1048001;2026-09-07;0,0;Vendor_27;Poland;YES
TRX-1048002;2026-01-26;0,0;Vendor_16;Netherlands;YES
TRX-1048003;2026-02-14;1353,21;UNKNOWN;UNKNOWN;YES
TRX-1048019;2026-04-27;0,0;Vendor_7;China;YES
TRX-1048023;2026-08-04;232,69;UNKNOWN;UNKNOWN;YES
TRX-1048026;2026-03-19;0,0;Vendor_29;Netherlands;YES
TRX-1048027;2026-08-05;0,0;Vendor_33;Poland;YES
TRX-1048030;2026-03-18;647,37;UNKNOWN;UNKNOWN;YES
TRX-1048036;2026-05-21;1069,02;UNKNOWN;UNKNOWN;YES
TRX-1048047;2026-07-03;866,05;UNKNOWN;UNKNOWN;YES
TRX-1048050;2026-04-23;0,0;Vendor_32;Germany;YES
TRX-1048059;2026-02-28;0,0;Vendor_47;Netherlands;YES
TRX-1048061;2026-01-11;0,0;Vendor_36;Poland;YES
TRX-1048072;2026-02-27;0,0;Vendor_38;China;YES
TRX-1048073;2026-02-20;0,0;Vendor_15;Germany;YES
TRX-1048077;2026-02-22;0,0;Vendor_50;Poland;YES
TRX-1048081;2026-01-27;0,0;Vendor_46;Poland;YES
TRX-1048097;2026-08-27;0,0;Vendor_17;China;YES
TRX-1048112;2026-06-19;0,0;Vendor_15;Germany;YES
TRX-1048114;2026-09-03;1060,43;UNKNOWN;UNKNOWN;YES
TRX-1048121;2026-01-30;0,0;Vendor_26;Netherlands;YES
TRX-1048123;2026-08-26;0,0;Vendor_30;Netherlands;YES
TRX-1048139;2026-01-15;975,5;UNKNOWN;UNKNOWN;YES
TRX-1048144;2026-09-05;1337,51;UNKNOWN;UNKNOWN;YES
TRX-1048148;2026-08-24;684,34;UNKNOWN;UNKNOWN;YES
TRX-1048149;2026-07-20;0,0;Vendor_34;China;YES
TRX-1048151;2026-01-18;670,11;UNKNOWN;UNKNOWN;YES
TRX-1048152;2026-03-10;0,0;Vendor_45;Poland;YES
TRX-1048164;2026-08-09;0,0;Vendor_50;Poland;YES
TRX-1048167;2026-03-22;0,0;Vendor_35;Poland;YES
TRX-1048168;2026-03-23;0,0;Vendor_41;Germany;YES
TRX-1048187;2026-01-22;0,0;Vendor_43;Netherlands;YES
TRX-1048189;2026-06-05;0,0;Vendor_17;China;YES
TRX-1048204;2026-07-18;0,0;Vendor_50;Poland;YES
TRX-1048242;2026-04-25;0,0;Vendor_27;Poland;YES
TRX-1048244;2026-03-10;1236,14;UNKNOWN;UNKNOWN;YES
TRX-1048251;2026-03-25;0,0;Vendor_18;China;YES
TRX-1048253;2026-01-06;109,05;UNKNOWN;UNKNOWN;YES
TRX-1048258;2026-08-04;0,0;UNKNOWN;UNKNOWN;YES
TRX-1048262;2026-06-03;1347,95;UNKNOWN;UNKNOWN;YES
TRX-1048273;2026-03-04;0,0;Vendor_43;Netherlands;YES
TRX-1048278;2026-01-11;0,0;Vendor_18;China;YES
TRX-1048285;;473,3;UNKNOWN;UNKNOWN;YES
TRX-1048297;2026-07-17;0,0;Vendor_11;Germany;YES
TRX-1048307;2026-01-13;0,0;Vendor_29;Netherlands;YES
TRX-1048313;2026-03-19;0,0;Vendor_10;China;YES
TRX-1048315;2026-08-15;0,0;UNKNOWN;UNKNOWN;YES
TRX-1048335;2026-03-28;0,0;Vendor_4;Netherlands;YES
TRX-1048337;2026-01-26;0,0;UNKNOWN;UNKNOWN;YES
TRX-1048349;2026-06-30;0,0;Vendor_36;Poland;YES
TRX-1048353;2026-08-02;1188,39;UNKNOWN;UNKNOWN;YES
TRX-1048357;2026-08-24;198,97;UNKNOWN;UNKNOWN;YES
TRX-1048367;2026-04-03;0,0;Vendor_43;Netherlands;YES
TRX-1048373;2026-01-06;205,75;UNKNOWN;UNKNOWN;YES
TRX-1048379;2026-05-10;0,0;Vendor_5;Poland;YES
TRX-1048390;2026-02-17;0,0;Vendor_30;Netherlands;YES
TRX-1048395;2026-07-18;997,07;UNKNOWN;UNKNOWN;YES
TRX-1048399;2026-09-04;0,0;Vendor_44;Poland;YES
TRX-1048412;2026-04-23;0,0;Vendor_5;Poland;YES
TRX-1048418;2026-05-05;764,93;UNKNOWN;UNKNOWN;YES
TRX-1048429;2026-01-31;1430,9;UNKNOWN;UNKNOWN;YES
TRX-1048430;2026-04-09;0,0;Vendor_26;Netherlands;YES
TRX-1048431;;0,0;Vendor_32;Germany;YES
TRX-1048432;2026-02-10;0,0;Vendor_6;China;YES
TRX-1048436;2026-07-19;0,0;Vendor_36;Poland;YES
TRX-1048446;2026-05-17;857,49;UNKNOWN;UNKNOWN;YES
TRX-1048465;2026-09-07;0,0;UNKNOWN;UNKNOWN;YES
TRX-1048471;2026-04-11;0,0;Vendor_35;Poland;YES
TRX-1048472;2026-05-28;0,0;Vendor_23;Poland;YES
TRX-1048476;2026-01-28;516,19;UNKNOWN;UNKNOWN;YES
TRX-1048487;2026-04-29;10,82;UNKNOWN;UNKNOWN;YES
TRX-1048489;2026-07-17;257,19;UNKNOWN;UNKNOWN;YES
TRX-1048490;2026-05-17;0,0;Vendor_15;Germany;YES
TRX-1048501;2026-06-01;0,0;Vendor_24;Germany;YES
TRX-1048503;2026-05-18;951,21;UNKNOWN;UNKNOWN;YES
TRX-1048504;2026-08-20;0,0;Vendor_20;Netherlands;YES
TRX-1048514;2026-04-06;0,0;Vendor_30;Netherlands;YES
TRX-1048515;2026-08-24;0,0;Vendor_15;Germany;YES
TRX-1048525;2026-01-23;1499,18;UNKNOWN;UNKNOWN;YES
TRX-1048531;2026-01-30;0,0;UNKNOWN;UNKNOWN;YES
TRX-1048534;2026-08-20;314,14;UNKNOWN;UNKNOWN;YES
TRX-1048541;2026-01-04;0,0;Vendor_44;Poland;YES
TRX-1048547;2026-08-18;247,92;UNKNOWN;UNKNOWN;YES
TRX-1048550;2026-07-31;0,0;Vendor_36;Poland;YES
TRX-1048552;;1053,41;UNKNOWN;UNKNOWN;YES
TRX-1048561;2026-08-22;35,47;UNKNOWN;UNKNOWN;YES
TRX-1048566;2026-07-08;1336,5;UNKNOWN;UNKNOWN;YES
TRX-1048571;2026-06-17;0,0;Vendor_33;Poland;YES
TRX-1048580;2026-03-21;63,23;UNKNOWN;UNKNOWN;YES
TRX-1048590;2026-07-30;0,0;Vendor_9;China;YES
TRX-1048593;2026-04-11;0,0;Vendor_32;Germany;YES
TRX-1048594;2026-04-05;0,0;Vendor_50;Poland;YES
TRX-1048605;2026-01-23;0,0;Vendor_21;Germany;YES
TRX-1048612;2026-01-10;1270,9;UNKNOWN;UNKNOWN;YES
TRX-1048617;2026-04-16;0,0;Vendor_40;China;YES
TRX-1048625;2026-07-27;0,0;Vendor_48;Netherlands;YES
TRX-1048632;2026-03-05;0,0;Vendor_20;Netherlands;YES
TRX-1048644;2026-08-17;0,0;Vendor_5;Poland;YES
TRX-1048656;2026-03-29;0,0;Vendor_41;Germany;YES
TRX-1048658;2026-01-28;0,0;Vendor_16;Netherlands;YES
TRX-1048669;;0,0;Vendor_32;Germany;YES
TRX-1048672;2026-06-05;0,0;Vendor_33;Poland;YES
TRX-1048679;;0,0;Vendor_48;Netherlands;YES
TRX-1048684;2026-04-04;0,0;Vendor_15;Germany;YES
TRX-1048686;2026-08-04;0,0;Vendor_22;Germany;YES
TRX-1048688;2026-06-25;0,0;Vendor_33;Poland;YES
TRX-1048689;2026-05-11;0,0;Vendor_38;China;YES
TRX-1048692;2026-04-17;1463,61;UNKNOWN;UNKNOWN;YES
TRX-1048697;2026-08-04;0,0;Vendor_28;Netherlands;YES
TRX-1048703;2026-07-19;0,0;Vendor_13;Netherlands;YES
TRX-1048704;2026-06-19;182,47;UNKNOWN;UNKNOWN;YES
TRX-1048712;2026-05-30;1446,5;UNKNOWN;UNKNOWN;YES
TRX-1048723;2026-04-17;0,0;Vendor_14;China;YES
TRX-1048724;2026-04-24;0,0;Vendor_8;Germany;YES
TRX-1048726;2026-08-16;174,27;UNKNOWN;UNKNOWN;YES
TRX-1048735;2026-06-20;0,0;Vendor_10;China;YES
TRX-1048737;;1273,76;UNKNOWN;UNKNOWN;YES
TRX-1048738;2026-04-01;0,0;Vendor_2;China;YES
TRX-1048746;2026-04-22;0,0;Vendor_47;Netherlands;YES
TRX-1048748;2026-05-16;755,02;UNKNOWN;UNKNOWN;YES
TRX-1048750;2026-04-24;0,0;Vendor_47;Netherlands;YES
TRX-1048763;2026-08-13;0,0;Vendor_43;Netherlands;YES
TRX-1048771;2026-03-28;0,0;Vendor_18;China;YES
TRX-1048778;2026-06-10;797,39;UNKNOWN;UNKNOWN;YES
TRX-1048779;2026-02-08;0,0;Vendor_15;Germany;YES
TRX-1048782;2026-02-08;657,18;UNKNOWN;UNKNOWN;YES
TRX-1048794;2026-08-19;0,0;Vendor_15;Germany;YES
TRX-1048799;2026-03-11;325,93;UNKNOWN;UNKNOWN;YES
TRX-1048806;2026-04-21;0,0;Vendor_46;Poland;YES
TRX-1048815;2026-01-29;0,0;UNKNOWN;UNKNOWN;YES
TRX-1048820;2026-04-23;1135,28;UNKNOWN;UNKNOWN;YES
TRX-1048826;2026-03-18;29,77;UNKNOWN;UNKNOWN;YES
TRX-1048839;2026-04-09;742,39;UNKNOWN;UNKNOWN;YES
TRX-1048840;2026-06-08;0,0;Vendor_1;Germany;YES
TRX-1048842;2026-08-18;0,0;Vendor_14;China;YES
TRX-1048846;2026-07-25;1398,7;UNKNOWN;UNKNOWN;YES
TRX-1048860;;0,0;Vendor_35;Poland;YES
TRX-1048862;2026-02-24;0,0;Vendor_41;Germany;YES
TRX-1048875;2026-07-05;0,0;Vendor_45;Poland;YES
TRX-1048892;2026-06-24;0,0;Vendor_32;Germany;YES
TRX-1048894;2026-07-26;0,0;Vendor_29;Netherlands;YES
TRX-1048912;2026-06-25;0,0;Vendor_27;Poland;YES
TRX-1048917;2026-06-19;1229,33;UNKNOWN;UNKNOWN;YES
TRX-1048926;2026-04-19;0,0;Vendor_14;China;YES
TRX-1048936;2026-03-03;0,0;UNKNOWN;UNKNOWN;YES
TRX-1048938;2026-03-22;0,0;Vendor_45;Poland;YES
TRX-1048944;2026-06-20;37,88;UNKNOWN;UNKNOWN;YES
TRX-1048951;2026-01-21;656,61;UNKNOWN;UNKNOWN;YES
TRX-1048962;2026-04-25;0,0;Vendor_39;Poland;YES
TRX-1048977;2026-02-06;1106,34;UNKNOWN;UNKNOWN;YES
TRX-1048984;2026-06-30;0,0;Vendor_13;Netherlands;YES
TRX-1048987;2026-01-03;0,0;Vendor_43;Netherlands;YES
TRX-1048998;2026-02-01;0,0;Vendor_2;China;YES
TRX-1049010;2026-05-25;1458,84;UNKNOWN;UNKNOWN;YES
TRX-1049014;2026-08-31;0,0;Vendor_5;Poland;YES
TRX-1049018;;0,0;Vendor_5;Poland;YES
TRX-1049021;2026-03-18;0,0;Vendor_30;Netherlands;YES
TRX-1049030;2026-09-05;0,0;Vendor_4;Netherlands;YES
TRX-1049033;2026-07-22;0,0;Vendor_30;Netherlands;YES
TRX-1049036;2026-07-17;1218,55;UNKNOWN;UNKNOWN;YES
TRX-1049037;2026-04-05;754,51;UNKNOWN;UNKNOWN;YES
TRX-1049044;2026-02-11;0,0;Vendor_33;Poland;YES
TRX-1049059;2026-05-24;0,0;Vendor_32;Germany;YES
TRX-1049067;2026-06-24;0,0;Vendor_14;China;YES
TRX-1049079;2026-03-14;306,02;UNKNOWN;UNKNOWN;YES
TRX-1049085;2026-07-15;0,0;Vendor_28;Netherlands;YES
TRX-1049099;2026-03-31;0,0;Vendor_26;Netherlands;YES
TRX-1049113;2026-03-25;91,22;UNKNOWN;UNKNOWN;YES
TRX-1049115;2026-06-20;0,0;Vendor_13;Netherlands;YES
TRX-1049125;2026-03-19;0,0;Vendor_49;Poland;YES
TRX-1049131;2026-08-16;733,12;UNKNOWN;UNKNOWN;YES
TRX-1049135;2026-05-20;655,21;UNKNOWN;UNKNOWN;YES
TRX-1049139;2026-02-27;0,0;Vendor_35;Poland;YES
TRX-1049143;2026-07-04;0,0;Vendor_16;Netherlands;YES
TRX-1049147;2026-01-13;876,69;UNKNOWN;UNKNOWN;YES
TRX-1049148;2026-06-16;0,0;Vendor_21;Germany;YES
TRX-1049155;2026-02-17;0,0;Vendor_29;Netherlands;YES
TRX-1049180;2026-01-12;0,0;Vendor_12;Netherlands;YES
TRX-1049183;2026-04-23;535,41;UNKNOWN;UNKNOWN;YES
TRX-1049188;2026-01-05;0,0;Vendor_38;China;YES
TRX-1049190;2026-07-23;1290,91;UNKNOWN;UNKNOWN;YES
TRX-1049200;2026-02-17;0,0;Vendor_20;Netherlands;YES
TRX-1049206;2026-09-08;0,0;Vendor_20;Netherlands;YES
TRX-1049213;2026-03-26;0,0;Vendor_20;Netherlands;YES
TRX-1049214;2026-06-22;0,0;Vendor_1;Germany;YES
TRX-1049228;2026-02-18;985,74;UNKNOWN;UNKNOWN;YES
TRX-1049232;2026-05-10;222,89;UNKNOWN;UNKNOWN;YES
TRX-1049239;2026-02-23;369,92;UNKNOWN;UNKNOWN;YES
TRX-1049242;2026-02-22;0,0;UNKNOWN;UNKNOWN;YES
TRX-1049243;2026-05-29;0,0;Vendor_25;China;YES
TRX-1049250;2026-01-12;0,0;Vendor_35;Poland;YES
TRX-1049251;2026-01-02;668,08;UNKNOWN;UNKNOWN;YES
TRX-1049253;2026-01-07;135,51;UNKNOWN;UNKNOWN;YES
TRX-1049256;2026-08-26;1153,42;UNKNOWN;UNKNOWN;YES
TRX-1049264;2026-02-18;0,0;Vendor_49;Poland;YES
TRX-1049273;;0,0;Vendor_32;Germany;YES
TRX-1049277;2026-06-14;1169,51;UNKNOWN;UNKNOWN;YES
TRX-1049280;2026-03-26;0,0;Vendor_12;Netherlands;YES
TRX-1049290;2026-04-30;0,0;Vendor_38;China;YES
TRX-1049292;2026-02-09;0,0;Vendor_28;Netherlands;YES
TRX-1049293;2026-08-11;929,75;UNKNOWN;UNKNOWN;YES
TRX-1049313;2026-07-20;0,0;Vendor_22;Germany;YES
TRX-1049314;2026-06-14;0,0;Vendor_25;China;YES
TRX-1049325;2026-07-05;0,0;Vendor_27;Poland;YES
TRX-1049326;2026-09-06;490,72;UNKNOWN;UNKNOWN;YES
TRX-1049328;2026-06-12;0,0;Vendor_39;Poland;YES
TRX-1049340;2026-05-24;658,54;UNKNOWN;UNKNOWN;YES
TRX-1049345;2026-05-02;1117,39;UNKNOWN;UNKNOWN;YES
TRX-1049347;2026-05-20;509,85;UNKNOWN;UNKNOWN;YES
TRX-1049348;2026-04-28;0,0;Vendor_5;Poland;YES
TRX-1049349;2026-08-06;0,0;Vendor_8;Germany;YES
TRX-1049353;2026-04-09;724,62;UNKNOWN;UNKNOWN;YES
TRX-1049360;2026-04-11;0,0;Vendor_28;Netherlands;YES
TRX-1049368;2026-07-18;423,9;UNKNOWN;UNKNOWN;YES
TRX-1049370;2026-06-26;0,0;Vendor_34;China;YES
TRX-1049377;2026-01-09;0,0;Vendor_34;China;YES
TRX-1049378;2026-02-13;1442,47;UNKNOWN;UNKNOWN;YES
TRX-1049391;2026-02-14;0,0;UNKNOWN;UNKNOWN;YES
TRX-1049401;2026-02-26;0,0;Vendor_34;China;YES
TRX-1049407;2026-03-12;0,0;Vendor_38;China;YES
TRX-1049408;2026-03-29;0,0;Vendor_47;Netherlands;YES
TRX-1049415;2026-08-05;0,0;Vendor_10;China;YES
TRX-1049418;2026-09-06;0,0;Vendor_10;China;YES
TRX-1049419;2026-01-27;0,0;Vendor_2;China;YES
TRX-1049425;2026-04-02;0,0;Vendor_23;Poland;YES
TRX-1049428;2026-05-22;0,0;Vendor_35;Poland;YES
TRX-1049434;;0,0;UNKNOWN;UNKNOWN;YES
TRX-1049442;2026-01-07;522,41;UNKNOWN;UNKNOWN;YES
TRX-1049447;2026-08-21;0,0;Vendor_2;China;YES
TRX-1049453;2026-06-14;959,25;UNKNOWN;UNKNOWN;YES
TRX-1049464;2026-05-11;0,0;Vendor_14;China;YES
TRX-1049496;2026-06-07;905,75;UNKNOWN;UNKNOWN;YES
TRX-1049510;2026-05-06;0,0;Vendor_49;Poland;YES
TRX-1049511;2026-05-05;0,0;UNKNOWN;UNKNOWN;YES
TRX-1049516;2026-04-08;0,0;Vendor_45;Poland;YES
TRX-1049527;2026-02-28;749,89;UNKNOWN;UNKNOWN;YES
TRX-1049534;2026-05-28;0,0;Vendor_29;Netherlands;YES
TRX-1049549;2026-01-25;0,0;Vendor_4;Netherlands;YES
TRX-1049550;2026-08-13;0,0;Vendor_14;China;YES
TRX-1049552;2026-08-05;1468,57;UNKNOWN;UNKNOWN;YES
TRX-1049567;2026-05-01;0,0;Vendor_12;Netherlands;YES
TRX-1049571;2026-03-13;0,0;Vendor_34;China;YES
TRX-1049594;2026-05-12;0,0;Vendor_8;Germany;YES
TRX-1049606;2026-07-23;0,0;Vendor_13;Netherlands;YES
TRX-1049622;2026-04-08;0,0;Vendor_19;Netherlands;YES
TRX-1049632;;0,0;Vendor_18;China;YES
TRX-1049637;2026-08-29;0,0;Vendor_10;China;YES
TRX-1049650;2026-01-11;57,61;UNKNOWN;UNKNOWN;YES
TRX-1049653;2026-09-05;0,0;Vendor_41;Germany;YES
TRX-1049654;2026-08-29;0,0;Vendor_31;Netherlands;YES
TRX-1049658;2026-05-12;0,0;Vendor_10;China;YES
TRX-1049670;2026-03-09;0,0;Vendor_23;Poland;YES
TRX-1049674;;230,9;UNKNOWN;UNKNOWN;YES
TRX-1049680;2026-04-25;0,0;Vendor_35;Poland;YES
TRX-1049683;2026-05-01;0,0;Vendor_33;Poland;YES
TRX-1049686;2026-01-23;0,0;Vendor_50;Poland;YES
TRX-1049687;2026-01-01;311,05;UNKNOWN;UNKNOWN;YES
TRX-1049689;2026-03-16;0,0;Vendor_28;Netherlands;YES
TRX-1049706;2026-07-27;0,0;Vendor_16;Netherlands;YES
TRX-1049712;2026-02-27;1303,59;UNKNOWN;UNKNOWN;YES
TRX-1049713;2026-05-29;0,0;Vendor_33;Poland;YES
TRX-1049730;2026-04-06;0,0;Vendor_50;Poland;YES
TRX-1049748;2026-06-18;0,0;Vendor_31;Netherlands;YES
TRX-1049751;2026-04-15;0,0;Vendor_47;Netherlands;YES
TRX-1049759;2026-02-04;0,0;Vendor_8;Germany;YES
TRX-1049782;2026-05-21;1474,82;UNKNOWN;UNKNOWN;YES
TRX-1049796;2026-05-15;0,0;Vendor_14;China;YES
TRX-1049800;2026-07-21;0,0;Vendor_50;Poland;YES
TRX-1049811;2026-04-19;951,32;UNKNOWN;UNKNOWN;YES
TRX-1049820;2026-03-26;1370,98;UNKNOWN;UNKNOWN;YES
TRX-1049822;2026-08-15;238,3;UNKNOWN;UNKNOWN;YES
TRX-1049823;2026-07-10;743,52;UNKNOWN;UNKNOWN;YES
TRX-1049824;2026-06-30;0,0;Vendor_12;Netherlands;YES
TRX-1049835;2026-07-09;0,0;Vendor_7;China;YES
TRX-1049839;2026-07-11;362,29;UNKNOWN;UNKNOWN;YES
TRX-1049848;2026-06-07;0,0;Vendor_4;Netherlands;YES
TRX-1049856;2026-03-02;0,0;Vendor_20;Netherlands;YES
TRX-1049875;2026-05-18;0,0;Vendor_13;Netherlands;YES
TRX-1049877;2026-07-10;112,06;UNKNOWN;UNKNOWN;YES
TRX-1049879;2026-05-02;978,78;UNKNOWN;UNKNOWN;YES
TRX-1049906;2026-05-14;0,0;Vendor_7;China;YES
TRX-1049908;2026-01-26;0,0;Vendor_1;Germany;YES
TRX-1049913;2026-03-10;834,01;UNKNOWN;UNKNOWN;YES
TRX-1049919;2026-05-24;0,0;Vendor_1;Germany;YES
TRX-1049934;2026-01-31;0,0;Vendor_30;Netherlands;YES
TRX-1049938;2026-02-22;182,75;UNKNOWN;UNKNOWN;YES
TRX-1049943;2026-07-21;0,0;Vendor_47;Netherlands;YES
TRX-1049944;2026-06-03;0,0;Vendor_49;Poland;YES
TRX-1049947;2026-05-16;0,0;Vendor_25;China;YES
TRX-1049955;2026-03-09;290,43;UNKNOWN;UNKNOWN;YES
TRX-1049964;2026-08-19;0,0;Vendor_38;China;YES
TRX-1049967;2026-06-29;0,0;Vendor_34;China;YES
TRX-1049974;2026-09-03;656,92;UNKNOWN;UNKNOWN;YES
TRX-1049979;2026-06-09;257,19;UNKNOWN;UNKNOWN;YES
TRX-1049985;2026-06-06;0,0;Vendor_47;Netherlands;YES
TRX-1049986;2026-02-07;0,0;Vendor_48;Netherlands;YES
TRX-1049989;2026-07-28;0,0;UNKNOWN;UNKNOWN;YES
TRX-1050004;2026-05-16;0,0;Vendor_15;Germany;YES
TRX-1050005;2026-08-22;587,15;UNKNOWN;UNKNOWN;YES
TRX-1050007;2026-01-29;0,0;Vendor_33;Poland;YES
TRX-1050010;2026-06-28;564,61;UNKNOWN;UNKNOWN;YES
TRX-1050013;2026-09-01;0,0;Vendor_28;Netherlands;YES
TRX-1050014;2026-01-06;192,06;UNKNOWN;UNKNOWN;YES
TRX-1050040;2026-03-26;0,0;Vendor_30;Netherlands;YES
TRX-1050060;2026-02-15;0,0;Vendor_14;China;YES
TRX-1050063;2026-06-11;0,0;Vendor_33;Poland;YES
TRX-1050064;2026-05-30;0,0;Vendor_8;Germany;YES
TRX-1050074;2026-08-14;0,0;Vendor_40;China;YES
TRX-1050075;2026-08-14;0,0;Vendor_22;Germany;YES
TRX-1050076;2026-05-19;0,0;Vendor_26;Netherlands;YES
TRX-1050091;2026-06-09;0,0;Vendor_29;Netherlands;YES
TRX-1050100;2026-01-25;737,66;UNKNOWN;UNKNOWN;YES
TRX-1050101;2026-04-14;1312,67;UNKNOWN;UNKNOWN;YES
TRX-1050102;2026-01-20;0,0;Vendor_13;Netherlands;YES
TRX-1050113;2026-04-21;0,0;Vendor_39;Poland;YES
TRX-1050114;2026-08-24;0,0;Vendor_34;China;YES
TRX-1050115;2026-08-20;0,0;Vendor_31;Netherlands;YES
TRX-1050116;2026-07-07;853,37;UNKNOWN;UNKNOWN;YES
TRX-1050126;2026-03-16;1354,3;UNKNOWN;UNKNOWN;YES
TRX-1050133;2026-09-07;0,0;Vendor_12;Netherlands;YES
TRX-1050135;2026-09-08;1008,17;UNKNOWN;UNKNOWN;YES
TRX-1050137;2026-01-04;0,0;Vendor_39;Poland;YES
TRX-1050140;2026-01-11;0,0;Vendor_9;China;YES
TRX-1050147;2026-01-09;794,34;UNKNOWN;UNKNOWN;YES
TRX-1050154;2026-05-24;0,0;Vendor_22;Germany;YES
TRX-1050165;2026-03-19;590,47;UNKNOWN;UNKNOWN;YES
TRX-1050169;2026-03-23;0,0;Vendor_31;Netherlands;YES
TRX-1050173;;0,0;Vendor_2;China;YES
TRX-1050184;2026-02-13;0,0;Vendor_13;Netherlands;YES
TRX-1050189;2026-06-21;0,0;Vendor_48;Netherlands;YES
TRX-1050193;2026-04-25;0,0;Vendor_23;Poland;YES
TRX-1050195;2026-01-26;0,0;Vendor_1;Germany;YES
TRX-1050197;2026-01-15;0,0;Vendor_31;Netherlands;YES
TRX-1050210;2026-02-13;1351,86;UNKNOWN;UNKNOWN;YES
TRX-1050217;2026-06-03;0,0;UNKNOWN;UNKNOWN;YES
TRX-1050222;2026-05-16;0,0;Vendor_45;Poland;YES
TRX-1050234;;0,0;Vendor_46;Poland;YES
TRX-1050236;2026-03-29;1339,4;UNKNOWN;UNKNOWN;YES
TRX-1050244;2026-05-03;0,0;Vendor_15;Germany;YES
TRX-1050250;2026-08-14;0,0;Vendor_14;China;YES
TRX-1050251;2026-01-16;0,0;Vendor_25;China;YES
TRX-1050252;2026-01-26;1372,68;UNKNOWN;UNKNOWN;YES
TRX-1050275;2026-04-11;0,0;Vendor_24;Germany;YES
TRX-1050277;2026-06-09;488,19;UNKNOWN;UNKNOWN;YES
TRX-1050284;2026-02-21;1047,09;UNKNOWN;UNKNOWN;YES
TRX-1050289;2026-07-09;762,62;UNKNOWN;UNKNOWN;YES
TRX-1050290;2026-01-29;783,34;UNKNOWN;UNKNOWN;YES
TRX-1050292;2026-05-22;0,0;Vendor_29;Netherlands;YES
TRX-1050298;2026-02-19;0,0;Vendor_17;China;YES
TRX-1050300;;0,0;Vendor_33;Poland;YES
TRX-1050306;2026-07-07;0,0;Vendor_9;China;YES
TRX-1050307;2026-03-05;0,0;Vendor_24;Germany;YES
TRX-1050308;2026-02-10;0,0;Vendor_9;China;YES
TRX-1050323;;0,0;Vendor_43;Netherlands;YES
TRX-1050325;2026-09-07;0,0;Vendor_16;Netherlands;YES
TRX-1050340;2026-07-27;0,0;Vendor_2;China;YES
TRX-1050350;2026-06-23;0,0;Vendor_15;Germany;YES
TRX-1050351;2026-06-20;0,0;UNKNOWN;UNKNOWN;YES
TRX-1050355;2026-03-03;0,0;Vendor_29;Netherlands;YES
TRX-1050358;2026-02-20;0,0;Vendor_15;Germany;YES
TRX-1050359;2026-08-11;0,0;Vendor_1;Germany;YES
TRX-1050361;;828,34;UNKNOWN;UNKNOWN;YES
TRX-1050367;2026-05-03;0,0;Vendor_47;Netherlands;YES
TRX-1050369;2026-07-17;325,22;UNKNOWN;UNKNOWN;YES
TRX-1050379;2026-05-04;1135,63;UNKNOWN;UNKNOWN;YES
TRX-1050385;2026-03-12;0,0;Vendor_48;Netherlands;YES
TRX-1050387;2026-09-03;0,0;Vendor_41;Germany;YES
TRX-1050400;2026-04-06;0,0;Vendor_10;China;YES
TRX-1050405;2026-08-02;384,96;UNKNOWN;UNKNOWN;YES
TRX-1050406;2026-03-19;0,0;Vendor_22;Germany;YES
TRX-1050412;;816,19;UNKNOWN;UNKNOWN;YES
TRX-1050413;2026-07-13;0,0;Vendor_5;Poland;YES
TRX-1050418;2026-08-17;0,0;Vendor_27;Poland;YES
TRX-1050423;2026-07-08;0,0;Vendor_35;Poland;YES
TRX-1050438;2026-02-26;0,0;Vendor_41;Germany;YES
TRX-1050448;2026-07-02;0,0;Vendor_47;Netherlands;YES
TRX-1050465;2026-06-04;564,62;UNKNOWN;UNKNOWN;YES
TRX-1050477;2026-03-07;0,0;Vendor_25;China;YES
TRX-1050485;2026-01-12;0,0;Vendor_15;Germany;YES
TRX-1050490;2026-09-08;0,0;Vendor_29;Netherlands;YES
TRX-1050492;2026-05-07;0,0;Vendor_42;Germany;YES
TRX-1050497;2026-02-28;0,0;Vendor_25;China;YES
TRX-1050498;2026-05-20;377,76;UNKNOWN;UNKNOWN;YES
TRX-1050502;2026-02-18;0,0;UNKNOWN;UNKNOWN;YES
TRX-1050513;2026-06-20;0,0;Vendor_7;China;YES
TRX-1050514;2026-03-23;822,17;UNKNOWN;UNKNOWN;YES
TRX-1050523;2026-05-04;0,0;Vendor_47;Netherlands;YES
TRX-1050528;2026-04-17;307,07;UNKNOWN;UNKNOWN;YES
TRX-1050537;;0,0;Vendor_6;China;YES
TRX-1050545;2026-04-03;356,71;UNKNOWN;UNKNOWN;YES
TRX-1050559;2026-04-20;0,0;Vendor_29;Netherlands;YES
TRX-1050562;2026-05-04;0,0;Vendor_16;Netherlands;YES
TRX-1050563;2026-03-30;0,0;Vendor_27;Poland;YES
TRX-1050566;2026-08-19;0,0;Vendor_23;Poland;YES
TRX-1050597;2026-04-26;577,63;UNKNOWN;UNKNOWN;YES
TRX-1050609;2026-08-23;0,0;Vendor_12;Netherlands;YES
TRX-1050612;2026-08-14;0,0;Vendor_3;Poland;YES
TRX-1050619;2026-09-06;845,96;UNKNOWN;UNKNOWN;YES
TRX-1050622;2026-03-15;593,37;UNKNOWN;UNKNOWN;YES
TRX-1050626;2026-07-17;593,32;UNKNOWN;UNKNOWN;YES
TRX-1050633;2026-08-23;0,0;Vendor_5;Poland;YES
TRX-1050635;2026-08-11;0,0;Vendor_7;China;YES
TRX-1050646;2026-07-25;0,0;Vendor_40;China;YES
TRX-1050649;2026-09-02;0,0;Vendor_40;China;YES
TRX-1050651;2026-08-09;0,0;Vendor_16;Netherlands;YES
TRX-1050653;2026-03-01;0,0;UNKNOWN;UNKNOWN;YES
TRX-1050661;2026-03-30;0,0;Vendor_1;Germany;YES
TRX-1050671;2026-04-10;0,0;Vendor_3;Poland;YES
TRX-1050680;2026-08-10;0,0;Vendor_34;China;YES
TRX-1050688;2026-04-13;1377,69;UNKNOWN;UNKNOWN;YES
TRX-1050695;2026-04-25;0,0;Vendor_27;Poland;YES
TRX-1050698;2026-08-28;300,92;UNKNOWN;UNKNOWN;YES
TRX-1050701;2026-08-26;0,0;Vendor_30;Netherlands;YES
TRX-1050744;2026-04-17;0,0;Vendor_26;Netherlands;YES
TRX-1050755;2026-04-07;0,0;Vendor_33;Poland;YES
TRX-1050760;2026-02-17;0,0;Vendor_49;Poland;YES
TRX-1050762;2026-02-08;0,0;Vendor_21;Germany;YES
TRX-1050763;2026-06-21;0,0;Vendor_26;Netherlands;YES
TRX-1050773;2026-03-10;0,0;Vendor_36;Poland;YES
TRX-1050782;2026-06-06;0,0;Vendor_24;Germany;YES
TRX-1050792;2026-09-07;1470,95;UNKNOWN;UNKNOWN;YES
TRX-1050804;2026-05-05;0,0;Vendor_22;Germany;YES
TRX-1050807;2026-03-02;0,0;Vendor_6;China;YES
TRX-1050811;2026-05-23;1398,12;UNKNOWN;UNKNOWN;YES
TRX-1050813;2026-06-19;640,13;UNKNOWN;UNKNOWN;YES
TRX-1050822;2026-06-29;0,0;UNKNOWN;UNKNOWN;YES
TRX-1050854;2026-02-03;0,0;Vendor_36;Poland;YES
TRX-1050864;2026-06-21;0,0;Vendor_22;Germany;YES
TRX-1050869;;0,0;Vendor_14;China;YES
TRX-1050871;2026-06-14;0,0;Vendor_13;Netherlands;YES
TRX-1050880;2026-06-04;1193,4;UNKNOWN;UNKNOWN;YES
TRX-1050891;2026-09-05;958,29;UNKNOWN;UNKNOWN;YES
TRX-1050900;2026-08-18;0,0;Vendor_13;Netherlands;YES
TRX-1050907;2026-05-08;0,0;Vendor_17;China;YES
TRX-1050932;2026-07-12;701,75;UNKNOWN;UNKNOWN;YES
TRX-1050934;2026-04-29;0,0;Vendor_47;Netherlands;YES
TRX-1050936;2026-08-01;0,0;Vendor_23;Poland;YES
TRX-1050942;2026-05-03;0,0;Vendor_14;China;YES
TRX-1050949;2026-06-13;0,0;Vendor_17;China;YES
TRX-1050954;2026-08-04;0,0;Vendor_27;Poland;YES
TRX-1050955;2026-08-29;1357,2;UNKNOWN;UNKNOWN;YES
TRX-1050968;2026-02-07;0,0;Vendor_11;Germany;YES
TRX-1050973;2026-07-20;0,0;Vendor_35;Poland;YES
TRX-1050980;2026-02-19;0,0;Vendor_48;Netherlands;YES
TRX-1050981;2026-08-16;333,61;UNKNOWN;UNKNOWN;YES
TRX-1050984;2026-07-27;0,0;Vendor_43;Netherlands;YES
TRX-1051001;2026-02-11;75,41;UNKNOWN;UNKNOWN;YES
TRX-1051022;2026-02-19;319,74;UNKNOWN;UNKNOWN;YES
TRX-1051024;2026-04-02;1028,72;UNKNOWN;UNKNOWN;YES
TRX-1051026;2026-04-01;0,0;Vendor_1;Germany;YES
TRX-1051036;2026-04-14;1312,4;UNKNOWN;UNKNOWN;YES
TRX-1051048;2026-06-11;0,0;Vendor_39;Poland;YES
TRX-1051055;2026-06-30;128,57;UNKNOWN;UNKNOWN;YES
TRX-1051057;2026-05-11;321,58;UNKNOWN;UNKNOWN;YES
TRX-1051067;2026-05-17;577,19;UNKNOWN;UNKNOWN;YES
TRX-1051072;2026-08-10;0,0;Vendor_35;Poland;YES
TRX-1051079;2026-03-27;0,0;Vendor_24;Germany;YES
TRX-1051080;2026-06-13;0,0;Vendor_44;Poland;YES
TRX-1051086;2026-03-12;1229,58;UNKNOWN;UNKNOWN;YES
TRX-1051090;2026-09-06;50,37;UNKNOWN;UNKNOWN;YES
TRX-1051093;;0,0;Vendor_18;China;YES
TRX-1051094;2026-08-06;129,71;UNKNOWN;UNKNOWN;YES
TRX-1051110;2026-05-30;0,0;Vendor_6;China;YES
TRX-1051116;2026-06-28;0,0;Vendor_18;China;YES
TRX-1051127;2026-02-22;1215,75;UNKNOWN;UNKNOWN;YES
TRX-1051128;2026-08-02;522,01;UNKNOWN;UNKNOWN;YES
TRX-1051130;;0,0;Vendor_10;China;YES
TRX-1051139;2026-07-25;0,0;Vendor_33;Poland;YES
TRX-1051141;2026-04-10;1136,73;UNKNOWN;UNKNOWN;YES
TRX-1051143;2026-08-02;0,0;Vendor_17;China;YES
TRX-1051148;2026-01-16;755,66;UNKNOWN;UNKNOWN;YES
TRX-1051159;2026-07-26;1122,78;UNKNOWN;UNKNOWN;YES
TRX-1051164;2026-06-30;0,0;Vendor_41;Germany;YES
TRX-1051181;2026-07-13;0,0;Vendor_9;China;YES
TRX-1051195;2026-09-08;749,12;UNKNOWN;UNKNOWN;YES
TRX-1051217;2026-06-20;0,0;Vendor_37;China;YES
TRX-1051218;2026-02-18;109,98;UNKNOWN;UNKNOWN;YES
TRX-1051219;2026-04-14;0,0;Vendor_20;Netherlands;YES
TRX-1051228;2026-01-03;0,0;Vendor_42;Germany;YES
TRX-1051235;2026-08-14;0,0;Vendor_6;China;YES
TRX-1051250;2026-08-21;0,0;Vendor_13;Netherlands;YES
TRX-1051252;2026-03-02;0,0;Vendor_37;China;YES
TRX-1051258;2026-09-07;933,0;UNKNOWN;UNKNOWN;YES
TRX-1051269;2026-09-01;246,52;UNKNOWN;UNKNOWN;YES
TRX-1051278;2026-02-06;0,0;Vendor_50;Poland;YES
TRX-1051281;2026-07-17;0,0;Vendor_47;Netherlands;YES
TRX-1051298;2026-08-26;0,0;Vendor_14;China;YES
TRX-1051307;2026-07-06;896,74;UNKNOWN;UNKNOWN;YES
TRX-1051310;2026-06-16;0,0;Vendor_43;Netherlands;YES
TRX-1051327;2026-08-20;0,0;Vendor_8;Germany;YES
TRX-1051347;;0,0;Vendor_31;Netherlands;YES
TRX-1051353;2026-03-28;0,0;UNKNOWN;UNKNOWN;YES
TRX-1051356;2026-03-30;0,0;Vendor_30;Netherlands;YES
TRX-1051369;2026-03-19;0,0;Vendor_50;Poland;YES
TRX-1051372;2026-01-04;0,0;Vendor_5;Poland;YES
TRX-1051373;2026-01-23;0,0;Vendor_37;China;YES
TRX-1051375;2026-05-28;0,0;Vendor_18;China;YES
TRX-1051387;2026-02-09;122,08;UNKNOWN;UNKNOWN;YES
TRX-1051395;2026-02-07;735,4;UNKNOWN;UNKNOWN;YES
TRX-1051409;2026-04-07;0,0;Vendor_44;Poland;YES
TRX-1051412;2026-05-06;0,0;Vendor_46;Poland;YES
TRX-1051421;2026-03-03;0,0;Vendor_44;Poland;YES
TRX-1051429;2026-02-25;0,0;Vendor_9;China;YES
TRX-1051433;2026-08-12;0,0;Vendor_1;Germany;YES
TRX-1051437;2026-08-24;907,78;UNKNOWN;UNKNOWN;YES
TRX-1051440;2026-03-07;0,0;Vendor_21;Germany;YES
TRX-1051441;2026-03-20;0,0;Vendor_38;China;YES
TRX-1051442;2026-01-17;0,0;Vendor_40;China;YES
TRX-1051443;;651,53;UNKNOWN;UNKNOWN;YES
TRX-1051448;2026-01-31;0,0;Vendor_25;China;YES
TRX-1051456;2026-02-17;474,75;UNKNOWN;UNKNOWN;YES
TRX-1051463;2026-02-19;0,0;Vendor_39;Poland;YES
TRX-1051471;2026-04-07;1332,52;UNKNOWN;UNKNOWN;YES
TRX-1051475;2026-01-26;0,0;UNKNOWN;UNKNOWN;YES
TRX-1051477;2026-03-03;0,0;Vendor_32;Germany;YES
TRX-1051486;2026-03-05;164,38;UNKNOWN;UNKNOWN;YES
TRX-1051488;2026-06-10;0,0;Vendor_6;China;YES
TRX-1051489;2026-04-17;1429,57;UNKNOWN;UNKNOWN;YES
TRX-1051496;2026-05-05;0,0;UNKNOWN;UNKNOWN;YES
TRX-1051497;2026-02-13;0,0;Vendor_15;Germany;YES
TRX-1051503;2026-07-30;0,0;Vendor_19;Netherlands;YES
TRX-1051507;2026-06-28;360,28;UNKNOWN;UNKNOWN;YES
TRX-1051524;2026-04-19;0,0;Vendor_48;Netherlands;YES
TRX-1051525;2026-02-03;0,0;Vendor_16;Netherlands;YES
TRX-1051529;2026-01-18;259,09;UNKNOWN;UNKNOWN;YES
TRX-1051532;2026-08-04;515,31;UNKNOWN;UNKNOWN;YES
TRX-1051550;2026-08-27;0,0;Vendor_6;China;YES
TRX-1051558;2026-02-06;0,0;Vendor_13;Netherlands;YES
TRX-1051575;;0,0;Vendor_36;Poland;YES
TRX-1051576;2026-03-27;0,0;Vendor_19;Netherlands;YES
TRX-1051577;2026-08-29;0,0;Vendor_18;China;YES
TRX-1051583;2026-02-11;0,0;UNKNOWN;UNKNOWN;YES
TRX-1051585;2026-04-06;0,0;Vendor_3;Poland;YES
TRX-1051590;2026-06-30;0,0;Vendor_23;Poland;YES
TRX-1051591;2026-06-16;0,0;Vendor_48;Netherlands;YES
TRX-1051592;2026-05-07;0,0;Vendor_18;China;YES
TRX-1051594;2026-06-29;0,0;Vendor_10;China;YES
TRX-1051598;2026-01-14;1124,6;UNKNOWN;UNKNOWN;YES
TRX-1051601;2026-07-15;0,0;Vendor_36;Poland;YES
TRX-1051603;2026-08-04;0,0;Vendor_31;Netherlands;YES
TRX-1051604;2026-04-20;0,0;Vendor_3;Poland;YES
TRX-1051615;2026-07-08;0,0;Vendor_46;Poland;YES
TRX-1051618;2026-02-11;0,0;Vendor_7;China;YES
TRX-1051621;2026-05-09;0,0;Vendor_17;China;YES
TRX-1051632;2026-06-11;45,19;UNKNOWN;UNKNOWN;YES
TRX-1051639;2026-09-02;0,0;Vendor_24;Germany;YES
TRX-1051643;2026-08-17;0,0;Vendor_31;Netherlands;YES
TRX-1051644;2026-04-02;0,0;Vendor_2;China;YES
TRX-1051666;2026-03-07;775,64;UNKNOWN;UNKNOWN;YES
TRX-1051672;2026-04-08;0,0;Vendor_33;Poland;YES
TRX-1051674;2026-07-07;0,0;UNKNOWN;UNKNOWN;YES
TRX-1051681;2026-02-13;0,0;Vendor_33;Poland;YES
TRX-1051685;2026-09-05;1021,77;UNKNOWN;UNKNOWN;YES
TRX-1051686;2026-05-15;1393,94;UNKNOWN;UNKNOWN;YES
TRX-1051692;;0,0;Vendor_38;China;YES
TRX-1051698;2026-08-30;0,0;Vendor_12;Netherlands;YES
TRX-1051700;2026-03-20;0,0;Vendor_37;China;YES
TRX-1051704;2026-05-30;0,0;Vendor_30;Netherlands;YES
TRX-1051717;2026-04-26;0,0;Vendor_22;Germany;YES
TRX-1051724;2026-04-02;0,0;Vendor_32;Germany;YES
TRX-1051736;2026-02-14;476,0;UNKNOWN;UNKNOWN;YES
TRX-1051739;2026-08-29;0,0;Vendor_32;Germany;YES
TRX-1051741;2026-05-16;0,0;Vendor_25;China;YES
TRX-1051748;2026-05-19;0,0;Vendor_38;China;YES
TRX-1051753;2026-08-03;101,58;UNKNOWN;UNKNOWN;YES
TRX-1051761;2026-07-18;798,19;UNKNOWN;UNKNOWN;YES
TRX-1051763;2026-07-20;956,94;UNKNOWN;UNKNOWN;YES
TRX-1051768;;0,0;Vendor_14;China;YES
TRX-1051770;2026-04-04;227,96;UNKNOWN;UNKNOWN;YES
TRX-1051771;2026-08-25;0,0;Vendor_17;China;YES
TRX-1051782;2026-01-07;0,0;Vendor_9;China;YES
TRX-1051789;2026-01-06;0,0;Vendor_34;China;YES
TRX-1051793;2026-06-29;0,0;Vendor_36;Poland;YES
TRX-1051799;2026-07-10;1060,09;UNKNOWN;UNKNOWN;YES
TRX-1051800;2026-03-17;0,0;Vendor_40;China;YES
TRX-1051809;2026-06-18;0,0;Vendor_37;China;YES
TRX-1051818;;0,0;Vendor_25;China;YES
TRX-1051829;2026-06-04;0,0;Vendor_3;Poland;YES
TRX-1051831;2026-01-02;0,0;Vendor_10;China;YES
TRX-1051835;;0,0;Vendor_38;China;YES
TRX-1051837;2026-01-11;0,0;Vendor_3;Poland;YES
TRX-1051843;2026-06-25;122,48;UNKNOWN;UNKNOWN;YES
TRX-1051846;2026-03-02;0,0;Vendor_2;China;YES
TRX-1051847;2026-06-19;931,44;UNKNOWN;UNKNOWN;YES
TRX-1051852;2026-04-10;0,0;Vendor_48;Netherlands;YES
TRX-1051854;2026-06-19;721,48;UNKNOWN;UNKNOWN;YES
TRX-1051860;2026-05-01;0,0;Vendor_43;Netherlands;YES
TRX-1051864;2026-03-10;0,0;Vendor_31;Netherlands;YES
TRX-1051878;2026-01-28;0,0;Vendor_34;China;YES
TRX-1051888;2026-07-06;0,0;Vendor_3;Poland;YES
TRX-1051896;2026-07-25;0,0;Vendor_40;China;YES
TRX-1051897;2026-02-16;0,0;Vendor_33;Poland;YES
TRX-1051906;2026-05-01;0,0;Vendor_8;Germany;YES
TRX-1051917;2026-07-23;0,0;Vendor_37;China;YES
TRX-1051939;2026-04-01;0,0;Vendor_14;China;YES
TRX-1051947;2026-06-28;0,0;Vendor_38;China;YES
TRX-1051950;2026-08-09;0,0;Vendor_37;China;YES
TRX-1051962;2026-04-25;0,0;Vendor_6;China;YES
TRX-1051966;2026-01-01;0,0;Vendor_36;Poland;YES
TRX-1051972;2026-04-09;480,12;UNKNOWN;UNKNOWN;YES
TRX-1051980;2026-03-09;32,44;UNKNOWN;UNKNOWN;YES
TRX-1051982;2026-03-12;984,43;UNKNOWN;UNKNOWN;YES
TRX-1052000;2026-07-18;0,0;Vendor_7;China;YES
TRX-1052001;;0,0;Vendor_18;China;YES
TRX-1052003;2026-01-05;1131,41;UNKNOWN;UNKNOWN;YES
TRX-1052007;2026-01-05;0,0;Vendor_32;Germany;YES
TRX-1052015;2026-08-15;0,0;Vendor_18;China;YES
TRX-1052017;2026-06-05;0,0;Vendor_41;Germany;YES
TRX-1052022;2026-01-22;0,0;Vendor_24;Germany;YES
TRX-1052043;;0,0;Vendor_36;Poland;YES
TRX-1052052;2026-08-08;0,0;Vendor_45;Poland;YES
TRX-1052062;2026-04-12;0,0;Vendor_40;China;YES
TRX-1052066;2026-01-07;0,0;Vendor_20;Netherlands;YES
TRX-1052078;2026-07-24;832,66;UNKNOWN;UNKNOWN;YES
TRX-1052085;2026-05-13;0,0;Vendor_15;Germany;YES
TRX-1052105;2026-09-03;0,0;Vendor_47;Netherlands;YES
TRX-1052106;2026-07-28;0,0;Vendor_9;China;YES
TRX-1052110;2026-03-21;1471,25;UNKNOWN;UNKNOWN;YES
TRX-1052114;2026-07-26;0,0;Vendor_20;Netherlands;YES
TRX-1052117;2026-01-28;0,0;Vendor_7;China;YES
TRX-1052124;2026-04-25;0,0;UNKNOWN;UNKNOWN;YES
TRX-1052129;2026-06-01;0,0;Vendor_26;Netherlands;YES
TRX-1052134;2026-04-18;1314,02;UNKNOWN;UNKNOWN;YES
TRX-1052144;2026-06-13;0,0;Vendor_43;Netherlands;YES
TRX-1052148;2026-06-13;154,51;UNKNOWN;UNKNOWN;YES
TRX-1052168;2026-06-30;0,0;Vendor_4;Netherlands;YES
TRX-1052170;2026-01-22;0,0;Vendor_36;Poland;YES
TRX-1052175;2026-05-14;0,0;Vendor_11;Germany;YES
TRX-1052179;2026-06-01;1403,82;UNKNOWN;UNKNOWN;YES
TRX-1052182;2026-01-14;327,2;UNKNOWN;UNKNOWN;YES
TRX-1052184;2026-02-20;203,69;UNKNOWN;UNKNOWN;YES
TRX-1052194;2026-03-27;0,0;Vendor_46;Poland;YES
TRX-1052199;2026-01-15;0,0;Vendor_45;Poland;YES
TRX-1052200;2026-01-19;0,0;Vendor_24;Germany;YES
TRX-1052215;2026-07-15;0,0;Vendor_10;China;YES
TRX-1052230;2026-06-01;1271,75;UNKNOWN;UNKNOWN;YES
TRX-1052239;2026-06-15;1319,42;UNKNOWN;UNKNOWN;YES
TRX-1052240;2026-08-05;0,0;Vendor_50;Poland;YES
TRX-1052246;2026-06-06;0,0;Vendor_36;Poland;YES
TRX-1052254;2026-05-26;0,0;Vendor_12;Netherlands;YES
TRX-1052259;2026-04-19;0,0;Vendor_22;Germany;YES
TRX-1052271;2026-03-30;0,0;Vendor_3;Poland;YES
TRX-1052272;2026-08-18;0,0;Vendor_46;Poland;YES
TRX-1052275;2026-01-06;0,0;Vendor_4;Netherlands;YES
TRX-1052286;2026-02-05;40,51;UNKNOWN;UNKNOWN;YES
TRX-1052287;2026-04-29;0,0;UNKNOWN;UNKNOWN;YES
TRX-1052289;2026-05-06;0,0;Vendor_17;China;YES
TRX-1052291;2026-06-08;1389,79;UNKNOWN;UNKNOWN;YES
TRX-1052293;2026-01-02;0,0;Vendor_31;Netherlands;YES
TRX-1052297;2026-07-06;0,0;Vendor_18;China;YES
TRX-1052300;2026-04-25;0,0;Vendor_6;China;YES
TRX-1052309;2026-07-01;0,0;Vendor_18;China;YES
TRX-1052310;;0,0;Vendor_25;China;YES
TRX-1052315;;0,0;Vendor_45;Poland;YES
TRX-1052323;2026-09-07;828,12;UNKNOWN;UNKNOWN;YES
TRX-1052330;2026-02-25;0,0;Vendor_9;China;YES
TRX-1052351;2026-02-24;121,3;UNKNOWN;UNKNOWN;YES
TRX-1052361;2026-04-24;0,0;Vendor_20;Netherlands;YES
TRX-1052367;2026-08-21;608,25;UNKNOWN;UNKNOWN;YES
TRX-1052375;2026-06-12;0,0;Vendor_7;China;YES
TRX-1052376;2026-08-01;0,0;Vendor_18;China;YES
TRX-1052384;2026-07-16;717,0;UNKNOWN;UNKNOWN;YES
TRX-1052386;2026-03-01;0,0;Vendor_37;China;YES
TRX-1052388;2026-01-19;503,4;UNKNOWN;UNKNOWN;YES
TRX-1052389;2026-06-04;590,59;UNKNOWN;UNKNOWN;YES
TRX-1052397;;0,0;Vendor_39;Poland;YES
TRX-1052398;2026-07-09;0,0;Vendor_29;Netherlands;YES
TRX-1052414;2026-03-26;0,0;Vendor_30;Netherlands;YES
TRX-1052416;2026-02-28;0,0;Vendor_5;Poland;YES
TRX-1052441;2026-03-06;0,0;Vendor_9;China;YES
TRX-1052447;2026-01-11;0,0;Vendor_47;Netherlands;YES
TRX-1052449;2026-07-26;0,0;Vendor_43;Netherlands;YES
TRX-1052459;2026-07-19;144,82;UNKNOWN;UNKNOWN;YES
TRX-1052466;2026-08-21;0,0;Vendor_19;Netherlands;YES
TRX-1052469;2026-01-10;0,0;Vendor_10;China;YES
TRX-1052472;2026-01-07;0,0;Vendor_30;Netherlands;YES
TRX-1052482;2026-08-27;0,0;Vendor_38;China;YES
TRX-1052484;2026-02-05;0,0;Vendor_30;Netherlands;YES
TRX-1052490;2026-01-30;0,0;Vendor_24;Germany;YES
TRX-1052492;2026-04-27;0,0;Vendor_37;China;YES
TRX-1052496;2026-08-27;0,0;Vendor_25;China;YES
TRX-1052505;2026-01-16;0,0;Vendor_20;Netherlands;YES
TRX-1052509;2026-01-29;0,0;Vendor_35;Poland;YES
TRX-1052513;;0,0;Vendor_46;Poland;YES
TRX-1052523;2026-07-22;0,0;Vendor_6;China;YES
TRX-1052526;2026-08-22;1322,72;UNKNOWN;UNKNOWN;YES
TRX-1052533;2026-07-21;0,0;Vendor_37;China;YES
TRX-1052535;2026-05-26;0,0;Vendor_4;Netherlands;YES
TRX-1052537;2026-01-08;1331,53;UNKNOWN;UNKNOWN;YES
TRX-1052543;2026-06-07;29,89;UNKNOWN;UNKNOWN;YES
TRX-1052545;2026-03-02;0,0;Vendor_48;Netherlands;YES
TRX-1052552;2026-07-17;0,0;Vendor_10;China;YES
TRX-1052553;2026-08-08;1400,96;UNKNOWN;UNKNOWN;YES
TRX-1052557;2026-02-23;617,03;UNKNOWN;UNKNOWN;YES
TRX-1052568;2026-04-18;0,0;Vendor_6;China;YES
TRX-1052570;2026-04-02;0,0;Vendor_27;Poland;YES
TRX-1052574;2026-03-16;0,0;Vendor_14;China;YES
TRX-1052582;2026-03-09;0,0;Vendor_31;Netherlands;YES
TRX-1052587;2026-04-09;385,43;UNKNOWN;UNKNOWN;YES
TRX-1052589;2026-04-20;1230,59;UNKNOWN;UNKNOWN;YES
TRX-1052592;2026-06-16;764,3;UNKNOWN;UNKNOWN;YES
TRX-1052600;2026-03-04;0,0;Vendor_13;Netherlands;YES
TRX-1052601;;0,0;Vendor_9;China;YES
TRX-1052608;2026-06-09;0,0;Vendor_16;Netherlands;YES
TRX-1052612;2026-03-07;0,0;UNKNOWN;UNKNOWN;YES
TRX-1052623;2026-02-23;0,0;Vendor_9;China;YES
TRX-1052625;2026-03-15;0,0;Vendor_20;Netherlands;YES
TRX-1052667;2026-04-30;0,0;Vendor_20;Netherlands;YES
TRX-1052673;2026-06-07;223,9;UNKNOWN;UNKNOWN;YES
TRX-1052675;2026-06-11;0,0;Vendor_7;China;YES
TRX-1052688;2026-06-29;0,0;Vendor_1;Germany;YES
TRX-1052690;2026-02-27;0,0;Vendor_34;China;YES
TRX-1052694;2026-04-26;23,87;UNKNOWN;UNKNOWN;YES
TRX-1052702;2026-05-28;0,0;Vendor_29;Netherlands;YES
TRX-1052703;2026-05-02;610,45;UNKNOWN;UNKNOWN;YES
TRX-1052704;2026-04-02;794,88;UNKNOWN;UNKNOWN;YES
TRX-1052713;2026-02-11;1077,13;UNKNOWN;UNKNOWN;YES
TRX-1052714;2026-08-04;0,0;Vendor_32;Germany;YES
TRX-1052717;2026-03-02;0,0;Vendor_43;Netherlands;YES
TRX-1052721;2026-05-26;0,0;Vendor_45;Poland;YES
TRX-1052722;2026-02-24;548,88;UNKNOWN;UNKNOWN;YES
TRX-1052728;2026-02-16;0,0;Vendor_38;China;YES
TRX-1052729;2026-05-14;609,63;UNKNOWN;UNKNOWN;YES
TRX-1052731;2026-05-21;0,0;Vendor_9;China;YES
TRX-1052732;2026-03-02;0,0;Vendor_2;China;YES
TRX-1052734;2026-02-12;0,0;Vendor_27;Poland;YES
TRX-1052742;2026-05-09;414,32;UNKNOWN;UNKNOWN;YES
TRX-1052745;2026-06-28;0,0;Vendor_12;Netherlands;YES
TRX-1052749;2026-03-09;0,0;Vendor_1;Germany;YES
TRX-1052754;2026-06-23;0,0;Vendor_37;China;YES
TRX-1052759;2026-08-21;0,0;Vendor_33;Poland;YES
TRX-1052762;2026-03-13;0,0;Vendor_42;Germany;YES
TRX-1052768;2026-06-21;0,0;Vendor_17;China;YES
TRX-1052775;2026-07-09;0,0;Vendor_4;Netherlands;YES
TRX-1052778;2026-06-25;0,0;Vendor_44;Poland;YES
TRX-1052780;;0,0;UNKNOWN;UNKNOWN;YES
TRX-1052819;2026-09-02;0,0;Vendor_42;Germany;YES
TRX-1052828;;0,0;Vendor_50;Poland;YES
TRX-1052844;2026-07-14;0,0;Vendor_7;China;YES
TRX-1052851;2026-08-30;0,0;UNKNOWN;UNKNOWN;YES
TRX-1052853;2026-04-11;1281,0;UNKNOWN;UNKNOWN;YES
TRX-1052857;2026-05-19;0,0;Vendor_34;China;YES
TRX-1052861;2026-02-08;0,0;Vendor_50;Poland;YES
TRX-1052869;2026-02-07;0,0;Vendor_25;China;YES
TRX-1052872;2026-09-02;1190,75;UNKNOWN;UNKNOWN;YES
TRX-1052873;2026-03-08;0,0;Vendor_23;Poland;YES
TRX-1052897;2026-07-02;0,0;Vendor_2;China;YES
TRX-1052903;2026-07-11;706,79;UNKNOWN;UNKNOWN;YES
TRX-1052908;2026-02-27;0,0;Vendor_43;Netherlands;YES
TRX-1052910;2026-07-14;0,0;Vendor_16;Netherlands;YES
TRX-1052930;2026-03-09;0,0;Vendor_38;China;YES
TRX-1052931;2026-09-05;0,0;UNKNOWN;UNKNOWN;YES
TRX-1052932;2026-02-27;303,46;UNKNOWN;UNKNOWN;YES
TRX-1052946;2026-08-03;0,0;Vendor_2;China;YES
TRX-1052947;2026-04-06;0,0;Vendor_11;Germany;YES
TRX-1052953;2026-02-13;369,99;UNKNOWN;UNKNOWN;YES
TRX-1052957;2026-03-19;626,96;UNKNOWN;UNKNOWN;YES
TRX-1052958;2026-04-02;0,0;Vendor_7;China;YES
TRX-1052960;2026-03-01;0,0;Vendor_5;Poland;YES
TRX-1052968;2026-08-10;374,77;UNKNOWN;UNKNOWN;YES
TRX-1052971;2026-08-06;0,0;Vendor_26;Netherlands;YES
TRX-1052997;2026-02-27;948,5;UNKNOWN;UNKNOWN;YES
TRX-1053006;2026-08-17;0,0;Vendor_22;Germany;YES
TRX-1053011;2026-01-21;1337,46;UNKNOWN;UNKNOWN;YES
TRX-1053020;2026-07-13;0,0;Vendor_50;Poland;YES
TRX-1053029;2026-04-05;0,0;Vendor_11;Germany;YES
TRX-1053030;2026-02-02;0,0;Vendor_41;Germany;YES
TRX-1053039;2026-06-16;0,0;Vendor_18;China;YES
TRX-1053042;;0,0;Vendor_48;Netherlands;YES
TRX-1053059;2026-08-26;0,0;Vendor_7;China;YES
TRX-1053060;2026-07-08;0,0;Vendor_33;Poland;YES
TRX-1053067;2026-03-15;0,0;Vendor_21;Germany;YES
TRX-1053072;2026-01-05;0,0;Vendor_9;China;YES
TRX-1053080;2026-06-28;0,0;Vendor_27;Poland;YES
TRX-1053082;2026-06-08;0,0;Vendor_49;Poland;YES
TRX-1053100;2026-08-01;963,18;UNKNOWN;UNKNOWN;YES
TRX-1053102;2026-03-20;0,0;Vendor_50;Poland;YES
TRX-1053108;2026-08-21;0,0;Vendor_25;China;YES
TRX-1053122;;1031,35;UNKNOWN;UNKNOWN;YES
TRX-1053131;2026-03-02;185,3;UNKNOWN;UNKNOWN;YES
TRX-1053156;2026-06-26;0,0;Vendor_44;Poland;YES
TRX-1053176;2026-01-31;0,0;Vendor_15;Germany;YES
TRX-1053184;2026-06-03;0,0;Vendor_35;Poland;YES
TRX-1053186;2026-04-08;259,34;UNKNOWN;UNKNOWN;YES
TRX-1053188;2026-06-30;0,0;Vendor_23;Poland;YES
TRX-1053207;2026-01-30;1388,0;UNKNOWN;UNKNOWN;YES
TRX-1053214;2026-08-08;0,0;Vendor_36;Poland;YES
TRX-1053221;2026-02-16;951,48;UNKNOWN;UNKNOWN;YES
TRX-1053223;2026-09-04;0,0;Vendor_45;Poland;YES
TRX-1053227;2026-04-21;0,0;Vendor_30;Netherlands;YES
TRX-1053229;2026-02-06;0,0;Vendor_6;China;YES
TRX-1053233;2026-08-30;0,0;Vendor_28;Netherlands;YES
TRX-1053235;2026-09-07;0,0;Vendor_49;Poland;YES
TRX-1053239;2026-07-04;371,13;UNKNOWN;UNKNOWN;YES
TRX-1053242;2026-09-06;0,0;Vendor_6;China;YES
TRX-1053250;2026-08-05;560,7;UNKNOWN;UNKNOWN;YES
TRX-1053256;2026-02-07;0,0;Vendor_7;China;YES
TRX-1053259;2026-06-08;0,0;Vendor_26;Netherlands;YES
TRX-1053262;2026-02-09;1366,48;UNKNOWN;UNKNOWN;YES
TRX-1053271;2026-09-07;0,0;Vendor_48;Netherlands;YES
TRX-1053272;2026-07-11;0,0;Vendor_15;Germany;YES
TRX-1053274;2026-03-01;1447,48;UNKNOWN;UNKNOWN;YES
TRX-1053275;2026-06-22;1399,76;UNKNOWN;UNKNOWN;YES
TRX-1053277;2026-03-13;452,78;UNKNOWN;UNKNOWN;YES
TRX-1053281;2026-01-21;0,0;Vendor_28;Netherlands;YES
TRX-1053289;2026-04-09;0,0;Vendor_41;Germany;YES
TRX-1053296;2026-03-26;0,0;Vendor_29;Netherlands;YES
TRX-1053316;2026-03-16;1092,28;UNKNOWN;UNKNOWN;YES
TRX-1053336;;366,22;UNKNOWN;UNKNOWN;YES
TRX-1053341;;0,0;UNKNOWN;UNKNOWN;YES
TRX-1053351;2026-01-17;0,0;Vendor_17;China;YES
TRX-1053356;2026-05-12;0,0;Vendor_19;Netherlands;YES
TRX-1053358;2026-01-27;0,0;Vendor_11;Germany;YES
TRX-1053361;2026-02-02;0,0;Vendor_21;Germany;YES
TRX-1053366;2026-01-20;0,0;Vendor_17;China;YES
TRX-1053369;2026-01-01;0,0;Vendor_31;Netherlands;YES
TRX-1053380;2026-07-05;317,08;UNKNOWN;UNKNOWN;YES
TRX-1053383;2026-02-11;0,0;Vendor_49;Poland;YES
TRX-1053392;2026-05-07;0,0;Vendor_28;Netherlands;YES
TRX-1053399;2026-02-08;0,0;Vendor_30;Netherlands;YES
TRX-1053411;2026-03-17;0,0;Vendor_35;Poland;YES
TRX-1053413;2026-07-14;0,0;Vendor_2;China;YES
TRX-1053415;;1295,09;UNKNOWN;UNKNOWN;YES
TRX-1053425;2026-04-17;365,54;UNKNOWN;UNKNOWN;YES
TRX-1053438;2026-07-09;1278,52;UNKNOWN;UNKNOWN;YES
TRX-1053443;2026-01-04;0,0;Vendor_12;Netherlands;YES
TRX-1053458;2026-03-17;0,0;Vendor_41;Germany;YES
TRX-1053463;2026-04-16;0,0;Vendor_27;Poland;YES
TRX-1053465;2026-02-24;0,0;Vendor_8;Germany;YES
TRX-1053469;2026-08-19;0,0;Vendor_13;Netherlands;YES
TRX-1053488;2026-07-22;0,0;Vendor_34;China;YES
TRX-1053491;2026-01-11;0,0;Vendor_32;Germany;YES
TRX-1053502;2026-04-21;382,7;UNKNOWN;UNKNOWN;YES
TRX-1053510;2026-06-17;0,0;Vendor_30;Netherlands;YES
TRX-1053514;2026-09-08;0,0;Vendor_32;Germany;YES
TRX-1053520;2026-06-27;1446,05;UNKNOWN;UNKNOWN;YES
TRX-1053523;2026-08-15;0,0;Vendor_21;Germany;YES
TRX-1053524;2026-04-28;1417,12;UNKNOWN;UNKNOWN;YES
TRX-1053526;2026-03-08;548,47;UNKNOWN;UNKNOWN;YES
TRX-1053540;2026-07-07;662,36;UNKNOWN;UNKNOWN;YES
TRX-1053556;2026-05-06;0,0;Vendor_20;Netherlands;YES
TRX-1053561;2026-04-02;1022,86;UNKNOWN;UNKNOWN;YES
TRX-1053577;2026-03-26;0,0;Vendor_21;Germany;YES
TRX-1053585;2026-08-08;0,0;Vendor_44;Poland;YES
TRX-1053604;2026-05-15;0,0;Vendor_12;Netherlands;YES
TRX-1053610;2026-01-24;0,0;Vendor_13;Netherlands;YES
TRX-1053616;2026-06-21;0,0;Vendor_36;Poland;YES
TRX-1053621;;0,0;Vendor_40;China;YES
TRX-1053631;2026-07-14;1464,97;UNKNOWN;UNKNOWN;YES
TRX-1053654;2026-07-14;982,58;UNKNOWN;UNKNOWN;YES
TRX-1053662;2026-01-19;1355,39;UNKNOWN;UNKNOWN;YES
TRX-1053663;2026-08-11;1077,22;UNKNOWN;UNKNOWN;YES
TRX-1053673;2026-09-05;0,0;Vendor_35;Poland;YES
TRX-1053683;2026-05-26;0,0;Vendor_39;Poland;YES
TRX-1053691;2026-03-31;302,88;UNKNOWN;UNKNOWN;YES
TRX-1053700;2026-05-02;1489,35;UNKNOWN;UNKNOWN;YES
TRX-1053703;2026-06-05;0,0;Vendor_18;China;YES
TRX-1053704;2026-07-05;0,0;Vendor_5;Poland;YES
TRX-1053707;2026-06-13;0,0;Vendor_36;Poland;YES
TRX-1053708;2026-05-23;0,0;Vendor_50;Poland;YES
TRX-1053711;2026-03-27;0,0;Vendor_2;China;YES
TRX-1053723;;490,79;UNKNOWN;UNKNOWN;YES
TRX-1053727;2026-01-16;0,0;Vendor_34;China;YES
TRX-1053730;2026-02-27;0,0;Vendor_48;Netherlands;YES
TRX-1053740;2026-08-12;0,0;Vendor_7;China;YES
TRX-1053741;2026-06-30;0,0;Vendor_22;Germany;YES
TRX-1053744;2026-06-03;0,0;Vendor_35;Poland;YES
TRX-1053746;2026-04-07;0,0;Vendor_16;Netherlands;YES
TRX-1053747;2026-07-12;0,0;Vendor_19;Netherlands;YES
TRX-1053749;;0,0;Vendor_5;Poland;YES
TRX-1053768;;0,0;Vendor_38;China;YES
TRX-1053770;2026-01-26;346,93;UNKNOWN;UNKNOWN;YES
TRX-1053773;2026-05-02;0,0;Vendor_41;Germany;YES
TRX-1053778;2026-01-16;359,09;UNKNOWN;UNKNOWN;YES
TRX-1053782;2026-08-04;614,03;UNKNOWN;UNKNOWN;YES
TRX-1053783;2026-06-12;0,0;Vendor_10;China;YES
TRX-1053786;2026-05-12;0,0;Vendor_47;Netherlands;YES
TRX-1053788;2026-04-17;612,73;UNKNOWN;UNKNOWN;YES
TRX-1053793;2026-04-19;0,0;Vendor_9;China;YES
TRX-1053800;2026-08-26;0,0;Vendor_9;China;YES
TRX-1053802;;0,0;Vendor_1;Germany;YES
TRX-1053807;2026-01-03;313,17;UNKNOWN;UNKNOWN;YES
TRX-1053810;2026-09-08;1309,39;UNKNOWN;UNKNOWN;YES
TRX-1053817;2026-08-16;0,0;Vendor_15;Germany;YES
TRX-1053818;2026-05-01;436,32;UNKNOWN;UNKNOWN;YES
TRX-1053828;;0,0;Vendor_41;Germany;YES
TRX-1053833;2026-04-28;1236,24;UNKNOWN;UNKNOWN;YES
TRX-1053850;2026-05-11;0,0;Vendor_43;Netherlands;YES
TRX-1053855;2026-01-19;0,0;Vendor_45;Poland;YES
TRX-1053858;2026-07-31;0,0;Vendor_46;Poland;YES
TRX-1053866;2026-01-30;0,0;Vendor_16;Netherlands;YES
TRX-1053879;2026-01-03;0,0;Vendor_47;Netherlands;YES
TRX-1053887;2026-04-27;131,75;UNKNOWN;UNKNOWN;YES
TRX-1053899;2026-04-27;1245,61;UNKNOWN;UNKNOWN;YES
TRX-1053900;2026-07-04;1453,05;UNKNOWN;UNKNOWN;YES
TRX-1053904;2026-08-07;921,23;UNKNOWN;UNKNOWN;YES
TRX-1053906;2026-02-15;289,06;UNKNOWN;UNKNOWN;YES
TRX-1053911;2026-05-25;0,0;Vendor_40;China;YES
TRX-1053925;2026-07-11;0,0;Vendor_40;China;YES
TRX-1053942;2026-03-15;0,0;Vendor_17;China;YES
TRX-1053948;;0,0;Vendor_8;Germany;YES
TRX-1053956;2026-07-23;0,0;Vendor_41;Germany;YES
TRX-1053958;2026-05-08;1303,2;UNKNOWN;UNKNOWN;YES
TRX-1053972;2026-08-14;0,0;Vendor_30;Netherlands;YES
TRX-1053976;2026-04-30;0,0;Vendor_10;China;YES
TRX-1053977;2026-08-03;0,0;Vendor_21;Germany;YES
TRX-1053980;2026-06-26;0,0;Vendor_35;Poland;YES
TRX-1053996;;0,0;Vendor_15;Germany;YES
TRX-1054011;2026-07-15;258,21;UNKNOWN;UNKNOWN;YES
TRX-1054016;2026-01-31;637,11;UNKNOWN;UNKNOWN;YES
TRX-1054023;2026-08-17;1414,43;UNKNOWN;UNKNOWN;YES
TRX-1054031;2026-08-07;0,0;Vendor_28;Netherlands;YES
TRX-1054033;;0,0;Vendor_1;Germany;YES
TRX-1054039;2026-03-16;608,15;UNKNOWN;UNKNOWN;YES
TRX-1054043;2026-07-22;433,64;UNKNOWN;UNKNOWN;YES
TRX-1054048;2026-03-07;0,0;Vendor_43;Netherlands;YES
TRX-1054051;2026-01-28;0,0;Vendor_38;China;YES
TRX-1054059;2026-07-16;0,0;UNKNOWN;UNKNOWN;YES
TRX-1054070;2026-03-08;0,0;Vendor_17;China;YES
TRX-1054074;2026-07-06;1427,63;UNKNOWN;UNKNOWN;YES
TRX-1054077;2026-07-22;0,0;Vendor_21;Germany;YES
TRX-1054087;2026-03-23;456,68;UNKNOWN;UNKNOWN;YES
TRX-1054091;2026-07-15;627,86;UNKNOWN;UNKNOWN;YES
TRX-1054095;2026-04-16;0,0;Vendor_42;Germany;YES
TRX-1054108;2026-06-21;0,0;Vendor_23;Poland;YES
TRX-1054109;2026-05-05;0,0;Vendor_47;Netherlands;YES
TRX-1054121;2026-07-30;0,0;Vendor_48;Netherlands;YES
TRX-1054125;2026-01-18;0,0;Vendor_18;China;YES
TRX-1054137;;0,0;Vendor_15;Germany;YES
TRX-1054138;2026-03-20;0,0;Vendor_42;Germany;YES
TRX-1054141;2026-06-02;0,0;UNKNOWN;UNKNOWN;YES
TRX-1054142;2026-05-17;0,0;Vendor_10;China;YES
TRX-1054145;2026-01-02;0,0;Vendor_31;Netherlands;YES
TRX-1054155;2026-03-27;1116,89;UNKNOWN;UNKNOWN;YES
TRX-1054204;2026-04-06;0,0;Vendor_48;Netherlands;YES
TRX-1054213;2026-03-19;0,0;Vendor_36;Poland;YES
TRX-1054215;2026-03-02;375,93;UNKNOWN;UNKNOWN;YES
TRX-1054218;2026-03-24;95,31;UNKNOWN;UNKNOWN;YES
TRX-1054223;2026-05-11;0,0;Vendor_35;Poland;YES
TRX-1054225;2026-01-28;0,0;Vendor_37;China;YES
TRX-1054235;2026-05-16;0,0;Vendor_13;Netherlands;YES
TRX-1054236;2026-02-04;0,0;Vendor_15;Germany;YES
TRX-1054247;;0,0;Vendor_6;China;YES
TRX-1054257;2026-04-14;322,34;UNKNOWN;UNKNOWN;YES
TRX-1054260;2026-07-23;0,0;Vendor_29;Netherlands;YES
TRX-1054267;2026-05-16;0,0;Vendor_17;China;YES
TRX-1054277;2026-05-02;473,7;UNKNOWN;UNKNOWN;YES
TRX-1054290;2026-02-28;441,94;UNKNOWN;UNKNOWN;YES
TRX-1054306;2026-04-29;0,0;Vendor_18;China;YES
TRX-1054309;2026-05-08;0,0;Vendor_7;China;YES
TRX-1054312;2026-04-25;0,0;Vendor_9;China;YES
TRX-1054321;2026-02-13;0,0;Vendor_30;Netherlands;YES
TRX-1054322;2026-07-13;0,0;Vendor_30;Netherlands;YES
TRX-1054328;2026-01-16;0,0;Vendor_18;China;YES
TRX-1054333;2026-06-16;0,0;Vendor_23;Poland;YES
TRX-1054340;2026-07-17;0,0;Vendor_40;China;YES
TRX-1054346;2026-04-05;0,0;Vendor_25;China;YES
TRX-1054351;2026-07-26;0,0;Vendor_4;Netherlands;YES
TRX-1054354;2026-04-29;0,0;Vendor_4;Netherlands;YES
TRX-1054356;2026-06-16;0,0;Vendor_31;Netherlands;YES
TRX-1054362;2026-06-08;0,0;Vendor_29;Netherlands;YES
TRX-1054366;2026-01-30;0,0;Vendor_5;Poland;YES
TRX-1054368;2026-06-07;0,0;Vendor_40;China;YES
TRX-1054369;2026-06-27;0,0;Vendor_39;Poland;YES
TRX-1054381;2026-05-15;536,24;UNKNOWN;UNKNOWN;YES
TRX-1054382;2026-04-29;0,0;Vendor_34;China;YES
TRX-1054386;2026-06-06;0,0;Vendor_41;Germany;YES
TRX-1054388;2026-02-26;0,0;Vendor_5;Poland;YES
TRX-1054392;2026-06-23;381,82;UNKNOWN;UNKNOWN;YES
TRX-1054394;2026-01-12;0,0;Vendor_46;Poland;YES
TRX-1054395;2026-04-24;0,0;Vendor_32;Germany;YES
TRX-1054408;;0,0;Vendor_11;Germany;YES
TRX-1054412;2026-02-18;963,67;UNKNOWN;UNKNOWN;YES
TRX-1054413;2026-03-09;0,0;Vendor_21;Germany;YES
TRX-1054428;2026-02-07;0,0;Vendor_43;Netherlands;YES
TRX-1054438;2026-06-29;0,0;Vendor_6;China;YES
TRX-1054445;2026-04-23;0,0;Vendor_32;Germany;YES
TRX-1054449;2026-08-13;0,0;Vendor_39;Poland;YES
TRX-1054465;2026-02-12;0,0;Vendor_3;Poland;YES
TRX-1054477;2026-07-08;313,86;UNKNOWN;UNKNOWN;YES
TRX-1054487;2026-06-18;0,0;Vendor_8;Germany;YES
TRX-1054492;2026-04-13;0,0;Vendor_29;Netherlands;YES
TRX-1054493;2026-07-23;1328,43;UNKNOWN;UNKNOWN;YES
TRX-1054501;2026-08-21;0,0;Vendor_26;Netherlands;YES
TRX-1054507;2026-05-02;0,0;Vendor_19;Netherlands;YES
TRX-1054509;2026-01-02;0,0;Vendor_41;Germany;YES
TRX-1054532;2026-04-18;0,0;Vendor_32;Germany;YES
TRX-1054534;2026-08-21;1138,44;UNKNOWN;UNKNOWN;YES
TRX-1054562;2026-04-16;1254,76;UNKNOWN;UNKNOWN;YES
TRX-1054564;2026-06-09;0,0;Vendor_39;Poland;YES
TRX-1054566;2026-04-12;1415,58;UNKNOWN;UNKNOWN;YES
TRX-1054576;2026-02-03;1169,79;UNKNOWN;UNKNOWN;YES
TRX-1054587;2026-07-09;0,0;Vendor_30;Netherlands;YES
TRX-1054593;2026-05-23;1059,68;UNKNOWN;UNKNOWN;YES
TRX-1054594;2026-02-08;0,0;Vendor_3;Poland;YES
TRX-1054596;2026-08-18;0,0;Vendor_44;Poland;YES
TRX-1054599;2026-08-30;0,0;Vendor_36;Poland;YES
TRX-1054614;2026-06-08;0,0;Vendor_7;China;YES
TRX-1054618;2026-05-26;0,0;Vendor_11;Germany;YES
TRX-1054624;2026-02-01;1473,19;UNKNOWN;UNKNOWN;YES
TRX-1054631;2026-05-15;0,0;UNKNOWN;UNKNOWN;YES
TRX-1054634;2026-06-10;423,5;UNKNOWN;UNKNOWN;YES
TRX-1054643;2026-03-25;0,0;Vendor_41;Germany;YES
TRX-1054646;2026-05-16;0,0;Vendor_46;Poland;YES
TRX-1054652;;0,0;Vendor_16;Netherlands;YES
TRX-1054658;2026-08-28;0,0;Vendor_29;Netherlands;YES
TRX-1054660;2026-08-08;0,0;Vendor_40;China;YES
TRX-1054668;2026-03-23;0,0;Vendor_33;Poland;YES
TRX-1054675;2026-03-20;11,56;UNKNOWN;UNKNOWN;YES
TRX-1054680;2026-07-07;535,49;UNKNOWN;UNKNOWN;YES
TRX-1054694;2026-01-16;0,0;Vendor_28;Netherlands;YES
TRX-1054698;2026-02-18;476,75;UNKNOWN;UNKNOWN;YES
TRX-1054703;2026-02-02;1025,74;UNKNOWN;UNKNOWN;YES
TRX-1054705;2026-03-27;0,0;Vendor_11;Germany;YES
TRX-1054718;2026-08-31;0,0;Vendor_32;Germany;YES
TRX-1054719;2026-01-07;0,0;Vendor_44;Poland;YES
TRX-1054723;2026-06-11;0,0;Vendor_2;China;YES
TRX-1054735;2026-01-01;0,0;Vendor_47;Netherlands;YES
TRX-1054743;2026-07-06;1491,9;UNKNOWN;UNKNOWN;YES
TRX-1054744;2026-01-17;990,14;UNKNOWN;UNKNOWN;YES
TRX-1054754;2026-08-28;1206,77;UNKNOWN;UNKNOWN;YES
TRX-1054757;2026-04-01;0,0;Vendor_23;Poland;YES
TRX-1054759;2026-06-10;0,0;Vendor_37;China;YES
TRX-1054761;2026-02-15;448,69;UNKNOWN;UNKNOWN;YES
TRX-1054773;2026-02-03;0,0;Vendor_17;China;YES
TRX-1054776;2026-04-11;0,0;Vendor_13;Netherlands;YES
TRX-1054777;2026-01-03;0,0;Vendor_45;Poland;YES
TRX-1054789;2026-07-06;0,0;Vendor_40;China;YES
TRX-1054793;;0,0;Vendor_23;Poland;YES
TRX-1054801;2026-02-02;944,72;UNKNOWN;UNKNOWN;YES
TRX-1054802;2026-04-11;477,45;UNKNOWN;UNKNOWN;YES
TRX-1054811;2026-04-25;0,0;Vendor_28;Netherlands;YES
TRX-1054813;2026-07-08;0,0;Vendor_17;China;YES
TRX-1054815;;0,0;Vendor_40;China;YES
TRX-1054820;2026-08-27;0,0;Vendor_40;China;YES
TRX-1054824;2026-05-05;0,0;Vendor_23;Poland;YES
TRX-1054827;2026-03-15;0,0;Vendor_50;Poland;YES
TRX-1054828;2026-06-09;0,0;Vendor_20;Netherlands;YES
TRX-1054848;2026-02-08;0,0;Vendor_45;Poland;YES
TRX-1054861;2026-01-15;0,0;Vendor_40;China;YES
TRX-1054872;2026-06-05;0,0;Vendor_18;China;YES
TRX-1054876;2026-06-18;0,0;Vendor_48;Netherlands;YES
TRX-1054882;2026-03-17;0,0;Vendor_31;Netherlands;YES
TRX-1054904;2026-06-07;0,0;Vendor_20;Netherlands;YES
TRX-1054935;2026-05-17;1055,41;UNKNOWN;UNKNOWN;YES
TRX-1054944;2026-01-21;0,0;Vendor_12;Netherlands;YES
TRX-1054950;2026-08-07;1362,38;UNKNOWN;UNKNOWN;YES
TRX-1054951;;0,0;Vendor_12;Netherlands;YES
TRX-1054957;2026-01-02;0,0;Vendor_30;Netherlands;YES
TRX-1054959;2026-02-15;0,0;Vendor_44;Poland;YES
TRX-1054961;2026-02-09;0,0;Vendor_30;Netherlands;YES
TRX-1054965;2026-05-23;0,0;Vendor_33;Poland;YES
TRX-1054980;2026-04-20;0,0;Vendor_25;China;YES
TRX-1054981;2026-03-27;0,0;Vendor_46;Poland;YES
TRX-1054985;2026-07-15;0,0;Vendor_37;China;YES
TRX-1054986;2026-04-26;0,0;Vendor_27;Poland;YES
TRX-1054991;2026-06-26;0,0;Vendor_46;Poland;YES
TRX-1054992;2026-05-06;1241,72;UNKNOWN;UNKNOWN;YES
TRX-1055000;2026-01-02;741,25;UNKNOWN;UNKNOWN;YES
TRX-1055009;2026-03-05;1421,83;UNKNOWN;UNKNOWN;YES
TRX-1055027;2026-02-08;0,0;Vendor_33;Poland;YES
TRX-1055029;2026-08-03;0,0;UNKNOWN;UNKNOWN;YES
TRX-1055033;2026-01-15;332,08;UNKNOWN;UNKNOWN;YES
TRX-1055043;2026-07-16;0,0;Vendor_2;China;YES
TRX-1055046;2026-05-20;0,0;Vendor_45;Poland;YES
TRX-1055071;2026-02-11;0,0;Vendor_34;China;YES
TRX-1055072;2026-03-14;0,0;Vendor_4;Netherlands;YES
TRX-1055079;2026-04-14;659,15;UNKNOWN;UNKNOWN;YES
TRX-1055082;2026-06-13;0,0;Vendor_46;Poland;YES
TRX-1055084;2026-06-15;0,0;Vendor_22;Germany;YES
TRX-1055085;2026-08-06;840,23;UNKNOWN;UNKNOWN;YES
TRX-1055087;2026-01-30;828,94;UNKNOWN;UNKNOWN;YES
TRX-1055098;2026-05-21;0,0;Vendor_43;Netherlands;YES
TRX-1055123;2026-03-24;0,0;Vendor_17;China;YES
TRX-1055124;2026-01-13;0,0;Vendor_18;China;YES
TRX-1055131;2026-07-05;0,0;Vendor_22;Germany;YES
TRX-1055147;2026-04-16;0,0;Vendor_3;Poland;YES
TRX-1055160;2026-06-06;0,0;UNKNOWN;UNKNOWN;YES
TRX-1055166;2026-08-16;0,0;Vendor_20;Netherlands;YES
TRX-1055172;2026-08-15;215,68;UNKNOWN;UNKNOWN;YES
TRX-1055181;2026-02-11;1014,63;UNKNOWN;UNKNOWN;YES
TRX-1055184;2026-03-02;0,0;Vendor_23;Poland;YES
TRX-1055185;2026-01-30;839,61;UNKNOWN;UNKNOWN;YES
TRX-1055187;2026-05-12;0,0;Vendor_1;Germany;YES
TRX-1055190;2026-08-01;0,0;Vendor_31;Netherlands;YES
TRX-1055205;2026-08-07;1237,0;UNKNOWN;UNKNOWN;YES
TRX-1055211;;0,0;Vendor_22;Germany;YES
TRX-1055226;2026-04-21;293,56;UNKNOWN;UNKNOWN;YES
TRX-1055227;;1482,56;UNKNOWN;UNKNOWN;YES
TRX-1055246;;0,0;Vendor_47;Netherlands;YES
TRX-1055253;2026-07-02;0,0;Vendor_6;China;YES
TRX-1055257;2026-05-13;0,0;Vendor_28;Netherlands;YES
TRX-1055263;2026-08-11;441,26;UNKNOWN;UNKNOWN;YES
TRX-1055297;;0,0;Vendor_12;Netherlands;YES
TRX-1055305;2026-05-03;834,81;UNKNOWN;UNKNOWN;YES
TRX-1055312;2026-04-27;0,0;Vendor_28;Netherlands;YES
TRX-1055314;2026-02-03;0,0;Vendor_27;Poland;YES
TRX-1055316;2026-01-25;403,64;UNKNOWN;UNKNOWN;YES
TRX-1055324;2026-03-21;0,0;Vendor_33;Poland;YES
TRX-1055325;2026-07-10;137,89;UNKNOWN;UNKNOWN;YES
TRX-1055327;2026-08-25;0,0;Vendor_3;Poland;YES
TRX-1055336;;467,4;UNKNOWN;UNKNOWN;YES
TRX-1055337;2026-04-11;654,12;UNKNOWN;UNKNOWN;YES
TRX-1055345;2026-06-14;0,0;Vendor_28;Netherlands;YES
TRX-1055363;;1292,65;UNKNOWN;UNKNOWN;YES
TRX-1055364;2026-07-27;1014,3;UNKNOWN;UNKNOWN;YES
TRX-1055367;2026-06-09;0,0;Vendor_48;Netherlands;YES
TRX-1055376;2026-02-20;800,15;UNKNOWN;UNKNOWN;YES
TRX-1055378;2026-08-16;165,48;UNKNOWN;UNKNOWN;YES
TRX-1055381;2026-08-01;985,13;UNKNOWN;UNKNOWN;YES
TRX-1055384;2026-06-08;0,0;Vendor_13;Netherlands;YES
TRX-1055385;2026-08-05;765,99;UNKNOWN;UNKNOWN;YES
TRX-1055388;2026-08-07;0,0;Vendor_20;Netherlands;YES
TRX-1055398;;0,0;Vendor_49;Poland;YES
TRX-1055399;2026-06-10;25,03;UNKNOWN;UNKNOWN;YES
TRX-1055400;2026-01-13;1115,73;UNKNOWN;UNKNOWN;YES
TRX-1055405;2026-01-18;0,0;Vendor_43;Netherlands;YES
TRX-1055409;2026-08-11;0,0;Vendor_45;Poland;YES
TRX-1055411;2026-06-13;0,0;Vendor_22;Germany;YES
TRX-1055418;2026-02-10;0,0;Vendor_23;Poland;YES
TRX-1055427;2026-06-17;0,0;Vendor_46;Poland;YES
TRX-1055429;2026-08-06;0,0;Vendor_13;Netherlands;YES
TRX-1055434;2026-02-16;175,05;UNKNOWN;UNKNOWN;YES
TRX-1055436;2026-04-24;529,7;UNKNOWN;UNKNOWN;YES
TRX-1055460;2026-03-14;0,0;UNKNOWN;UNKNOWN;YES
TRX-1055466;2026-08-08;0,0;Vendor_49;Poland;YES
TRX-1055472;2026-08-28;0,0;Vendor_39;Poland;YES
TRX-1055475;2026-02-25;0,0;Vendor_40;China;YES
TRX-1055478;2026-03-31;0,0;UNKNOWN;UNKNOWN;YES
TRX-1055484;2026-05-23;0,0;Vendor_24;Germany;YES
TRX-1055498;2026-02-09;0,0;UNKNOWN;UNKNOWN;YES
TRX-1055527;2026-06-05;0,0;Vendor_50;Poland;YES
TRX-1055530;2026-07-15;197,91;UNKNOWN;UNKNOWN;YES
TRX-1055534;2026-03-05;0,0;Vendor_38;China;YES
TRX-1055537;2026-05-31;0,0;Vendor_38;China;YES
TRX-1055540;2026-03-16;167,6;UNKNOWN;UNKNOWN;YES
TRX-1055545;;0,0;Vendor_5;Poland;YES
TRX-1055560;2026-02-22;122,83;UNKNOWN;UNKNOWN;YES
TRX-1055574;2026-08-24;0,0;Vendor_34;China;YES
TRX-1055576;2026-04-04;0,0;Vendor_46;Poland;YES
TRX-1055582;2026-01-30;0,0;Vendor_34;China;YES
TRX-1055585;2026-01-03;0,0;Vendor_16;Netherlands;YES
TRX-1055586;2026-06-06;0,0;Vendor_10;China;YES
TRX-1055587;2026-05-15;0,0;Vendor_15;Germany;YES
TRX-1055594;2026-03-28;0,0;Vendor_10;China;YES
TRX-1055602;2026-01-28;1466,62;UNKNOWN;UNKNOWN;YES
TRX-1055625;2026-05-28;0,0;Vendor_44;Poland;YES
TRX-1055634;2026-02-06;0,0;Vendor_41;Germany;YES
TRX-1055639;2026-04-26;0,0;Vendor_23;Poland;YES
TRX-1055640;2026-08-25;0,0;Vendor_41;Germany;YES
TRX-1055697;2026-01-28;0,0;UNKNOWN;UNKNOWN;YES
TRX-1055717;2026-01-20;1488,49;UNKNOWN;UNKNOWN;YES
TRX-1055718;2026-09-02;0,0;Vendor_22;Germany;YES
TRX-1055729;2026-02-17;0,0;Vendor_32;Germany;YES
TRX-1055731;2026-05-17;0,0;Vendor_12;Netherlands;YES
TRX-1055736;2026-01-25;1442,85;UNKNOWN;UNKNOWN;YES
TRX-1055737;2026-04-01;446,67;UNKNOWN;UNKNOWN;YES
TRX-1055742;2026-04-29;0,0;Vendor_25;China;YES
TRX-1055743;2026-02-26;0,0;Vendor_24;Germany;YES
TRX-1055753;2026-05-31;170,78;UNKNOWN;UNKNOWN;YES
TRX-1055754;2026-08-12;1008,55;UNKNOWN;UNKNOWN;YES
TRX-1055757;2026-04-15;0,0;Vendor_24;Germany;YES
TRX-1055764;2026-06-24;0,0;Vendor_27;Poland;YES
TRX-1055768;2026-02-10;1368,63;UNKNOWN;UNKNOWN;YES
TRX-1055774;2026-02-01;0,0;Vendor_10;China;YES
TRX-1055780;2026-09-04;0,0;Vendor_13;Netherlands;YES
TRX-1055781;2026-06-27;0,0;Vendor_37;China;YES
TRX-1055782;2026-09-03;183,79;UNKNOWN;UNKNOWN;YES
TRX-1055785;2026-08-11;0,0;Vendor_37;China;YES
TRX-1055791;;485,15;UNKNOWN;UNKNOWN;YES
TRX-1055800;2026-03-29;0,0;Vendor_3;Poland;YES
TRX-1055805;2026-06-03;0,0;UNKNOWN;UNKNOWN;YES
TRX-1055812;2026-06-12;1052,22;UNKNOWN;UNKNOWN;YES
TRX-1055817;2026-04-03;0,0;Vendor_44;Poland;YES
TRX-1055819;;0,0;Vendor_12;Netherlands;YES
TRX-1055820;2026-04-25;0,0;Vendor_42;Germany;YES
TRX-1055829;2026-06-07;0,0;Vendor_50;Poland;YES
TRX-1055834;2026-04-14;0,0;Vendor_3;Poland;YES
TRX-1055855;2026-01-29;0,0;UNKNOWN;UNKNOWN;YES
TRX-1055868;2026-06-22;1365,33;UNKNOWN;UNKNOWN;YES
TRX-1055869;;0,0;Vendor_29;Netherlands;YES
TRX-1055871;2026-05-26;0,0;Vendor_49;Poland;YES
TRX-1055876;2026-01-08;471,12;UNKNOWN;UNKNOWN;YES
TRX-1055882;2026-06-15;108,26;UNKNOWN;UNKNOWN;YES
TRX-1055896;;0,0;Vendor_34;China;YES
TRX-1055897;2026-05-16;0,0;Vendor_48;Netherlands;YES
TRX-1055904;2026-05-05;0,0;Vendor_11;Germany;YES
TRX-1055906;2026-01-12;0,0;Vendor_4;Netherlands;YES
TRX-1055910;2026-06-17;0,0;Vendor_30;Netherlands;YES
TRX-1055942;2026-05-13;1406,96;UNKNOWN;UNKNOWN;YES
TRX-1055945;2026-05-01;109,88;UNKNOWN;UNKNOWN;YES
TRX-1055948;2026-04-11;0,0;Vendor_20;Netherlands;YES
TRX-1055952;2026-05-16;0,0;Vendor_12;Netherlands;YES
TRX-1055953;2026-07-27;576,45;UNKNOWN;UNKNOWN;YES
TRX-1055962;2026-04-03;0,0;Vendor_32;Germany;YES
TRX-1055977;2026-07-17;1138,36;UNKNOWN;UNKNOWN;YES
TRX-1055981;2026-07-21;0,0;Vendor_12;Netherlands;YES
TRX-1055985;2026-01-18;0,0;Vendor_17;China;YES
TRX-1055996;2026-08-18;0,0;Vendor_39;Poland;YES
TRX-1056004;2026-06-17;0,0;UNKNOWN;UNKNOWN;YES
TRX-1056012;2026-07-10;77,35;UNKNOWN;UNKNOWN;YES
TRX-1056014;2026-06-03;0,0;UNKNOWN;UNKNOWN;YES
TRX-1056046;2026-06-17;0,0;Vendor_28;Netherlands;YES
TRX-1056059;2026-04-24;0,0;Vendor_22;Germany;YES
TRX-1056065;2026-01-27;0,0;Vendor_3;Poland;YES
TRX-1056075;2026-01-04;481,72;UNKNOWN;UNKNOWN;YES
TRX-1056092;2026-08-30;0,0;UNKNOWN;UNKNOWN;YES
TRX-1056098;2026-05-11;0,0;Vendor_42;Germany;YES
TRX-1056105;2026-08-08;0,0;Vendor_28;Netherlands;YES
TRX-1056106;2026-04-19;0,0;Vendor_34;China;YES
TRX-1056108;2026-06-14;659,36;UNKNOWN;UNKNOWN;YES
TRX-1056113;2026-06-29;0,0;Vendor_4;Netherlands;YES
TRX-1056114;2026-04-01;0,0;Vendor_44;Poland;YES
TRX-1056119;2026-03-28;1308,14;UNKNOWN;UNKNOWN;YES
TRX-1056152;2026-02-03;0,0;Vendor_15;Germany;YES
TRX-1056153;2026-05-22;0,0;Vendor_41;Germany;YES
TRX-1056167;2026-06-13;0,0;Vendor_42;Germany;YES
TRX-1056198;2026-01-22;0,0;Vendor_50;Poland;YES
TRX-1056208;2026-04-04;0,0;Vendor_7;China;YES
TRX-1056211;2026-01-15;1330,4;UNKNOWN;UNKNOWN;YES
TRX-1056221;2026-01-22;0,0;Vendor_2;China;YES
TRX-1056222;2026-01-19;650,92;UNKNOWN;UNKNOWN;YES
TRX-1056223;;0,0;Vendor_29;Netherlands;YES
TRX-1056226;2026-04-14;0,0;Vendor_11;Germany;YES
TRX-1056227;2026-05-18;1487,0;UNKNOWN;UNKNOWN;YES
TRX-1056244;2026-03-10;1488,93;UNKNOWN;UNKNOWN;YES
TRX-1056256;2026-06-27;0,0;Vendor_40;China;YES
TRX-1056263;2026-08-29;0,0;Vendor_34;China;YES
TRX-1056268;2026-08-22;0,0;Vendor_4;Netherlands;YES
TRX-1056280;2026-07-08;842,01;UNKNOWN;UNKNOWN;YES
TRX-1056285;2026-01-09;1242,7;UNKNOWN;UNKNOWN;YES
TRX-1056290;2026-03-11;205,8;UNKNOWN;UNKNOWN;YES
TRX-1056298;2026-01-14;0,0;UNKNOWN;UNKNOWN;YES
TRX-1056311;2026-03-19;0,0;Vendor_11;Germany;YES
TRX-1056316;2026-08-22;0,0;Vendor_14;China;YES
TRX-1056324;2026-02-05;0,0;Vendor_6;China;YES
TRX-1056325;2026-01-30;951,81;UNKNOWN;UNKNOWN;YES
TRX-1056330;2026-05-20;645,52;UNKNOWN;UNKNOWN;YES
TRX-1056344;2026-06-06;0,0;Vendor_40;China;YES
TRX-1056354;2026-05-27;0,0;Vendor_12;Netherlands;YES
TRX-1056358;2026-03-13;0,0;UNKNOWN;UNKNOWN;YES
TRX-1056372;;0,0;Vendor_11;Germany;YES
TRX-1056376;2026-05-01;0,0;Vendor_32;Germany;YES
TRX-1056381;2026-06-18;0,0;Vendor_40;China;YES
TRX-1056384;2026-08-13;0,0;Vendor_13;Netherlands;YES
TRX-1056388;2026-06-18;36,15;UNKNOWN;UNKNOWN;YES
TRX-1056390;2026-08-27;0,0;Vendor_50;Poland;YES
TRX-1056393;2026-06-16;0,0;Vendor_30;Netherlands;YES
TRX-1056401;2026-02-08;0,0;Vendor_5;Poland;YES
TRX-1056418;2026-08-11;0,0;Vendor_3;Poland;YES
TRX-1056422;2026-06-17;0,0;Vendor_42;Germany;YES
TRX-1056425;2026-07-18;0,0;Vendor_5;Poland;YES
TRX-1056434;2026-03-24;1285,02;UNKNOWN;UNKNOWN;YES
TRX-1056436;2026-02-11;0,0;Vendor_9;China;YES
TRX-1056457;2026-05-25;1317,64;UNKNOWN;UNKNOWN;YES
TRX-1056466;2026-01-07;354,7;UNKNOWN;UNKNOWN;YES
TRX-1056469;2026-09-01;0,0;Vendor_44;Poland;YES
TRX-1056472;2026-02-09;0,0;Vendor_22;Germany;YES
TRX-1056479;;0,0;Vendor_47;Netherlands;YES
TRX-1056483;2026-07-06;351,18;UNKNOWN;UNKNOWN;YES
TRX-1056506;2026-03-17;1027,39;UNKNOWN;UNKNOWN;YES
TRX-1056515;2026-01-08;0,0;Vendor_6;China;YES
TRX-1056519;2026-05-01;0,0;Vendor_1;Germany;YES
TRX-1056522;2026-02-10;631,49;UNKNOWN;UNKNOWN;YES
TRX-1056525;;659,94;UNKNOWN;UNKNOWN;YES
TRX-1056559;2026-07-14;0,0;Vendor_25;China;YES
TRX-1056573;2026-02-18;0,0;Vendor_28;Netherlands;YES
TRX-1056580;2026-05-13;0,0;Vendor_43;Netherlands;YES
TRX-1056581;;0,0;Vendor_44;Poland;YES
TRX-1056595;;0,0;Vendor_50;Poland;YES
TRX-1056603;2026-06-13;0,0;Vendor_26;Netherlands;YES
TRX-1056608;2026-05-06;0,0;Vendor_4;Netherlands;YES
TRX-1056610;2026-01-04;0,0;Vendor_7;China;YES
TRX-1056616;2026-09-06;0,0;Vendor_7;China;YES
TRX-1056626;2026-02-12;0,0;Vendor_17;China;YES
TRX-1056627;2026-06-16;0,0;Vendor_46;Poland;YES
TRX-1056628;2026-01-23;0,0;Vendor_50;Poland;YES
TRX-1056637;2026-09-05;91,02;UNKNOWN;UNKNOWN;YES
TRX-1056639;2026-03-25;0,0;Vendor_33;Poland;YES
TRX-1056646;2026-02-23;0,0;Vendor_1;Germany;YES
TRX-1056649;2026-01-22;1256,12;UNKNOWN;UNKNOWN;YES
TRX-1056652;2026-05-02;0,0;Vendor_3;Poland;YES
TRX-1056655;2026-04-30;0,0;Vendor_44;Poland;YES
TRX-1056657;2026-08-19;0,0;Vendor_17;China;YES
TRX-1056661;2026-04-13;0,0;Vendor_45;Poland;YES
TRX-1056666;2026-01-09;1089,81;UNKNOWN;UNKNOWN;YES
TRX-1056689;2026-07-07;933,33;UNKNOWN;UNKNOWN;YES
TRX-1056692;2026-05-25;0,0;Vendor_36;Poland;YES
TRX-1056699;2026-06-20;495,79;UNKNOWN;UNKNOWN;YES
TRX-1056702;2026-06-30;0,0;Vendor_27;Poland;YES
TRX-1056711;2026-09-02;0,0;Vendor_50;Poland;YES
TRX-1056717;2026-01-29;0,0;Vendor_14;China;YES
TRX-1056725;2026-06-01;1446,04;UNKNOWN;UNKNOWN;YES
TRX-1056735;2026-07-30;700,83;UNKNOWN;UNKNOWN;YES
TRX-1056746;2026-01-23;0,0;Vendor_24;Germany;YES
TRX-1056750;2026-08-07;0,0;Vendor_25;China;YES
TRX-1056759;2026-04-08;602,55;UNKNOWN;UNKNOWN;YES
TRX-1056760;;1421,23;UNKNOWN;UNKNOWN;YES
TRX-1056762;2026-04-14;0,0;Vendor_50;Poland;YES
TRX-1056766;2026-05-17;0,0;UNKNOWN;UNKNOWN;YES
TRX-1056770;2026-09-05;1331,5;UNKNOWN;UNKNOWN;YES
TRX-1056775;2026-07-21;1015,56;UNKNOWN;UNKNOWN;YES
TRX-1056776;2026-08-05;0,0;Vendor_15;Germany;YES
TRX-1056787;2026-08-29;867,86;UNKNOWN;UNKNOWN;YES
TRX-1056789;2026-02-28;0,0;Vendor_19;Netherlands;YES
TRX-1056798;2026-05-24;0,0;Vendor_10;China;YES
TRX-1056808;2026-02-23;0,0;Vendor_26;Netherlands;YES
TRX-1056828;2026-02-09;0,0;Vendor_47;Netherlands;YES
TRX-1056829;2026-06-04;0,0;Vendor_5;Poland;YES
TRX-1056840;2026-05-26;0,0;UNKNOWN;UNKNOWN;YES
TRX-1056842;2026-03-04;0,0;Vendor_5;Poland;YES
TRX-1056847;2026-06-14;568,19;UNKNOWN;UNKNOWN;YES
TRX-1056855;2026-06-02;1112,94;UNKNOWN;UNKNOWN;YES
TRX-1056861;2026-06-15;682,81;UNKNOWN;UNKNOWN;YES
TRX-1056862;2026-05-19;0,0;Vendor_26;Netherlands;YES
TRX-1056863;2026-02-19;228,25;UNKNOWN;UNKNOWN;YES
TRX-1056866;2026-05-14;0,0;Vendor_8;Germany;YES
TRX-1056874;2026-02-03;800,47;UNKNOWN;UNKNOWN;YES
TRX-1056875;2026-06-13;0,0;UNKNOWN;UNKNOWN;YES
TRX-1056876;2026-04-20;0,0;Vendor_5;Poland;YES
TRX-1056877;2026-07-05;42,53;UNKNOWN;UNKNOWN;YES
TRX-1056884;2026-01-21;1045,77;UNKNOWN;UNKNOWN;YES
TRX-1056889;2026-04-26;0,0;Vendor_28;Netherlands;YES
TRX-1056890;2026-04-26;0,0;Vendor_16;Netherlands;YES
TRX-1056893;2026-02-11;0,0;Vendor_46;Poland;YES
TRX-1056906;2026-07-20;0,0;Vendor_35;Poland;YES
TRX-1056910;2026-01-29;0,0;Vendor_34;China;YES
TRX-1056917;2026-07-21;859,1;UNKNOWN;UNKNOWN;YES
TRX-1056918;2026-09-08;728,76;UNKNOWN;UNKNOWN;YES
TRX-1056925;2026-07-19;923,96;UNKNOWN;UNKNOWN;YES
TRX-1056927;2026-06-07;0,0;Vendor_6;China;YES
TRX-1056931;2026-05-09;0,0;UNKNOWN;UNKNOWN;YES
TRX-1056932;2026-02-11;0,0;Vendor_40;China;YES
TRX-1056942;2026-02-01;659,48;UNKNOWN;UNKNOWN;YES
TRX-1056945;2026-01-12;927,74;UNKNOWN;UNKNOWN;YES
TRX-1056946;2026-08-26;1221,03;UNKNOWN;UNKNOWN;YES
TRX-1056950;2026-02-17;0,0;Vendor_26;Netherlands;YES
TRX-1056952;2026-04-09;0,0;Vendor_40;China;YES
TRX-1056955;;0,0;Vendor_43;Netherlands;YES
TRX-1056965;2026-05-25;0,0;Vendor_37;China;YES
TRX-1056972;2026-06-05;0,0;Vendor_12;Netherlands;YES
TRX-1056974;2026-08-14;0,0;Vendor_20;Netherlands;YES
TRX-1056986;2026-06-04;0,0;Vendor_7;China;YES
TRX-1056990;2026-05-06;0,0;Vendor_41;Germany;YES
TRX-1057001;2026-05-19;0,0;Vendor_6;China;YES
TRX-1057014;2026-07-06;818,21;UNKNOWN;UNKNOWN;YES
TRX-1057023;2026-02-18;0,0;Vendor_10;China;YES
TRX-1057027;2026-05-16;0,0;Vendor_19;Netherlands;YES
TRX-1057034;2026-02-13;1244,7;UNKNOWN;UNKNOWN;YES
TRX-1057035;2026-07-01;0,0;Vendor_11;Germany;YES
TRX-1057040;2026-08-06;250,56;UNKNOWN;UNKNOWN;YES
TRX-1057052;2026-09-06;1134,59;UNKNOWN;UNKNOWN;YES
TRX-1057072;2026-03-03;0,0;Vendor_17;China;YES
TRX-1057078;2026-08-12;1185,53;UNKNOWN;UNKNOWN;YES
TRX-1057096;2026-07-14;0,0;Vendor_26;Netherlands;YES
TRX-1057112;2026-01-26;0,0;UNKNOWN;UNKNOWN;YES
TRX-1057147;2026-03-14;523,84;UNKNOWN;UNKNOWN;YES
TRX-1057156;;66,98;UNKNOWN;UNKNOWN;YES
TRX-1057159;2026-08-21;1460,15;UNKNOWN;UNKNOWN;YES
TRX-1057165;2026-07-26;0,0;Vendor_2;China;YES
TRX-1057166;2026-08-15;0,0;Vendor_28;Netherlands;YES
TRX-1057177;2026-06-08;0,0;Vendor_45;Poland;YES
TRX-1057181;2026-03-19;1430,93;UNKNOWN;UNKNOWN;YES
TRX-1057182;2026-04-12;0,0;Vendor_37;China;YES
TRX-1057191;2026-08-05;0,0;Vendor_34;China;YES
TRX-1057194;2026-06-16;0,0;Vendor_48;Netherlands;YES
TRX-1057196;2026-06-08;0,0;Vendor_48;Netherlands;YES
TRX-1057208;2026-01-28;0,0;Vendor_16;Netherlands;YES
TRX-1057222;;0,0;UNKNOWN;UNKNOWN;YES
TRX-1057231;2026-07-23;0,0;Vendor_48;Netherlands;YES
TRX-1057237;2026-07-20;0,0;Vendor_4;Netherlands;YES
TRX-1057240;2026-07-11;0,0;Vendor_43;Netherlands;YES
TRX-1057251;2026-07-15;0,0;Vendor_16;Netherlands;YES
TRX-1057256;2026-03-08;672,48;UNKNOWN;UNKNOWN;YES
TRX-1057261;2026-06-10;0,0;Vendor_10;China;YES
TRX-1057264;2026-04-07;0,0;Vendor_49;Poland;YES
TRX-1057266;2026-03-01;1211,23;UNKNOWN;UNKNOWN;YES
TRX-1057275;2026-03-22;0,0;UNKNOWN;UNKNOWN;YES
TRX-1057278;2026-06-20;272,11;UNKNOWN;UNKNOWN;YES
TRX-1057281;2026-06-01;1189,35;UNKNOWN;UNKNOWN;YES
TRX-1057288;2026-05-09;45,69;UNKNOWN;UNKNOWN;YES
TRX-1057304;2026-03-24;0,0;Vendor_14;China;YES
TRX-1057312;2026-04-08;0,0;Vendor_29;Netherlands;YES
TRX-1057315;2026-03-15;652,98;UNKNOWN;UNKNOWN;YES
TRX-1057319;2026-03-02;106,25;UNKNOWN;UNKNOWN;YES
TRX-1057326;2026-06-17;0,0;Vendor_2;China;YES
TRX-1057337;2026-02-11;0,0;Vendor_8;Germany;YES
TRX-1057339;2026-02-23;0,0;Vendor_20;Netherlands;YES
TRX-1057340;2026-02-09;1320,08;UNKNOWN;UNKNOWN;YES
TRX-1057342;2026-02-01;0,0;Vendor_39;Poland;YES
TRX-1057346;2026-04-10;0,0;UNKNOWN;UNKNOWN;YES
TRX-1057349;2026-02-13;0,0;Vendor_25;China;YES
TRX-1057356;2026-04-17;0,0;UNKNOWN;UNKNOWN;YES
TRX-1057364;2026-06-03;870,2;UNKNOWN;UNKNOWN;YES
TRX-1057365;2026-07-18;786,44;UNKNOWN;UNKNOWN;YES
TRX-1057379;2026-05-03;0,0;Vendor_19;Netherlands;YES
TRX-1057380;2026-02-27;0,0;Vendor_32;Germany;YES
TRX-1057388;2026-08-20;809,26;UNKNOWN;UNKNOWN;YES
TRX-1057389;2026-02-14;162,75;UNKNOWN;UNKNOWN;YES
TRX-1057391;2026-08-15;56,02;UNKNOWN;UNKNOWN;YES
TRX-1057396;2026-03-24;57,46;UNKNOWN;UNKNOWN;YES
TRX-1057402;2026-08-17;444,91;UNKNOWN;UNKNOWN;YES
TRX-1057406;2026-02-10;0,0;Vendor_25;China;YES
TRX-1057441;2026-01-28;0,0;Vendor_29;Netherlands;YES
TRX-1057442;2026-09-01;0,0;Vendor_6;China;YES
TRX-1057446;;0,0;Vendor_12;Netherlands;YES
TRX-1057448;2026-01-15;0,0;Vendor_43;Netherlands;YES
TRX-1057455;2026-05-02;135,84;UNKNOWN;UNKNOWN;YES
TRX-1057457;;0,0;Vendor_49;Poland;YES
TRX-1057472;2026-02-05;0,0;Vendor_15;Germany;YES
TRX-1057478;2026-03-17;0,0;Vendor_29;Netherlands;YES
TRX-1057486;;0,0;Vendor_19;Netherlands;YES
TRX-1057492;2026-07-01;0,0;Vendor_25;China;YES
TRX-1057497;2026-01-27;0,0;Vendor_13;Netherlands;YES
TRX-1057507;2026-06-04;1260,12;UNKNOWN;UNKNOWN;YES
TRX-1057515;2026-04-05;0,0;Vendor_50;Poland;YES
TRX-1057516;2026-05-06;0,0;Vendor_2;China;YES
TRX-1057526;;0,0;Vendor_3;Poland;YES
TRX-1057527;2026-08-10;0,0;Vendor_3;Poland;YES
TRX-1057582;2026-02-15;0,0;Vendor_2;China;YES
TRX-1057594;;441,87;UNKNOWN;UNKNOWN;YES
TRX-1057595;2026-05-11;0,0;Vendor_3;Poland;YES
TRX-1057599;2026-05-16;0,0;Vendor_24;Germany;YES
TRX-1057600;2026-01-21;0,0;Vendor_42;Germany;YES
TRX-1057601;2026-03-20;307,8;UNKNOWN;UNKNOWN;YES
TRX-1057610;2026-06-20;1391,21;UNKNOWN;UNKNOWN;YES
TRX-1057617;2026-05-29;0,0;Vendor_48;Netherlands;YES
TRX-1057619;2026-04-08;0,0;Vendor_23;Poland;YES
TRX-1057630;2026-03-17;0,0;Vendor_8;Germany;YES
TRX-1057645;2026-02-11;562,88;UNKNOWN;UNKNOWN;YES
TRX-1057648;2026-07-08;0,0;Vendor_19;Netherlands;YES
TRX-1057652;2026-01-25;0,0;Vendor_11;Germany;YES
TRX-1057659;2026-08-15;0,0;Vendor_45;Poland;YES
TRX-1057664;2026-02-19;1195,24;UNKNOWN;UNKNOWN;YES
TRX-1057672;2026-04-18;0,0;Vendor_14;China;YES
TRX-1057673;2026-03-30;366,75;UNKNOWN;UNKNOWN;YES
TRX-1057696;2026-02-01;0,0;Vendor_27;Poland;YES
TRX-1057712;2026-02-05;758,16;UNKNOWN;UNKNOWN;YES
TRX-1057713;2026-05-26;0,0;Vendor_49;Poland;YES
TRX-1057719;2026-02-17;0,0;Vendor_49;Poland;YES
TRX-1057725;2026-08-21;0,0;Vendor_26;Netherlands;YES
TRX-1057744;2026-03-21;0,0;Vendor_50;Poland;YES
TRX-1057754;2026-05-24;0,0;Vendor_28;Netherlands;YES
TRX-1057762;2026-04-11;1393,46;UNKNOWN;UNKNOWN;YES
TRX-1057764;;0,0;Vendor_27;Poland;YES
TRX-1057766;2026-08-13;254,11;UNKNOWN;UNKNOWN;YES
TRX-1057767;2026-07-12;1030,08;UNKNOWN;UNKNOWN;YES
TRX-1057768;2026-02-03;0,0;Vendor_17;China;YES
TRX-1057780;2026-09-08;0,0;Vendor_27;Poland;YES
TRX-1057781;2026-03-18;0,0;Vendor_5;Poland;YES
TRX-1057783;2026-07-31;0,0;Vendor_44;Poland;YES
TRX-1057787;2026-06-20;0,0;Vendor_3;Poland;YES
TRX-1057806;2026-01-15;603,15;UNKNOWN;UNKNOWN;YES
TRX-1057820;2026-08-19;0,0;Vendor_17;China;YES
TRX-1057822;2026-04-05;0,0;Vendor_34;China;YES
TRX-1057824;2026-07-25;13,46;UNKNOWN;UNKNOWN;YES
TRX-1057835;2026-09-02;737,46;UNKNOWN;UNKNOWN;YES
TRX-1057841;2026-08-19;0,0;Vendor_35;Poland;YES
TRX-1057846;2026-04-19;0,0;Vendor_36;Poland;YES
TRX-1057856;2026-04-07;0,0;UNKNOWN;UNKNOWN;YES
TRX-1057864;2026-02-21;0,0;Vendor_21;Germany;YES
TRX-1057866;2026-08-22;0,0;UNKNOWN;UNKNOWN;YES
TRX-1057876;2026-02-22;0,0;Vendor_26;Netherlands;YES
TRX-1057878;2026-03-13;0,0;Vendor_5;Poland;YES
TRX-1057886;2026-06-27;0,0;Vendor_43;Netherlands;YES
TRX-1057894;2026-02-27;0,0;Vendor_19;Netherlands;YES
TRX-1057896;2026-05-24;0,0;Vendor_37;China;YES
TRX-1057902;2026-03-18;1497,07;UNKNOWN;UNKNOWN;YES
TRX-1057906;2026-07-27;0,0;Vendor_40;China;YES
TRX-1057911;2026-05-23;0,0;Vendor_2;China;YES
TRX-1057915;2026-01-17;0,0;Vendor_29;Netherlands;YES
TRX-1057919;2026-06-21;0,0;Vendor_47;Netherlands;YES
TRX-1057923;2026-02-04;0,0;Vendor_33;Poland;YES
TRX-1057934;2026-02-14;0,0;Vendor_31;Netherlands;YES
TRX-1057936;2026-09-05;0,0;Vendor_38;China;YES
TRX-1057970;2026-08-18;477,1;UNKNOWN;UNKNOWN;YES
TRX-1057975;;383,16;UNKNOWN;UNKNOWN;YES
TRX-1057979;2026-06-02;0,0;Vendor_20;Netherlands;YES
TRX-1057998;2026-08-10;0,0;Vendor_47;Netherlands;YES
TRX-1058003;;1298,26;UNKNOWN;UNKNOWN;YES
TRX-1058011;2026-08-06;0,0;Vendor_17;China;YES
TRX-1058012;2026-05-17;0,0;Vendor_45;Poland;YES
TRX-1058016;2026-04-22;1347,53;UNKNOWN;UNKNOWN;YES
TRX-1058041;2026-05-26;0,0;Vendor_9;China;YES
TRX-1058050;2026-06-27;0,0;Vendor_39;Poland;YES
TRX-1058053;2026-04-22;0,0;Vendor_32;Germany;YES
TRX-1058059;2026-07-25;0,0;UNKNOWN;UNKNOWN;YES
TRX-1058060;2026-03-09;0,0;Vendor_44;Poland;YES
TRX-1058061;2026-07-04;1384,17;UNKNOWN;UNKNOWN;YES
TRX-1058062;2026-02-13;0,0;Vendor_20;Netherlands;YES
TRX-1058070;2026-06-16;0,0;Vendor_32;Germany;YES
TRX-1058073;2026-08-23;0,0;Vendor_18;China;YES
TRX-1058079;2026-04-13;130,27;UNKNOWN;UNKNOWN;YES
TRX-1058080;2026-01-05;0,0;Vendor_34;China;YES
TRX-1058086;2026-04-15;0,0;Vendor_17;China;YES
TRX-1058087;2026-03-20;0,0;Vendor_45;Poland;YES
TRX-1058088;2026-07-07;0,0;Vendor_47;Netherlands;YES
TRX-1058091;2026-01-24;0,0;Vendor_25;China;YES
TRX-1058097;2026-02-20;519,88;UNKNOWN;UNKNOWN;YES
TRX-1058109;2026-04-02;0,0;Vendor_48;Netherlands;YES
TRX-1058117;2026-05-09;0,0;Vendor_35;Poland;YES
TRX-1058118;2026-02-15;936,91;UNKNOWN;UNKNOWN;YES
TRX-1058139;2026-04-22;0,0;Vendor_29;Netherlands;YES
TRX-1058141;2026-04-06;646,57;UNKNOWN;UNKNOWN;YES
TRX-1058146;2026-03-09;0,0;Vendor_2;China;YES
TRX-1058156;2026-07-09;0,0;Vendor_19;Netherlands;YES
TRX-1058158;2026-07-23;0,0;Vendor_32;Germany;YES
TRX-1058163;2026-08-20;0,0;Vendor_43;Netherlands;YES
TRX-1058165;2026-03-24;0,0;Vendor_19;Netherlands;YES
TRX-1058177;2026-06-24;0,0;Vendor_47;Netherlands;YES
TRX-1058189;2026-01-23;0,0;Vendor_31;Netherlands;YES
TRX-1058193;2026-01-28;883,67;UNKNOWN;UNKNOWN;YES
TRX-1058196;2026-07-06;1499,14;UNKNOWN;UNKNOWN;YES
TRX-1058206;2026-05-07;0,0;UNKNOWN;UNKNOWN;YES
TRX-1058207;2026-08-28;0,0;Vendor_6;China;YES
TRX-1058212;2026-07-12;966,43;UNKNOWN;UNKNOWN;YES
TRX-1058213;2026-01-30;0,0;Vendor_32;Germany;YES
TRX-1058222;2026-08-07;0,0;Vendor_30;Netherlands;YES
TRX-1058224;2026-05-06;0,0;Vendor_50;Poland;YES
TRX-1058231;2026-09-05;294,01;UNKNOWN;UNKNOWN;YES
TRX-1058235;2026-05-23;1252,9;UNKNOWN;UNKNOWN;YES
TRX-1058237;2026-06-22;0,0;Vendor_6;China;YES
TRX-1058238;2026-01-13;0,0;Vendor_12;Netherlands;YES
TRX-1058245;2026-01-19;0,0;Vendor_48;Netherlands;YES
TRX-1058249;2026-05-19;1130,03;UNKNOWN;UNKNOWN;YES
TRX-1058252;2026-08-07;0,0;Vendor_49;Poland;YES
TRX-1058254;2026-04-05;920,0;UNKNOWN;UNKNOWN;YES
TRX-1058262;2026-05-05;0,0;Vendor_42;Germany;YES
TRX-1058266;2026-01-09;473,88;UNKNOWN;UNKNOWN;YES
TRX-1058267;2026-01-24;0,0;Vendor_2;China;YES
TRX-1058270;2026-05-24;0,0;Vendor_26;Netherlands;YES
TRX-1058272;2026-07-23;0,0;Vendor_32;Germany;YES
TRX-1058277;2026-08-23;0,0;Vendor_4;Netherlands;YES
TRX-1058280;2026-06-11;0,0;Vendor_3;Poland;YES
TRX-1058288;2026-01-24;0,0;Vendor_32;Germany;YES
TRX-1058289;2026-04-03;816,41;UNKNOWN;UNKNOWN;YES
TRX-1058294;2026-02-10;0,0;Vendor_34;China;YES
TRX-1058299;2026-03-04;389,72;UNKNOWN;UNKNOWN;YES
TRX-1058311;2026-02-13;0,0;Vendor_8;Germany;YES
TRX-1058313;2026-07-16;0,0;Vendor_42;Germany;YES
TRX-1058318;2026-02-26;0,0;Vendor_43;Netherlands;YES
TRX-1058331;2026-07-27;838,13;UNKNOWN;UNKNOWN;YES
TRX-1058333;2026-05-02;0,0;Vendor_40;China;YES
TRX-1058336;2026-06-10;0,0;Vendor_49;Poland;YES
TRX-1058338;2026-02-18;0,0;Vendor_41;Germany;YES
TRX-1058346;2026-04-27;233,13;UNKNOWN;UNKNOWN;YES
TRX-1058353;2026-02-12;0,0;Vendor_13;Netherlands;YES
TRX-1058356;2026-08-03;844,71;UNKNOWN;UNKNOWN;YES
TRX-1058357;2026-05-10;0,0;Vendor_10;China;YES
TRX-1058359;2026-06-28;0,0;Vendor_21;Germany;YES
TRX-1058397;2026-01-27;0,0;Vendor_28;Netherlands;YES
TRX-1058400;2026-09-01;1131,71;UNKNOWN;UNKNOWN;YES
TRX-1058405;2026-08-15;0,0;Vendor_7;China;YES
TRX-1058423;2026-07-21;0,0;Vendor_2;China;YES
TRX-1058427;2026-03-28;0,0;Vendor_39;Poland;YES
TRX-1058434;2026-07-14;699,03;UNKNOWN;UNKNOWN;YES
TRX-1058437;2026-02-10;0,0;Vendor_22;Germany;YES
TRX-1058446;2026-04-17;0,0;Vendor_16;Netherlands;YES
TRX-1058456;2026-06-16;998,49;UNKNOWN;UNKNOWN;YES
TRX-1058458;2026-05-27;0,0;Vendor_38;China;YES
TRX-1058459;2026-02-27;1484,99;UNKNOWN;UNKNOWN;YES
TRX-1058467;2026-06-04;0,0;Vendor_19;Netherlands;YES
TRX-1058469;2026-03-26;0,0;Vendor_8;Germany;YES
TRX-1058475;2026-07-12;609,43;UNKNOWN;UNKNOWN;YES
TRX-1058478;2026-05-31;1063,83;UNKNOWN;UNKNOWN;YES
TRX-1058479;2026-04-12;1344,43;UNKNOWN;UNKNOWN;YES
TRX-1058494;2026-03-11;0,0;Vendor_50;Poland;YES
TRX-1058505;2026-04-08;0,0;Vendor_8;Germany;YES
TRX-1058506;2026-08-15;0,0;Vendor_42;Germany;YES
TRX-1058510;2026-05-08;0,0;Vendor_16;Netherlands;YES
TRX-1058513;2026-08-10;0,0;Vendor_4;Netherlands;YES
TRX-1058516;2026-03-06;284,37;UNKNOWN;UNKNOWN;YES
TRX-1058523;2026-03-05;25,13;UNKNOWN;UNKNOWN;YES
TRX-1058534;2026-03-09;0,0;Vendor_28;Netherlands;YES
TRX-1058538;2026-07-27;149,46;UNKNOWN;UNKNOWN;YES
TRX-1058541;2026-06-17;0,0;Vendor_18;China;YES
TRX-1058544;2026-03-08;0,0;Vendor_29;Netherlands;YES
TRX-1058553;2026-01-23;0,0;Vendor_11;Germany;YES
TRX-1058564;2026-03-08;919,21;UNKNOWN;UNKNOWN;YES
TRX-1058566;2026-01-28;0,0;Vendor_41;Germany;YES
TRX-1058569;2026-04-30;0,0;Vendor_21;Germany;YES
TRX-1058579;2026-01-11;424,96;UNKNOWN;UNKNOWN;YES
TRX-1058594;2026-05-16;0,0;Vendor_16;Netherlands;YES
TRX-1058604;2026-03-23;0,0;Vendor_29;Netherlands;YES
TRX-1058605;2026-07-02;1381,28;UNKNOWN;UNKNOWN;YES
TRX-1058620;2026-03-20;0,0;UNKNOWN;UNKNOWN;YES
TRX-1058621;2026-07-27;0,0;Vendor_46;Poland;YES
TRX-1058622;2026-09-05;0,0;Vendor_30;Netherlands;YES
TRX-1058638;2026-02-24;0,0;Vendor_40;China;YES
TRX-1058644;2026-07-13;0,0;Vendor_30;Netherlands;YES
TRX-1058647;;0,0;Vendor_18;China;YES
TRX-1058673;2026-06-10;0,0;Vendor_2;China;YES
TRX-1058675;2026-02-25;234,28;UNKNOWN;UNKNOWN;YES
TRX-1058677;2026-02-26;0,0;Vendor_32;Germany;YES
TRX-1058686;2026-01-27;0,0;Vendor_2;China;YES
TRX-1058702;2026-02-17;0,0;Vendor_40;China;YES
TRX-1058725;2026-07-04;980,35;UNKNOWN;UNKNOWN;YES
TRX-1058732;2026-01-13;0,0;Vendor_30;Netherlands;YES
TRX-1058742;2026-01-23;0,0;Vendor_44;Poland;YES
TRX-1058750;2026-08-28;0,0;Vendor_47;Netherlands;YES
TRX-1058751;2026-08-12;0,0;Vendor_9;China;YES
TRX-1058761;2026-05-04;0,0;Vendor_33;Poland;YES
TRX-1058763;;0,0;Vendor_35;Poland;YES
TRX-1058781;2026-02-21;0,0;Vendor_11;Germany;YES
TRX-1058789;2026-01-29;0,0;Vendor_6;China;YES
TRX-1058791;2026-06-16;0,0;Vendor_37;China;YES
TRX-1058796;2026-04-23;0,0;Vendor_15;Germany;YES
TRX-1058803;2026-07-08;0,0;Vendor_40;China;YES
TRX-1058805;2026-05-14;0,0;Vendor_30;Netherlands;YES
TRX-1058807;2026-03-20;459,65;UNKNOWN;UNKNOWN;YES
TRX-1058817;2026-07-24;0,0;Vendor_23;Poland;YES
TRX-1058818;2026-04-06;0,0;Vendor_22;Germany;YES
TRX-1058819;2026-06-13;0,0;Vendor_36;Poland;YES
TRX-1058823;2026-08-03;307,89;UNKNOWN;UNKNOWN;YES
TRX-1058833;2026-07-18;445,6;UNKNOWN;UNKNOWN;YES
TRX-1058834;2026-08-26;0,0;Vendor_40;China;YES
TRX-1058853;2026-02-02;0,0;Vendor_2;China;YES
TRX-1058867;2026-08-08;0,0;Vendor_8;Germany;YES
TRX-1058869;2026-06-11;0,0;Vendor_23;Poland;YES
TRX-1058870;2026-02-01;0,0;Vendor_7;China;YES
TRX-1058872;2026-06-26;0,0;Vendor_44;Poland;YES
TRX-1058897;2026-05-19;0,0;Vendor_12;Netherlands;YES
TRX-1058900;2026-04-27;519,36;UNKNOWN;UNKNOWN;YES
TRX-1058924;2026-02-21;0,0;Vendor_36;Poland;YES
TRX-1058925;2026-08-05;0,0;Vendor_2;China;YES
TRX-1058928;2026-04-05;0,0;Vendor_8;Germany;YES
TRX-1058959;2026-02-10;0,0;Vendor_36;Poland;YES
TRX-1058960;2026-02-14;0,0;Vendor_44;Poland;YES
TRX-1058961;2026-08-27;0,0;Vendor_17;China;YES
TRX-1058968;2026-05-31;0,0;Vendor_12;Netherlands;YES
TRX-1058975;2026-06-18;0,0;Vendor_28;Netherlands;YES
TRX-1058981;2026-01-07;0,0;Vendor_42;Germany;YES
TRX-1058989;2026-01-02;0,0;Vendor_16;Netherlands;YES
TRX-1059001;2026-01-11;357,84;UNKNOWN;UNKNOWN;YES
TRX-1059008;2026-02-02;1371,21;UNKNOWN;UNKNOWN;YES
TRX-1059014;2026-08-13;0,0;Vendor_23;Poland;YES
TRX-1059020;2026-08-12;0,0;Vendor_2;China;YES
TRX-1059022;2026-03-17;0,0;Vendor_34;China;YES
TRX-1059027;;0,0;Vendor_38;China;YES
TRX-1059028;2026-08-05;297,96;UNKNOWN;UNKNOWN;YES
TRX-1059032;;0,0;Vendor_31;Netherlands;YES
TRX-1059042;2026-01-09;1171,51;UNKNOWN;UNKNOWN;YES
TRX-1059048;2026-02-04;0,0;Vendor_15;Germany;YES
TRX-1059065;2026-03-06;0,0;Vendor_6;China;YES
TRX-1059066;2026-07-20;0,0;Vendor_37;China;YES
TRX-1059070;2026-01-01;1368,61;UNKNOWN;UNKNOWN;YES
TRX-1059071;2026-02-28;0,0;Vendor_3;Poland;YES
TRX-1059085;2026-02-22;0,0;UNKNOWN;UNKNOWN;YES
TRX-1059088;2026-02-15;0,0;Vendor_27;Poland;YES
TRX-1059093;2026-05-27;0,0;Vendor_46;Poland;YES
TRX-1059118;2026-06-14;255,66;UNKNOWN;UNKNOWN;YES
TRX-1059119;2026-03-12;0,0;Vendor_28;Netherlands;YES
TRX-1059122;2026-07-23;44,96;UNKNOWN;UNKNOWN;YES
TRX-1059129;2026-06-11;0,0;Vendor_9;China;YES
TRX-1059137;2026-04-23;0,0;Vendor_50;Poland;YES
TRX-1059138;2026-05-31;686,24;UNKNOWN;UNKNOWN;YES
TRX-1059150;2026-05-25;0,0;Vendor_5;Poland;YES
TRX-1059165;2026-01-31;554,75;UNKNOWN;UNKNOWN;YES
TRX-1059169;2026-07-28;0,0;Vendor_29;Netherlands;YES
TRX-1059172;2026-03-25;0,0;Vendor_10;China;YES
TRX-1059183;;0,0;Vendor_22;Germany;YES
TRX-1059194;2026-01-07;0,0;Vendor_8;Germany;YES
TRX-1059199;2026-07-29;0,0;Vendor_19;Netherlands;YES
TRX-1059207;;0,0;Vendor_9;China;YES
TRX-1059214;2026-05-19;0,0;Vendor_37;China;YES
TRX-1059220;2026-07-05;505,0;UNKNOWN;UNKNOWN;YES
TRX-1059225;2026-01-27;0,0;Vendor_10;China;YES
TRX-1059229;2026-02-26;0,0;Vendor_38;China;YES
TRX-1059248;2026-01-21;0,0;Vendor_6;China;YES
TRX-1059251;2026-02-20;0,0;Vendor_29;Netherlands;YES
TRX-1059255;2026-03-08;0,0;Vendor_15;Germany;YES
TRX-1059257;2026-03-19;0,0;UNKNOWN;UNKNOWN;YES
TRX-1059273;2026-04-10;505,99;UNKNOWN;UNKNOWN;YES
TRX-1059279;2026-02-17;0,0;Vendor_17;China;YES
TRX-1059298;2026-02-04;0,0;Vendor_28;Netherlands;YES
TRX-1059318;2026-08-10;0,0;Vendor_40;China;YES
TRX-1059322;2026-08-19;0,0;Vendor_46;Poland;YES
TRX-1059333;2026-06-25;0,0;Vendor_2;China;YES
TRX-1059335;2026-05-03;0,0;Vendor_17;China;YES
TRX-1059337;2026-01-20;0,0;Vendor_11;Germany;YES
TRX-1059338;2026-08-07;0,0;Vendor_3;Poland;YES
TRX-1059341;2026-05-24;0,0;Vendor_50;Poland;YES
TRX-1059343;2026-04-29;0,0;Vendor_8;Germany;YES
TRX-1059345;2026-09-07;977,08;UNKNOWN;UNKNOWN;YES
TRX-1059347;2026-08-16;0,0;Vendor_17;China;YES
TRX-1059352;2026-07-29;0,0;Vendor_8;Germany;YES
TRX-1059358;2026-01-18;0,0;Vendor_30;Netherlands;YES
TRX-1059361;2026-01-12;0,0;Vendor_21;Germany;YES
TRX-1059365;2026-07-16;0,0;Vendor_29;Netherlands;YES
TRX-1059370;2026-02-06;0,0;Vendor_22;Germany;YES
TRX-1059387;2026-02-03;0,0;Vendor_42;Germany;YES
TRX-1059392;2026-06-24;54,13;UNKNOWN;UNKNOWN;YES
TRX-1059396;2026-07-30;0,0;UNKNOWN;UNKNOWN;YES
TRX-1059402;2026-06-29;0,0;Vendor_34;China;YES
TRX-1059409;2026-01-21;0,0;Vendor_3;Poland;YES
TRX-1059414;2026-03-08;0,0;Vendor_10;China;YES
TRX-1059419;2026-01-13;1086,35;UNKNOWN;UNKNOWN;YES
TRX-1059440;2026-08-22;0,0;Vendor_40;China;YES
TRX-1059443;2026-06-09;0,0;Vendor_9;China;YES
TRX-1059450;2026-08-08;0,0;Vendor_17;China;YES
TRX-1059461;2026-06-07;0,0;Vendor_22;Germany;YES
TRX-1059469;2026-01-12;0,0;Vendor_4;Netherlands;YES
TRX-1059470;2026-04-16;437,32;UNKNOWN;UNKNOWN;YES
TRX-1059481;2026-01-29;981,6;UNKNOWN;UNKNOWN;YES
TRX-1059511;2026-02-16;0,0;Vendor_21;Germany;YES
TRX-1059531;2026-05-13;397,98;UNKNOWN;UNKNOWN;YES
TRX-1059553;2026-01-16;1138,51;UNKNOWN;UNKNOWN;YES
TRX-1059555;2026-05-13;0,0;Vendor_42;Germany;YES
TRX-1059565;2026-06-19;0,0;Vendor_43;Netherlands;YES
TRX-1059589;2026-07-09;572,22;UNKNOWN;UNKNOWN;YES
TRX-1059591;2026-06-09;1355,77;UNKNOWN;UNKNOWN;YES
TRX-1059592;2026-02-23;575,68;UNKNOWN;UNKNOWN;YES
TRX-1059596;2026-05-12;57,94;UNKNOWN;UNKNOWN;YES
TRX-1059613;;1462,2;UNKNOWN;UNKNOWN;YES
TRX-1059614;2026-01-27;0,0;Vendor_3;Poland;YES
TRX-1059616;2026-02-03;0,0;Vendor_39;Poland;YES
TRX-1059628;2026-05-25;0,0;Vendor_15;Germany;YES
TRX-1059635;2026-05-17;0,0;Vendor_17;China;YES
TRX-1059636;2026-08-20;0,0;Vendor_38;China;YES
TRX-1059639;2026-04-11;0,0;Vendor_46;Poland;YES
TRX-1059642;2026-05-30;982,19;UNKNOWN;UNKNOWN;YES
TRX-1059660;2026-03-27;0,0;Vendor_13;Netherlands;YES
TRX-1059663;2026-01-12;387,83;UNKNOWN;UNKNOWN;YES
TRX-1059664;2026-05-25;1140,86;UNKNOWN;UNKNOWN;YES
TRX-1059665;;0,0;Vendor_10;China;YES
TRX-1059666;2026-02-08;0,0;Vendor_11;Germany;YES
TRX-1059671;2026-02-20;0,0;Vendor_42;Germany;YES
TRX-1059673;2026-07-29;0,0;Vendor_17;China;YES
TRX-1059683;2026-06-08;0,0;Vendor_47;Netherlands;YES
TRX-1059685;2026-08-06;1396,85;UNKNOWN;UNKNOWN;YES
TRX-1059693;2026-05-21;0,0;Vendor_8;Germany;YES
TRX-1059697;2026-08-24;0,0;Vendor_38;China;YES
TRX-1059700;2026-06-06;0,0;Vendor_34;China;YES
TRX-1059703;2026-05-28;795,94;UNKNOWN;UNKNOWN;YES
TRX-1059706;2026-04-10;0,0;Vendor_36;Poland;YES
TRX-1059710;2026-02-03;0,0;Vendor_18;China;YES
TRX-1059713;2026-02-01;753,26;UNKNOWN;UNKNOWN;YES
TRX-1059731;2026-08-25;0,0;Vendor_15;Germany;YES
TRX-1059732;2026-03-25;1325,3;UNKNOWN;UNKNOWN;YES
TRX-1059735;2026-01-06;1472,0;UNKNOWN;UNKNOWN;YES
TRX-1059753;2026-04-15;575,4;UNKNOWN;UNKNOWN;YES
TRX-1059758;2026-06-04;0,0;Vendor_5;Poland;YES
TRX-1059761;2026-04-15;0,0;Vendor_43;Netherlands;YES
TRX-1059776;2026-06-09;0,0;Vendor_27;Poland;YES
TRX-1059780;2026-01-20;0,0;Vendor_42;Germany;YES
TRX-1059794;2026-01-23;0,0;Vendor_48;Netherlands;YES
TRX-1059805;2026-09-01;0,0;Vendor_43;Netherlands;YES
TRX-1059806;2026-04-18;1294,64;UNKNOWN;UNKNOWN;YES
TRX-1059808;2026-06-15;0,0;Vendor_9;China;YES
TRX-1059809;2026-01-07;1195,15;UNKNOWN;UNKNOWN;YES
TRX-1059838;2026-04-09;244,58;UNKNOWN;UNKNOWN;YES
TRX-1059839;2026-01-09;0,0;Vendor_13;Netherlands;YES
TRX-1059842;;1176,75;UNKNOWN;UNKNOWN;YES
TRX-1059845;2026-02-26;0,0;Vendor_49;Poland;YES
TRX-1059847;2026-03-27;532,11;UNKNOWN;UNKNOWN;YES
TRX-1059848;2026-06-12;0,0;Vendor_21;Germany;YES
TRX-1059855;2026-07-17;0,0;Vendor_13;Netherlands;YES
TRX-1059860;2026-08-29;0,0;Vendor_21;Germany;YES
TRX-1059866;2026-05-29;0,0;Vendor_14;China;YES
TRX-1059868;2026-03-29;316,05;UNKNOWN;UNKNOWN;YES
TRX-1059877;2026-01-15;473,24;UNKNOWN;UNKNOWN;YES
TRX-1059883;2026-01-04;0,0;Vendor_45;Poland;YES
TRX-1059890;2026-04-07;451,1;UNKNOWN;UNKNOWN;YES
TRX-1059902;2026-04-16;64,69;UNKNOWN;UNKNOWN;YES
TRX-1059914;2026-01-08;591,59;UNKNOWN;UNKNOWN;YES
TRX-1059915;2026-06-18;351,33;UNKNOWN;UNKNOWN;YES
TRX-1059918;2026-07-08;0,0;Vendor_46;Poland;YES
TRX-1059940;2026-09-04;0,0;Vendor_16;Netherlands;YES
TRX-1059945;2026-08-26;0,0;Vendor_4;Netherlands;YES
TRX-1059947;2026-08-09;606,3;UNKNOWN;UNKNOWN;YES
TRX-1059950;;0,0;Vendor_12;Netherlands;YES
TRX-1059957;2026-03-24;0,0;Vendor_17;China;YES
TRX-1059965;2026-01-02;0,0;Vendor_9;China;YES
TRX-1059966;2026-06-10;0,0;Vendor_39;Poland;YES
TRX-1059967;2026-01-13;1471,92;UNKNOWN;UNKNOWN;YES
TRX-1059973;2026-09-07;0,0;Vendor_14;China;YES
TRX-1059981;2026-08-26;0,0;Vendor_49;Poland;YES
TRX-1059992;2026-02-14;0,0;Vendor_10;China;YES
TRX-1060006;2026-09-02;1416,76;UNKNOWN;UNKNOWN;YES
TRX-1060015;2026-08-18;0,0;Vendor_35;Poland;YES
TRX-1060018;;0,0;UNKNOWN;UNKNOWN;YES
TRX-1060019;2026-06-22;0,0;UNKNOWN;UNKNOWN;YES
TRX-1060029;;1134,39;UNKNOWN;UNKNOWN;YES
TRX-1060036;2026-07-22;0,0;Vendor_5;Poland;YES
TRX-1060037;2026-03-14;0,0;Vendor_48;Netherlands;YES
TRX-1060040;2026-06-08;0,0;Vendor_31;Netherlands;YES
TRX-1060050;2026-07-25;0,0;Vendor_6;China;YES
TRX-1060061;2026-04-09;681,93;UNKNOWN;UNKNOWN;YES
TRX-1060080;;592,7;UNKNOWN;UNKNOWN;YES
TRX-1060082;;364,0;UNKNOWN;UNKNOWN;YES
TRX-1060087;2026-06-14;0,0;Vendor_35;Poland;YES
TRX-1060094;2026-03-16;0,0;Vendor_24;Germany;YES
TRX-1060098;2026-03-29;620,52;UNKNOWN;UNKNOWN;YES
TRX-1060105;2026-08-04;0,0;Vendor_8;Germany;YES
TRX-1060117;2026-02-27;0,0;Vendor_24;Germany;YES
TRX-1060129;2026-06-16;252,91;UNKNOWN;UNKNOWN;YES
TRX-1060132;2026-08-03;475,38;UNKNOWN;UNKNOWN;YES
TRX-1060169;2026-04-08;0,0;Vendor_43;Netherlands;YES
TRX-1060180;2026-09-07;0,0;Vendor_41;Germany;YES
TRX-1060190;2026-03-09;844,51;UNKNOWN;UNKNOWN;YES
TRX-1060195;2026-02-27;0,0;Vendor_18;China;YES
TRX-1060204;2026-05-15;999,35;UNKNOWN;UNKNOWN;YES
TRX-1060209;2026-06-01;0,0;Vendor_46;Poland;YES
TRX-1060219;2026-05-10;0,0;Vendor_16;Netherlands;YES
TRX-1060223;2026-04-21;0,0;Vendor_34;China;YES
TRX-1060225;2026-07-01;0,0;Vendor_32;Germany;YES
TRX-1060231;2026-03-11;0,0;Vendor_32;Germany;YES
TRX-1060235;2026-08-09;0,0;Vendor_50;Poland;YES
TRX-1060238;2026-06-26;0,0;Vendor_44;Poland;YES
TRX-1060239;2026-05-06;371,69;UNKNOWN;UNKNOWN;YES
TRX-1060240;2026-03-30;0,0;Vendor_32;Germany;YES
TRX-1060242;2026-05-15;0,0;UNKNOWN;UNKNOWN;YES
TRX-1060250;2026-08-27;0,0;Vendor_21;Germany;YES
TRX-1060251;;0,0;Vendor_20;Netherlands;YES
TRX-1060252;2026-02-12;0,0;Vendor_29;Netherlands;YES
TRX-1060263;2026-02-21;0,0;Vendor_19;Netherlands;YES
TRX-1060267;;836,93;UNKNOWN;UNKNOWN;YES
TRX-1060268;2026-05-28;0,0;Vendor_23;Poland;YES
TRX-1060269;2026-05-12;0,0;Vendor_31;Netherlands;YES
TRX-1060285;2026-03-01;0,0;Vendor_22;Germany;YES
TRX-1060289;2026-04-10;0,0;Vendor_29;Netherlands;YES
TRX-1060304;2026-05-04;0,0;Vendor_34;China;YES
TRX-1060315;2026-07-11;0,0;Vendor_10;China;YES
TRX-1060322;2026-05-14;0,0;Vendor_10;China;YES
TRX-1060326;2026-07-18;0,0;Vendor_12;Netherlands;YES
TRX-1060327;2026-04-27;1407,17;UNKNOWN;UNKNOWN;YES
TRX-1060329;2026-06-28;0,0;Vendor_2;China;YES
TRX-1060334;2026-06-14;0,0;Vendor_32;Germany;YES
TRX-1060343;2026-08-14;0,0;Vendor_50;Poland;YES
TRX-1060347;2026-05-04;446,03;UNKNOWN;UNKNOWN;YES
TRX-1060350;2026-07-16;192,25;UNKNOWN;UNKNOWN;YES
TRX-1060359;2026-05-13;0,0;Vendor_18;China;YES
TRX-1060363;2026-04-19;451,57;UNKNOWN;UNKNOWN;YES
TRX-1060372;2026-08-28;0,0;Vendor_32;Germany;YES
TRX-1060374;2026-02-01;0,0;Vendor_34;China;YES
TRX-1060381;2026-06-26;453,99;UNKNOWN;UNKNOWN;YES
TRX-1060384;2026-08-27;658,15;UNKNOWN;UNKNOWN;YES
TRX-1060387;2026-07-22;0,0;Vendor_7;China;YES
TRX-1060389;2026-03-05;0,0;Vendor_31;Netherlands;YES
TRX-1060395;2026-02-05;0,0;Vendor_14;China;YES
TRX-1060410;2026-02-01;0,0;Vendor_38;China;YES
TRX-1060423;2026-03-13;1239,24;UNKNOWN;UNKNOWN;YES
TRX-1060435;2026-08-02;91,29;UNKNOWN;UNKNOWN;YES
TRX-1060440;2026-01-23;0,0;Vendor_42;Germany;YES
TRX-1060441;2026-07-20;0,0;Vendor_29;Netherlands;YES
TRX-1060461;2026-04-12;0,0;Vendor_27;Poland;YES
TRX-1060468;2026-06-10;89,99;UNKNOWN;UNKNOWN;YES
TRX-1060470;2026-07-28;0,0;Vendor_4;Netherlands;YES
TRX-1060471;2026-03-27;0,0;Vendor_34;China;YES
TRX-1060476;2026-03-30;0,0;Vendor_13;Netherlands;YES
TRX-1060482;2026-03-23;0,0;Vendor_9;China;YES
TRX-1060489;2026-05-01;0,0;UNKNOWN;UNKNOWN;YES
TRX-1060504;2026-08-15;0,0;Vendor_23;Poland;YES
TRX-1060507;2026-06-17;748,95;UNKNOWN;UNKNOWN;YES
TRX-1060508;2026-06-21;669,71;UNKNOWN;UNKNOWN;YES
TRX-1060513;2026-01-21;0,0;Vendor_32;Germany;YES
TRX-1060518;2026-04-08;0,0;Vendor_31;Netherlands;YES
TRX-1060520;2026-07-03;0,0;Vendor_10;China;YES
TRX-1060522;2026-02-18;0,0;Vendor_12;Netherlands;YES
TRX-1060531;2026-07-24;994,36;UNKNOWN;UNKNOWN;YES
TRX-1060533;2026-08-04;422,13;UNKNOWN;UNKNOWN;YES
TRX-1060535;2026-08-13;1033,35;UNKNOWN;UNKNOWN;YES
TRX-1060547;;731,22;UNKNOWN;UNKNOWN;YES
TRX-1060552;2026-08-08;439,81;UNKNOWN;UNKNOWN;YES
TRX-1060559;;397,24;UNKNOWN;UNKNOWN;YES
TRX-1060567;2026-05-03;943,36;UNKNOWN;UNKNOWN;YES
TRX-1060573;2026-06-21;218,85;UNKNOWN;UNKNOWN;YES
TRX-1060586;2026-05-24;0,0;Vendor_20;Netherlands;YES
TRX-1060590;2026-06-06;253,42;UNKNOWN;UNKNOWN;YES
TRX-1060591;2026-04-30;0,0;Vendor_36;Poland;YES
TRX-1060598;2026-05-08;0,0;Vendor_32;Germany;YES
TRX-1060611;2026-05-29;0,0;Vendor_7;China;YES
TRX-1060612;2026-04-25;0,0;Vendor_44;Poland;YES
TRX-1060614;2026-04-17;0,0;Vendor_50;Poland;YES
TRX-1060621;2026-05-18;0,0;UNKNOWN;UNKNOWN;YES
TRX-1060625;2026-09-06;0,0;Vendor_5;Poland;YES
TRX-1060648;2026-02-01;0,0;Vendor_28;Netherlands;YES
TRX-1060651;2026-01-24;0,0;Vendor_45;Poland;YES
TRX-1060657;2026-06-29;833,29;UNKNOWN;UNKNOWN;YES
TRX-1060661;2026-05-06;45,95;UNKNOWN;UNKNOWN;YES
TRX-1060667;;1309,99;UNKNOWN;UNKNOWN;YES
TRX-1060669;2026-04-02;547,36;UNKNOWN;UNKNOWN;YES
TRX-1060689;2026-06-14;0,0;Vendor_5;Poland;YES
TRX-1060690;2026-02-09;0,0;Vendor_45;Poland;YES
TRX-1060700;2026-01-30;0,0;Vendor_50;Poland;YES
TRX-1060710;2026-01-22;112,45;UNKNOWN;UNKNOWN;YES
TRX-1060736;2026-07-16;0,0;Vendor_25;China;YES
TRX-1060746;2026-03-14;0,0;Vendor_44;Poland;YES
TRX-1060754;2026-01-05;0,0;Vendor_9;China;YES
TRX-1060758;2026-06-27;0,0;Vendor_40;China;YES
TRX-1060764;;911,41;UNKNOWN;UNKNOWN;YES
TRX-1060768;2026-02-25;0,0;Vendor_39;Poland;YES
TRX-1060775;2026-05-16;0,0;Vendor_22;Germany;YES
TRX-1060782;2026-07-01;0,0;Vendor_48;Netherlands;YES
TRX-1060798;2026-03-18;1426,25;UNKNOWN;UNKNOWN;YES
TRX-1060799;2026-06-27;0,0;Vendor_41;Germany;YES
TRX-1060808;2026-04-05;0,0;Vendor_24;Germany;YES
TRX-1060809;2026-08-22;0,0;Vendor_12;Netherlands;YES
TRX-1060811;2026-04-03;47,65;UNKNOWN;UNKNOWN;YES
TRX-1060819;2026-06-15;0,0;Vendor_16;Netherlands;YES
TRX-1060844;2026-01-20;0,0;Vendor_25;China;YES
TRX-1060863;2026-01-04;146,28;UNKNOWN;UNKNOWN;YES
TRX-1060864;2026-02-04;0,0;Vendor_36;Poland;YES
TRX-1060867;2026-02-12;114,81;UNKNOWN;UNKNOWN;YES
TRX-1060868;2026-07-08;0,0;Vendor_46;Poland;YES
TRX-1060871;;491,65;UNKNOWN;UNKNOWN;YES
TRX-1060875;2026-08-02;0,0;Vendor_41;Germany;YES
TRX-1060883;2026-01-22;1472,31;UNKNOWN;UNKNOWN;YES
TRX-1060885;2026-02-26;848,46;UNKNOWN;UNKNOWN;YES
TRX-1060896;2026-01-17;0,0;Vendor_22;Germany;YES
TRX-1060901;2026-05-12;0,0;Vendor_26;Netherlands;YES
TRX-1060909;2026-03-17;0,0;Vendor_29;Netherlands;YES
TRX-1060925;2026-02-05;0,0;Vendor_2;China;YES
TRX-1060926;2026-08-14;0,0;Vendor_43;Netherlands;YES
TRX-1060933;2026-01-24;0,0;Vendor_37;China;YES
TRX-1060944;2026-01-23;1193,27;UNKNOWN;UNKNOWN;YES
TRX-1060946;2026-01-25;0,0;Vendor_35;Poland;YES
TRX-1060951;2026-09-08;1204,82;UNKNOWN;UNKNOWN;YES
TRX-1060958;2026-06-18;0,0;Vendor_32;Germany;YES
TRX-1060962;2026-03-31;0,0;Vendor_38;China;YES
TRX-1060966;2026-02-17;0,0;Vendor_49;Poland;YES
TRX-1060977;2026-02-11;0,0;UNKNOWN;UNKNOWN;YES
TRX-1060990;2026-02-18;0,0;Vendor_13;Netherlands;YES
TRX-1060994;2026-04-23;0,0;Vendor_18;China;YES
TRX-1060999;2026-08-15;0,0;Vendor_39;Poland;YES
TRX-1061002;2026-05-10;0,0;Vendor_24;Germany;YES
TRX-1061003;2026-08-04;0,0;Vendor_4;Netherlands;YES
TRX-1061008;2026-07-29;0,0;UNKNOWN;UNKNOWN;YES
TRX-1061011;2026-06-19;0,0;Vendor_40;China;YES
TRX-1061013;2026-05-13;0,0;Vendor_5;Poland;YES
TRX-1061016;2026-04-01;0,0;Vendor_42;Germany;YES
TRX-1061020;2026-08-22;1426,05;UNKNOWN;UNKNOWN;YES
TRX-1061023;2026-05-21;0,0;Vendor_27;Poland;YES
TRX-1061030;2026-08-24;790,43;UNKNOWN;UNKNOWN;YES
TRX-1061042;2026-01-01;699,95;UNKNOWN;UNKNOWN;YES
TRX-1061045;2026-07-12;1368,81;UNKNOWN;UNKNOWN;YES
TRX-1061056;2026-05-14;0,0;Vendor_36;Poland;YES
TRX-1061078;2026-08-14;0,0;Vendor_46;Poland;YES
TRX-1061079;2026-04-27;0,0;UNKNOWN;UNKNOWN;YES
TRX-1061087;2026-04-25;276,77;UNKNOWN;UNKNOWN;YES
TRX-1061089;;0,0;Vendor_22;Germany;YES
TRX-1061091;2026-01-02;1257,37;UNKNOWN;UNKNOWN;YES
TRX-1061092;2026-04-03;0,0;Vendor_31;Netherlands;YES
TRX-1061125;2026-02-23;0,0;Vendor_8;Germany;YES
TRX-1061128;2026-05-29;0,0;Vendor_32;Germany;YES
TRX-1061130;2026-04-26;1309,53;UNKNOWN;UNKNOWN;YES
TRX-1061136;2026-04-08;25,96;UNKNOWN;UNKNOWN;YES
TRX-1061157;2026-03-21;0,0;Vendor_12;Netherlands;YES
TRX-1061169;2026-07-05;0,0;Vendor_4;Netherlands;YES
TRX-1061172;2026-01-24;625,92;UNKNOWN;UNKNOWN;YES
TRX-1061175;2026-06-21;0,0;Vendor_3;Poland;YES
TRX-1061179;2026-07-21;1175,21;UNKNOWN;UNKNOWN;YES
TRX-1061206;2026-08-05;0,0;Vendor_10;China;YES
TRX-1061209;2026-01-07;986,58;UNKNOWN;UNKNOWN;YES
TRX-1061210;2026-03-30;1443,56;UNKNOWN;UNKNOWN;YES
TRX-1061212;2026-01-20;1268,18;UNKNOWN;UNKNOWN;YES
TRX-1061219;2026-03-19;0,0;Vendor_37;China;YES
TRX-1061220;2026-03-03;0,0;Vendor_13;Netherlands;YES
TRX-1061247;2026-06-30;0,0;Vendor_39;Poland;YES
TRX-1061259;2026-05-22;1153,75;UNKNOWN;UNKNOWN;YES
TRX-1061270;2026-09-04;790,72;UNKNOWN;UNKNOWN;YES
TRX-1061280;2026-04-27;0,0;Vendor_28;Netherlands;YES
TRX-1061282;2026-02-26;927,51;UNKNOWN;UNKNOWN;YES
TRX-1061293;2026-06-18;0,0;Vendor_18;China;YES
TRX-1061303;2026-05-05;0,0;UNKNOWN;UNKNOWN;YES
TRX-1061311;2026-08-29;0,0;Vendor_24;Germany;YES
TRX-1061320;2026-08-12;0,0;UNKNOWN;UNKNOWN;YES
TRX-1061322;2026-08-04;0,0;Vendor_45;Poland;YES
TRX-1061329;2026-07-20;150,03;UNKNOWN;UNKNOWN;YES
TRX-1061334;2026-07-19;0,0;Vendor_12;Netherlands;YES
TRX-1061342;2026-04-30;0,0;Vendor_45;Poland;YES
TRX-1061373;2026-07-25;152,63;UNKNOWN;UNKNOWN;YES
TRX-1061382;2026-08-11;1347,06;UNKNOWN;UNKNOWN;YES
TRX-1061383;2026-07-11;1011,37;UNKNOWN;UNKNOWN;YES
TRX-1061391;2026-08-05;1425,03;UNKNOWN;UNKNOWN;YES
TRX-1061401;2026-03-20;0,0;Vendor_7;China;YES
TRX-1061410;2026-08-25;0,0;Vendor_14;China;YES
TRX-1061419;2026-01-20;0,0;Vendor_48;Netherlands;YES
TRX-1061423;2026-08-22;0,0;Vendor_15;Germany;YES
TRX-1061427;2026-08-18;0,0;Vendor_49;Poland;YES
TRX-1061429;2026-06-06;0,0;Vendor_50;Poland;YES
TRX-1061431;2026-03-18;893,43;UNKNOWN;UNKNOWN;YES
TRX-1061438;2026-04-17;0,0;Vendor_41;Germany;YES
TRX-1061440;2026-05-09;141,97;UNKNOWN;UNKNOWN;YES
TRX-1061450;;767,53;UNKNOWN;UNKNOWN;YES
TRX-1061452;2026-01-08;0,0;Vendor_16;Netherlands;YES
TRX-1061456;2026-01-13;0,0;Vendor_17;China;YES
TRX-1061463;2026-04-03;0,0;Vendor_7;China;YES
TRX-1061465;2026-05-21;191,15;UNKNOWN;UNKNOWN;YES
TRX-1061472;;1059,26;UNKNOWN;UNKNOWN;YES
TRX-1061481;2026-09-07;0,0;Vendor_32;Germany;YES
TRX-1061484;2026-05-22;0,0;Vendor_2;China;YES
TRX-1061488;2026-08-30;0,0;Vendor_41;Germany;YES
TRX-1061490;2026-02-14;0,0;Vendor_38;China;YES
TRX-1061501;2026-09-01;0,0;Vendor_4;Netherlands;YES
TRX-1061502;2026-02-18;604,58;UNKNOWN;UNKNOWN;YES
TRX-1061505;2026-05-08;579,25;UNKNOWN;UNKNOWN;YES
TRX-1061516;2026-08-28;1078,01;UNKNOWN;UNKNOWN;YES
TRX-1061525;2026-02-05;720,77;UNKNOWN;UNKNOWN;YES
TRX-1061530;2026-02-11;430,98;UNKNOWN;UNKNOWN;YES
TRX-1061531;2026-03-07;0,0;Vendor_40;China;YES
TRX-1061545;2026-02-28;0,0;Vendor_19;Netherlands;YES
TRX-1061558;2026-02-05;0,0;Vendor_3;Poland;YES
TRX-1061567;2026-09-08;0,0;Vendor_28;Netherlands;YES
TRX-1061569;2026-04-29;11,36;UNKNOWN;UNKNOWN;YES
TRX-1061579;2026-02-20;0,0;Vendor_42;Germany;YES
TRX-1061580;2026-02-25;0,0;Vendor_29;Netherlands;YES
TRX-1061590;2026-02-02;0,0;Vendor_6;China;YES
TRX-1061617;2026-03-28;0,0;Vendor_43;Netherlands;YES
TRX-1061618;2026-01-10;839,12;UNKNOWN;UNKNOWN;YES
TRX-1061644;2026-08-27;0,0;Vendor_16;Netherlands;YES
TRX-1061650;2026-01-31;0,0;Vendor_35;Poland;YES
TRX-1061662;2026-06-27;0,0;Vendor_43;Netherlands;YES
TRX-1061685;2026-05-02;1439,55;UNKNOWN;UNKNOWN;YES
TRX-1061691;2026-05-14;747,83;UNKNOWN;UNKNOWN;YES
TRX-1061705;2026-02-05;0,0;Vendor_30;Netherlands;YES
TRX-1061708;2026-08-18;0,0;Vendor_17;China;YES
TRX-1061715;2026-09-08;0,0;Vendor_17;China;YES
TRX-1061729;2026-02-08;1305,84;UNKNOWN;UNKNOWN;YES
TRX-1061738;2026-03-29;1417,73;UNKNOWN;UNKNOWN;YES
TRX-1061749;2026-03-08;0,0;Vendor_23;Poland;YES
TRX-1061755;2026-05-29;0,0;Vendor_12;Netherlands;YES
TRX-1061757;2026-04-17;680,67;UNKNOWN;UNKNOWN;YES
TRX-1061763;2026-04-14;0,0;Vendor_23;Poland;YES
TRX-1061765;2026-05-19;0,0;Vendor_27;Poland;YES
TRX-1061798;2026-07-28;0,0;Vendor_45;Poland;YES
TRX-1061804;2026-08-29;367,97;UNKNOWN;UNKNOWN;YES
TRX-1061812;2026-01-05;0,0;Vendor_7;China;YES
TRX-1061819;;0,0;Vendor_7;China;YES
TRX-1061832;2026-05-09;0,0;Vendor_10;China;YES
TRX-1061836;2026-08-20;1215,47;UNKNOWN;UNKNOWN;YES
TRX-1061841;2026-02-25;0,0;Vendor_48;Netherlands;YES
TRX-1061843;2026-09-02;0,0;Vendor_50;Poland;YES
TRX-1061845;2026-08-17;0,0;Vendor_21;Germany;YES
TRX-1061849;2026-09-07;0,0;Vendor_22;Germany;YES
TRX-1061851;2026-03-11;649,67;UNKNOWN;UNKNOWN;YES
TRX-1061854;2026-05-23;0,0;Vendor_12;Netherlands;YES
TRX-1061859;2026-01-10;0,0;UNKNOWN;UNKNOWN;YES
TRX-1061870;2026-06-18;0,0;Vendor_35;Poland;YES
TRX-1061874;2026-03-02;0,0;Vendor_7;China;YES
TRX-1061877;2026-05-26;0,0;Vendor_24;Germany;YES
TRX-1061878;2026-06-12;0,0;Vendor_21;Germany;YES
TRX-1061883;2026-05-22;0,0;Vendor_35;Poland;YES
TRX-1061886;2026-04-18;362,68;UNKNOWN;UNKNOWN;YES
TRX-1061890;2026-04-16;0,0;Vendor_36;Poland;YES
TRX-1061902;2026-03-25;0,0;Vendor_20;Netherlands;YES
TRX-1061922;2026-01-02;0,0;Vendor_43;Netherlands;YES
TRX-1061930;2026-04-09;0,0;Vendor_10;China;YES
TRX-1061934;2026-07-03;0,0;UNKNOWN;UNKNOWN;YES
TRX-1061939;2026-01-21;0,0;Vendor_8;Germany;YES
TRX-1061963;2026-08-06;0,0;Vendor_48;Netherlands;YES
TRX-1061965;2026-06-20;0,0;Vendor_16;Netherlands;YES
TRX-1062017;2026-08-23;0,0;Vendor_26;Netherlands;YES
TRX-1062026;;1247,02;UNKNOWN;UNKNOWN;YES
TRX-1062050;2026-01-27;0,0;Vendor_13;Netherlands;YES
TRX-1062053;;0,0;Vendor_20;Netherlands;YES
TRX-1062059;2026-07-13;0,0;Vendor_37;China;YES
TRX-1062062;2026-05-06;790,59;UNKNOWN;UNKNOWN;YES
TRX-1062064;2026-06-27;0,0;Vendor_24;Germany;YES
TRX-1062067;2026-07-19;0,0;Vendor_25;China;YES
TRX-1062072;2026-08-14;0,0;Vendor_12;Netherlands;YES
TRX-1062080;2026-09-06;0,0;Vendor_30;Netherlands;YES
TRX-1062081;2026-09-07;0,0;UNKNOWN;UNKNOWN;YES
TRX-1062112;2026-02-15;855,37;UNKNOWN;UNKNOWN;YES
TRX-1062114;;1199,78;UNKNOWN;UNKNOWN;YES
TRX-1062115;2026-07-06;0,0;Vendor_21;Germany;YES
TRX-1062118;2026-03-07;204,49;UNKNOWN;UNKNOWN;YES
TRX-1062121;2026-06-03;0,0;Vendor_27;Poland;YES
TRX-1062151;2026-08-18;0,0;Vendor_21;Germany;YES
TRX-1062163;2026-05-18;211,54;UNKNOWN;UNKNOWN;YES
TRX-1062164;2026-06-14;0,0;Vendor_26;Netherlands;YES
TRX-1062165;2026-08-07;0,0;Vendor_9;China;YES
TRX-1062199;2026-06-17;0,0;Vendor_50;Poland;YES
TRX-1062201;2026-07-18;0,0;Vendor_3;Poland;YES
TRX-1062205;2026-07-09;0,0;Vendor_10;China;YES
TRX-1062216;2026-02-01;0,0;Vendor_8;Germany;YES
TRX-1062217;2026-06-30;0,0;Vendor_39;Poland;YES
TRX-1062228;2026-02-21;0,0;Vendor_16;Netherlands;YES
TRX-1062239;;0,0;Vendor_39;Poland;YES
TRX-1062242;2026-08-21;418,32;UNKNOWN;UNKNOWN;YES
TRX-1062248;;0,0;Vendor_50;Poland;YES
TRX-1062264;2026-03-05;0,0;Vendor_39;Poland;YES
TRX-1062269;2026-02-21;0,0;Vendor_8;Germany;YES
TRX-1062277;2026-07-26;0,0;Vendor_26;Netherlands;YES
TRX-1062290;2026-07-13;0,0;Vendor_36;Poland;YES
TRX-1062304;2026-05-21;0,0;Vendor_13;Netherlands;YES
TRX-1062315;2026-09-02;1163,94;UNKNOWN;UNKNOWN;YES
TRX-1062319;2026-05-13;0,0;Vendor_31;Netherlands;YES
TRX-1062323;2026-04-17;0,0;Vendor_9;China;YES
TRX-1062333;2026-03-31;1370,87;UNKNOWN;UNKNOWN;YES
TRX-1062359;2026-01-22;0,0;Vendor_7;China;YES
TRX-1062362;2026-03-20;0,0;Vendor_34;China;YES
TRX-1062366;2026-04-05;0,0;Vendor_37;China;YES
TRX-1062370;2026-07-30;0,0;Vendor_38;China;YES
TRX-1062376;2026-03-22;0,0;Vendor_13;Netherlands;YES
TRX-1062384;2026-04-04;417,5;UNKNOWN;UNKNOWN;YES
TRX-1062389;;0,0;Vendor_12;Netherlands;YES
TRX-1062398;2026-03-12;0,0;UNKNOWN;UNKNOWN;YES
TRX-1062405;2026-01-26;764,68;UNKNOWN;UNKNOWN;YES
TRX-1062409;2026-02-24;0,0;Vendor_42;Germany;YES
TRX-1062412;2026-04-07;674,62;UNKNOWN;UNKNOWN;YES
TRX-1062413;2026-03-11;1302,7;UNKNOWN;UNKNOWN;YES
TRX-1062417;2026-08-28;0,0;Vendor_13;Netherlands;YES
TRX-1062421;2026-01-14;0,0;UNKNOWN;UNKNOWN;YES
TRX-1062425;2026-01-12;0,0;Vendor_6;China;YES
TRX-1062436;2026-02-27;0,0;Vendor_35;Poland;YES
TRX-1062449;2026-05-21;0,0;Vendor_8;Germany;YES
TRX-1062459;;283,32;UNKNOWN;UNKNOWN;YES
TRX-1062462;2026-01-05;1202,27;UNKNOWN;UNKNOWN;YES
TRX-1062477;2026-08-30;0,0;Vendor_27;Poland;YES
TRX-1062482;2026-08-09;0,0;Vendor_25;China;YES
TRX-1062486;2026-02-28;0,0;Vendor_27;Poland;YES
TRX-1062488;2026-05-12;0,0;Vendor_21;Germany;YES
TRX-1062500;;0,0;Vendor_44;Poland;YES
TRX-1062508;2026-05-28;1129,0;UNKNOWN;UNKNOWN;YES
TRX-1062510;2026-05-17;0,0;Vendor_41;Germany;YES
TRX-1062521;2026-09-02;917,44;UNKNOWN;UNKNOWN;YES
TRX-1062522;2026-07-04;924,15;UNKNOWN;UNKNOWN;YES
TRX-1062538;2026-03-29;0,0;Vendor_46;Poland;YES
TRX-1062542;2026-08-10;239,68;UNKNOWN;UNKNOWN;YES
TRX-1062545;2026-07-06;0,0;Vendor_34;China;YES
TRX-1062567;2026-04-01;0,0;Vendor_6;China;YES
TRX-1062577;2026-05-10;0,0;Vendor_26;Netherlands;YES
TRX-1062578;2026-01-15;0,0;Vendor_26;Netherlands;YES
TRX-1062585;2026-04-01;0,0;Vendor_32;Germany;YES
TRX-1062615;2026-05-01;0,0;Vendor_26;Netherlands;YES
TRX-1062629;2026-01-04;0,0;Vendor_48;Netherlands;YES
TRX-1062631;2026-05-03;0,0;Vendor_45;Poland;YES
TRX-1062635;2026-05-06;1367,81;UNKNOWN;UNKNOWN;YES
TRX-1062638;2026-05-21;0,0;Vendor_24;Germany;YES
TRX-1062640;2026-08-16;0,0;Vendor_8;Germany;YES
TRX-1062642;2026-01-12;0,0;Vendor_9;China;YES
TRX-1062645;2026-07-19;0,0;Vendor_22;Germany;YES
TRX-1062672;2026-03-30;190,53;UNKNOWN;UNKNOWN;YES
TRX-1062694;2026-07-25;0,0;Vendor_26;Netherlands;YES
TRX-1062700;2026-01-16;216,78;UNKNOWN;UNKNOWN;YES
TRX-1062701;2026-02-15;0,0;Vendor_21;Germany;YES
TRX-1062713;;1482,43;UNKNOWN;UNKNOWN;YES
TRX-1062718;2026-05-31;0,0;Vendor_21;Germany;YES
TRX-1062727;2026-06-17;0,0;Vendor_38;China;YES
TRX-1062728;2026-07-12;1135,85;UNKNOWN;UNKNOWN;YES
TRX-1062729;2026-08-31;719,17;UNKNOWN;UNKNOWN;YES
TRX-1062739;2026-06-05;0,0;Vendor_19;Netherlands;YES
TRX-1062742;2026-08-06;0,0;Vendor_3;Poland;YES
TRX-1062744;2026-06-04;0,0;Vendor_36;Poland;YES
TRX-1062748;2026-09-07;872,92;UNKNOWN;UNKNOWN;YES
TRX-1062749;2026-01-01;1406,29;UNKNOWN;UNKNOWN;YES
TRX-1062758;2026-04-18;753,27;UNKNOWN;UNKNOWN;YES
TRX-1062767;2026-09-01;0,0;Vendor_5;Poland;YES
TRX-1062768;2026-07-03;651,79;UNKNOWN;UNKNOWN;YES
TRX-1062769;2026-01-01;0,0;Vendor_24;Germany;YES
TRX-1062771;2026-03-04;0,0;Vendor_2;China;YES
TRX-1062778;2026-04-25;1271,91;UNKNOWN;UNKNOWN;YES
TRX-1062797;2026-04-09;0,0;Vendor_45;Poland;YES
TRX-1062799;2026-08-03;0,0;Vendor_17;China;YES
TRX-1062803;2026-07-16;1455,55;UNKNOWN;UNKNOWN;YES
TRX-1062807;2026-08-17;1214,67;UNKNOWN;UNKNOWN;YES
TRX-1062811;2026-04-01;1463,04;UNKNOWN;UNKNOWN;YES
TRX-1062816;2026-05-23;497,44;UNKNOWN;UNKNOWN;YES
TRX-1062824;2026-03-31;1345,64;UNKNOWN;UNKNOWN;YES
TRX-1062829;;0,0;Vendor_42;Germany;YES
TRX-1062832;2026-04-27;581,77;UNKNOWN;UNKNOWN;YES
TRX-1062842;2026-01-10;208,95;UNKNOWN;UNKNOWN;YES
TRX-1062843;2026-01-10;0,0;Vendor_33;Poland;YES
TRX-1062852;2026-05-23;0,0;Vendor_1;Germany;YES
TRX-1062856;2026-03-26;0,0;Vendor_29;Netherlands;YES
TRX-1062864;2026-08-15;0,0;UNKNOWN;UNKNOWN;YES
TRX-1062866;2026-08-11;388,32;UNKNOWN;UNKNOWN;YES
TRX-1062868;2026-03-06;1010,31;UNKNOWN;UNKNOWN;YES
TRX-1062869;2026-02-18;0,0;Vendor_30;Netherlands;YES
TRX-1062876;2026-04-06;0,0;Vendor_20;Netherlands;YES
TRX-1062882;2026-07-29;0,0;Vendor_28;Netherlands;YES
TRX-1062897;2026-04-09;0,0;Vendor_7;China;YES
TRX-1062900;2026-03-03;0,0;UNKNOWN;UNKNOWN;YES
TRX-1062905;2026-03-11;0,0;Vendor_34;China;YES
TRX-1062921;2026-07-20;414,53;UNKNOWN;UNKNOWN;YES
TRX-1062927;2026-03-24;0,0;Vendor_42;Germany;YES
TRX-1062948;;0,0;Vendor_30;Netherlands;YES
TRX-1062950;2026-02-15;977,44;UNKNOWN;UNKNOWN;YES
TRX-1062955;2026-01-09;0,0;Vendor_29;Netherlands;YES
TRX-1062956;;0,0;Vendor_45;Poland;YES
TRX-1062957;2026-04-23;0,0;Vendor_32;Germany;YES
TRX-1062959;2026-06-16;1151,51;UNKNOWN;UNKNOWN;YES
TRX-1062966;2026-04-04;0,0;Vendor_11;Germany;YES
TRX-1062970;2026-08-14;0,0;Vendor_30;Netherlands;YES
TRX-1062978;2026-07-13;0,0;Vendor_47;Netherlands;YES
TRX-1062987;2026-05-25;0,0;Vendor_19;Netherlands;YES
TRX-1062992;2026-05-30;0,0;Vendor_34;China;YES
TRX-1062995;2026-06-14;0,0;Vendor_1;Germany;YES
TRX-1063005;2026-09-05;609,17;UNKNOWN;UNKNOWN;YES
TRX-1063010;;0,0;Vendor_14;China;YES
TRX-1063014;2026-04-01;0,0;Vendor_50;Poland;YES
TRX-1063033;2026-07-14;1266,87;UNKNOWN;UNKNOWN;YES
TRX-1063036;2026-01-13;0,0;Vendor_34;China;YES
TRX-1063038;2026-03-18;0,0;Vendor_6;China;YES
TRX-1063048;2026-02-02;0,0;Vendor_48;Netherlands;YES
TRX-1063049;2026-04-18;0,0;Vendor_34;China;YES
TRX-1063055;2026-05-16;456,69;UNKNOWN;UNKNOWN;YES
TRX-1063058;2026-07-16;0,0;UNKNOWN;UNKNOWN;YES
TRX-1063079;2026-02-06;1019,29;UNKNOWN;UNKNOWN;YES
TRX-1063085;2026-08-29;597,09;UNKNOWN;UNKNOWN;YES
TRX-1063087;2026-03-04;0,0;Vendor_50;Poland;YES
TRX-1063106;2026-01-11;298,99;UNKNOWN;UNKNOWN;YES
TRX-1063109;2026-04-12;502,55;UNKNOWN;UNKNOWN;YES
TRX-1063128;2026-05-25;655,87;UNKNOWN;UNKNOWN;YES
TRX-1063138;2026-04-26;0,0;Vendor_14;China;YES
TRX-1063155;2026-04-10;0,0;UNKNOWN;UNKNOWN;YES
TRX-1063159;2026-08-05;0,0;Vendor_23;Poland;YES
TRX-1063160;2026-02-21;29,55;UNKNOWN;UNKNOWN;YES
TRX-1063178;2026-05-23;0,0;Vendor_11;Germany;YES
TRX-1063193;2026-01-02;0,0;Vendor_11;Germany;YES
TRX-1063209;2026-07-11;0,0;Vendor_9;China;YES
TRX-1063229;2026-04-13;0,0;Vendor_26;Netherlands;YES
TRX-1063230;2026-04-02;0,0;Vendor_9;China;YES
TRX-1063231;2026-02-18;0,0;Vendor_23;Poland;YES
TRX-1063245;2026-02-26;884,15;UNKNOWN;UNKNOWN;YES
TRX-1063255;2026-04-09;1442,4;UNKNOWN;UNKNOWN;YES
TRX-1063258;2026-08-03;1052,76;UNKNOWN;UNKNOWN;YES
TRX-1063259;2026-05-01;276,36;UNKNOWN;UNKNOWN;YES
TRX-1063262;2026-07-23;0,0;Vendor_12;Netherlands;YES
TRX-1063298;2026-04-17;108,56;UNKNOWN;UNKNOWN;YES
TRX-1063302;;0,0;Vendor_39;Poland;YES
TRX-1063305;2026-02-21;0,0;Vendor_12;Netherlands;YES
TRX-1063306;2026-06-04;0,0;Vendor_16;Netherlands;YES
TRX-1063307;2026-05-01;711,44;UNKNOWN;UNKNOWN;YES
TRX-1063312;2026-08-15;1042,48;UNKNOWN;UNKNOWN;YES
TRX-1063316;2026-08-24;0,0;Vendor_26;Netherlands;YES
TRX-1063338;2026-01-12;0,0;Vendor_1;Germany;YES
TRX-1063342;2026-05-12;0,0;Vendor_25;China;YES
TRX-1063347;2026-03-21;0,0;Vendor_24;Germany;YES
TRX-1063368;2026-07-06;0,0;Vendor_10;China;YES
TRX-1063371;2026-01-16;1442,77;UNKNOWN;UNKNOWN;YES
TRX-1063382;2026-06-13;0,0;Vendor_33;Poland;YES
TRX-1063385;;0,0;Vendor_1;Germany;YES
TRX-1063398;2026-07-05;0,0;Vendor_4;Netherlands;YES
TRX-1063399;2026-01-13;0,0;Vendor_8;Germany;YES
TRX-1063401;2026-04-07;845,54;UNKNOWN;UNKNOWN;YES
TRX-1063425;2026-05-28;1479,51;UNKNOWN;UNKNOWN;YES
TRX-1063429;2026-01-13;774,9;UNKNOWN;UNKNOWN;YES
TRX-1063439;2026-08-05;0,0;Vendor_4;Netherlands;YES
TRX-1063440;2026-08-02;0,0;Vendor_20;Netherlands;YES
TRX-1063453;2026-05-14;1294,88;UNKNOWN;UNKNOWN;YES
TRX-1063464;2026-08-12;0,0;Vendor_36;Poland;YES
TRX-1063466;2026-07-26;0,0;Vendor_12;Netherlands;YES
TRX-1063473;2026-02-17;0,0;Vendor_27;Poland;YES
TRX-1063474;2026-04-23;1095,41;UNKNOWN;UNKNOWN;YES
TRX-1063478;2026-04-07;57,09;UNKNOWN;UNKNOWN;YES
TRX-1063481;2026-05-04;0,0;Vendor_7;China;YES
TRX-1063491;2026-06-21;719,18;UNKNOWN;UNKNOWN;YES
TRX-1063508;2026-05-07;0,0;Vendor_12;Netherlands;YES
TRX-1063513;2026-05-22;0,0;UNKNOWN;UNKNOWN;YES
TRX-1063520;2026-08-11;0,0;Vendor_21;Germany;YES
TRX-1063535;2026-06-09;0,0;Vendor_43;Netherlands;YES
TRX-1063539;2026-04-04;0,0;Vendor_14;China;YES
TRX-1063554;2026-05-24;0,0;Vendor_42;Germany;YES
TRX-1063565;2026-05-28;792,42;UNKNOWN;UNKNOWN;YES
TRX-1063566;2026-07-13;0,0;Vendor_22;Germany;YES
TRX-1063570;;0,0;Vendor_26;Netherlands;YES
TRX-1063576;2026-06-12;0,0;Vendor_24;Germany;YES
TRX-1063578;2026-02-01;210,5;UNKNOWN;UNKNOWN;YES
TRX-1063594;2026-02-12;0,0;Vendor_44;Poland;YES
TRX-1063599;2026-07-18;0,0;Vendor_7;China;YES
TRX-1063602;2026-04-11;0,0;Vendor_11;Germany;YES
TRX-1063617;2026-04-15;0,0;Vendor_32;Germany;YES
TRX-1063620;2026-03-20;0,0;Vendor_16;Netherlands;YES
TRX-1063639;;0,0;UNKNOWN;UNKNOWN;YES
TRX-1063649;2026-03-30;1418,31;UNKNOWN;UNKNOWN;YES
TRX-1063661;2026-03-23;1434,14;UNKNOWN;UNKNOWN;YES
TRX-1063668;2026-03-05;0,0;Vendor_27;Poland;YES
TRX-1063682;2026-09-07;0,0;UNKNOWN;UNKNOWN;YES
TRX-1063686;2026-02-04;952,79;UNKNOWN;UNKNOWN;YES
TRX-1063692;2026-02-18;0,0;Vendor_40;China;YES
TRX-1063707;2026-03-11;0,0;Vendor_43;Netherlands;YES
TRX-1063713;2026-05-20;0,0;Vendor_4;Netherlands;YES
TRX-1063732;2026-03-18;0,0;Vendor_39;Poland;YES
TRX-1063733;2026-08-16;1299,16;UNKNOWN;UNKNOWN;YES
TRX-1063744;2026-06-20;0,0;Vendor_48;Netherlands;YES
TRX-1063745;2026-07-20;0,0;Vendor_2;China;YES
TRX-1063746;2026-01-06;0,0;Vendor_36;Poland;YES
TRX-1063748;;0,0;Vendor_7;China;YES
TRX-1063754;2026-05-21;0,0;Vendor_14;China;YES
TRX-1063755;2026-02-20;0,0;Vendor_18;China;YES
TRX-1063770;2026-07-02;242,43;UNKNOWN;UNKNOWN;YES
TRX-1063771;2026-04-06;0,0;Vendor_1;Germany;YES
TRX-1063777;2026-04-23;1150,98;UNKNOWN;UNKNOWN;YES
TRX-1063779;2026-03-17;0,0;Vendor_39;Poland;YES
TRX-1063785;2026-03-22;1131,12;UNKNOWN;UNKNOWN;YES
TRX-1063788;2026-03-01;40,72;UNKNOWN;UNKNOWN;YES
TRX-1063800;2026-08-21;748,88;UNKNOWN;UNKNOWN;YES
TRX-1063802;2026-06-16;0,0;Vendor_16;Netherlands;YES
TRX-1063820;2026-03-21;0,0;Vendor_22;Germany;YES
TRX-1063823;2026-07-01;0,0;Vendor_36;Poland;YES
TRX-1063833;2026-07-20;0,0;Vendor_40;China;YES
TRX-1063835;2026-05-03;0,0;Vendor_15;Germany;YES
TRX-1063837;2026-06-04;0,0;Vendor_20;Netherlands;YES
TRX-1063843;2026-04-28;0,0;Vendor_14;China;YES
TRX-1063846;2026-02-10;0,0;Vendor_12;Netherlands;YES
TRX-1063854;2026-05-17;0,0;Vendor_33;Poland;YES
TRX-1063856;;0,0;Vendor_9;China;YES
TRX-1063864;2026-05-28;0,0;Vendor_45;Poland;YES
TRX-1063874;2026-06-19;0,0;Vendor_42;Germany;YES
TRX-1063875;2026-07-30;0,0;Vendor_13;Netherlands;YES
TRX-1063880;2026-08-30;0,0;Vendor_26;Netherlands;YES
TRX-1063882;2026-02-16;0,0;Vendor_42;Germany;YES
TRX-1063883;2026-03-24;0,0;Vendor_50;Poland;YES
TRX-1063894;2026-02-12;0,0;Vendor_5;Poland;YES
TRX-1063901;2026-03-11;637,95;UNKNOWN;UNKNOWN;YES
TRX-1063903;2026-08-16;0,0;Vendor_44;Poland;YES
TRX-1063911;2026-01-20;0,0;Vendor_26;Netherlands;YES
TRX-1063922;2026-06-10;0,0;Vendor_18;China;YES
TRX-1063924;2026-01-29;1084,44;UNKNOWN;UNKNOWN;YES
TRX-1063931;2026-04-16;722,69;UNKNOWN;UNKNOWN;YES
TRX-1063935;2026-05-18;0,0;Vendor_10;China;YES
TRX-1063936;2026-06-23;1209,66;UNKNOWN;UNKNOWN;YES
TRX-1063950;2026-03-19;0,0;Vendor_15;Germany;YES
TRX-1063952;2026-08-20;0,0;Vendor_34;China;YES
TRX-1063955;2026-07-25;222,21;UNKNOWN;UNKNOWN;YES
TRX-1063956;2026-07-16;0,0;Vendor_9;China;YES
TRX-1063962;2026-02-11;0,0;Vendor_43;Netherlands;YES
TRX-1063964;2026-08-26;0,0;Vendor_40;China;YES
TRX-1063979;2026-02-19;700,18;UNKNOWN;UNKNOWN;YES
TRX-1063982;2026-07-04;606,68;UNKNOWN;UNKNOWN;YES
TRX-1063990;2026-01-01;374,63;UNKNOWN;UNKNOWN;YES
TRX-1063992;2026-02-09;0,0;Vendor_45;Poland;YES
TRX-1063993;2026-05-11;0,0;Vendor_16;Netherlands;YES
TRX-1063997;2026-08-05;0,0;UNKNOWN;UNKNOWN;YES
TRX-1063999;2026-07-10;0,0;UNKNOWN;UNKNOWN;YES
TRX-1064011;2026-08-05;1312,01;UNKNOWN;UNKNOWN;YES
TRX-1064013;2026-02-11;0,0;Vendor_9;China;YES
TRX-1064029;2026-01-25;851,29;UNKNOWN;UNKNOWN;YES
TRX-1064030;2026-07-08;160,85;UNKNOWN;UNKNOWN;YES
TRX-1064035;;0,0;Vendor_42;Germany;YES
TRX-1064042;2026-05-29;0,0;Vendor_11;Germany;YES
TRX-1064049;2026-07-05;230,45;UNKNOWN;UNKNOWN;YES
TRX-1064054;2026-06-04;0,0;UNKNOWN;UNKNOWN;YES
TRX-1064059;2026-08-26;1331,47;UNKNOWN;UNKNOWN;YES
TRX-1064060;2026-07-20;0,0;Vendor_38;China;YES
TRX-1064064;2026-01-18;0,0;Vendor_44;Poland;YES
TRX-1064073;2026-04-06;0,0;Vendor_50;Poland;YES
TRX-1064076;2026-04-22;0,0;Vendor_11;Germany;YES
TRX-1064101;2026-01-27;0,0;Vendor_41;Germany;YES
TRX-1064103;2026-08-09;0,0;UNKNOWN;UNKNOWN;YES
TRX-1064104;2026-06-05;0,0;Vendor_38;China;YES
TRX-1064106;2026-07-04;0,0;UNKNOWN;UNKNOWN;YES
TRX-1064109;2026-01-15;0,0;Vendor_34;China;YES
TRX-1064111;2026-03-12;0,0;Vendor_49;Poland;YES
TRX-1064116;2026-06-28;0,0;Vendor_11;Germany;YES
TRX-1064117;2026-05-27;0,0;Vendor_40;China;YES
TRX-1064123;2026-04-06;0,0;Vendor_26;Netherlands;YES
TRX-1064129;2026-09-07;373,02;UNKNOWN;UNKNOWN;YES
TRX-1064135;2026-01-17;383,01;UNKNOWN;UNKNOWN;YES
TRX-1064138;2026-05-07;0,0;UNKNOWN;UNKNOWN;YES
TRX-1064141;2026-09-08;0,0;Vendor_4;Netherlands;YES
TRX-1064151;2026-01-09;0,0;Vendor_44;Poland;YES
TRX-1064153;2026-04-18;1200,89;UNKNOWN;UNKNOWN;YES
TRX-1064160;2026-03-30;0,0;Vendor_8;Germany;YES
TRX-1064171;2026-06-04;0,0;Vendor_43;Netherlands;YES
TRX-1064175;2026-08-30;0,0;UNKNOWN;UNKNOWN;YES
TRX-1064177;2026-01-04;0,0;Vendor_43;Netherlands;YES
TRX-1064179;2026-08-02;0,0;Vendor_43;Netherlands;YES
TRX-1064184;2026-08-04;0,0;Vendor_42;Germany;YES
TRX-1064187;2026-04-21;320,63;UNKNOWN;UNKNOWN;YES
TRX-1064191;2026-02-17;0,0;Vendor_48;Netherlands;YES
TRX-1064195;2026-06-25;0,0;Vendor_28;Netherlands;YES
TRX-1064200;2026-07-08;0,0;Vendor_31;Netherlands;YES
TRX-1064201;2026-07-15;0,0;Vendor_42;Germany;YES
TRX-1064209;2026-03-07;1455,37;UNKNOWN;UNKNOWN;YES
TRX-1064213;2026-01-11;332,71;UNKNOWN;UNKNOWN;YES
TRX-1064228;;73,25;UNKNOWN;UNKNOWN;YES
TRX-1064266;2026-02-17;0,0;Vendor_14;China;YES
TRX-1064268;2026-06-03;892,94;UNKNOWN;UNKNOWN;YES
TRX-1064275;2026-07-10;95,82;UNKNOWN;UNKNOWN;YES
TRX-1064287;2026-08-13;67,25;UNKNOWN;UNKNOWN;YES
TRX-1064295;2026-02-09;0,0;Vendor_29;Netherlands;YES
TRX-1064304;2026-05-25;0,0;Vendor_44;Poland;YES
TRX-1064329;2026-01-22;925,9;UNKNOWN;UNKNOWN;YES
TRX-1064332;2026-02-12;0,0;Vendor_38;China;YES
TRX-1064340;2026-05-21;1394,96;UNKNOWN;UNKNOWN;YES
TRX-1064343;2026-05-25;18,75;UNKNOWN;UNKNOWN;YES
TRX-1064352;;0,0;Vendor_31;Netherlands;YES
TRX-1064354;2026-08-31;0,0;Vendor_15;Germany;YES
TRX-1064361;2026-04-16;0,0;Vendor_19;Netherlands;YES
TRX-1064372;2026-06-21;0,0;Vendor_46;Poland;YES
TRX-1064373;2026-03-22;0,0;Vendor_29;Netherlands;YES
TRX-1064380;2026-01-17;14,36;UNKNOWN;UNKNOWN;YES
TRX-1064382;2026-08-28;0,0;Vendor_23;Poland;YES
TRX-1064397;2026-08-19;0,0;Vendor_41;Germany;YES
TRX-1064399;2026-08-26;0,0;Vendor_7;China;YES
TRX-1064402;2026-04-12;0,0;Vendor_8;Germany;YES
TRX-1064409;2026-01-15;0,0;Vendor_9;China;YES
TRX-1064428;2026-06-27;0,0;Vendor_28;Netherlands;YES
TRX-1064444;2026-02-03;0,0;Vendor_50;Poland;YES
TRX-1064448;2026-09-04;690,79;UNKNOWN;UNKNOWN;YES
TRX-1064449;2026-02-21;0,0;Vendor_36;Poland;YES
TRX-1064450;2026-03-04;0,0;Vendor_22;Germany;YES
TRX-1064452;;0,0;Vendor_33;Poland;YES
TRX-1064479;2026-03-25;0,0;Vendor_49;Poland;YES
TRX-1064481;2026-06-25;0,0;Vendor_39;Poland;YES
TRX-1064501;2026-03-10;0,0;Vendor_8;Germany;YES
TRX-1064509;2026-02-04;0,0;Vendor_44;Poland;YES
TRX-1064517;2026-09-05;794,09;UNKNOWN;UNKNOWN;YES
TRX-1064523;2026-08-22;0,0;Vendor_21;Germany;YES
TRX-1064532;2026-01-07;512,48;UNKNOWN;UNKNOWN;YES
TRX-1064546;2026-08-25;215,47;UNKNOWN;UNKNOWN;YES
TRX-1064549;2026-07-16;0,0;Vendor_9;China;YES
TRX-1064577;;0,0;Vendor_38;China;YES
TRX-1064586;2026-06-10;1022,27;UNKNOWN;UNKNOWN;YES
TRX-1064591;2026-03-09;603,49;UNKNOWN;UNKNOWN;YES
TRX-1064599;2026-02-28;213,54;UNKNOWN;UNKNOWN;YES
TRX-1064600;2026-02-01;0,0;Vendor_26;Netherlands;YES
TRX-1064607;2026-02-28;0,0;Vendor_50;Poland;YES
TRX-1064609;2026-06-10;0,0;Vendor_28;Netherlands;YES
TRX-1064615;2026-01-04;0,0;Vendor_4;Netherlands;YES
TRX-1064620;2026-04-23;0,0;Vendor_43;Netherlands;YES
TRX-1064624;2026-03-10;570,37;UNKNOWN;UNKNOWN;YES
TRX-1064629;2026-01-28;0,0;Vendor_50;Poland;YES
TRX-1064633;2026-08-05;0,0;Vendor_45;Poland;YES
TRX-1064634;2026-03-21;0,0;Vendor_1;Germany;YES
TRX-1064653;2026-01-17;0,0;Vendor_24;Germany;YES
TRX-1064657;2026-08-30;0,0;Vendor_45;Poland;YES
TRX-1064660;2026-08-24;1111,11;UNKNOWN;UNKNOWN;YES
TRX-1064669;2026-07-16;0,0;Vendor_21;Germany;YES
TRX-1064671;2026-07-01;446,43;UNKNOWN;UNKNOWN;YES
TRX-1064683;2026-05-09;0,0;Vendor_22;Germany;YES
TRX-1064706;2026-05-31;0,0;Vendor_23;Poland;YES
TRX-1064711;2026-04-11;996,54;UNKNOWN;UNKNOWN;YES
TRX-1064718;2026-02-15;0,0;Vendor_15;Germany;YES
TRX-1064726;2026-01-15;0,0;Vendor_21;Germany;YES
TRX-1064741;2026-03-17;0,0;Vendor_39;Poland;YES
TRX-1064745;2026-08-13;200,37;UNKNOWN;UNKNOWN;YES
TRX-1064750;;0,0;Vendor_16;Netherlands;YES
TRX-1064763;2026-03-09;0,0;Vendor_5;Poland;YES
TRX-1064764;2026-02-10;0,0;Vendor_18;China;YES
TRX-1064769;2026-08-24;0,0;Vendor_10;China;YES
TRX-1064770;2026-09-03;1033,97;UNKNOWN;UNKNOWN;YES
TRX-1064771;2026-04-30;0,0;Vendor_32;Germany;YES
TRX-1064782;;0,0;Vendor_7;China;YES
TRX-1064786;2026-01-02;0,0;Vendor_24;Germany;YES
TRX-1064789;2026-02-14;0,0;Vendor_12;Netherlands;YES
TRX-1064792;2026-08-05;0,0;Vendor_27;Poland;YES
TRX-1064794;2026-04-13;0,0;Vendor_48;Netherlands;YES
TRX-1064826;2026-01-20;526,04;UNKNOWN;UNKNOWN;YES
TRX-1064827;2026-06-20;0,0;Vendor_35;Poland;YES
TRX-1064830;2026-05-14;61,67;UNKNOWN;UNKNOWN;YES
TRX-1064831;2026-06-28;0,0;Vendor_43;Netherlands;YES
TRX-1064832;2026-06-28;0,0;Vendor_19;Netherlands;YES
TRX-1064833;2026-04-19;0,0;Vendor_10;China;YES
TRX-1064838;2026-05-14;0,0;Vendor_20;Netherlands;YES
TRX-1064839;2026-07-06;0,0;Vendor_47;Netherlands;YES
TRX-1064841;2026-06-01;0,0;Vendor_2;China;YES
TRX-1064852;2026-02-18;51,11;UNKNOWN;UNKNOWN;YES
TRX-1064859;2026-06-28;0,0;Vendor_13;Netherlands;YES
TRX-1064864;2026-02-28;0,0;Vendor_46;Poland;YES
TRX-1064879;2026-01-23;0,0;Vendor_48;Netherlands;YES
TRX-1064885;2026-05-09;0,0;Vendor_6;China;YES
TRX-1064886;2026-03-08;0,0;Vendor_43;Netherlands;YES
TRX-1064895;2026-07-07;889,49;UNKNOWN;UNKNOWN;YES
TRX-1064896;2026-03-11;0,0;Vendor_18;China;YES
TRX-1064897;2026-02-23;0,0;Vendor_7;China;YES
TRX-1064920;2026-01-01;0,0;Vendor_2;China;YES
TRX-1064928;2026-07-12;0,0;Vendor_36;Poland;YES
TRX-1064942;2026-08-12;0,0;Vendor_7;China;YES
TRX-1064946;2026-02-21;0,0;Vendor_21;Germany;YES
TRX-1064954;2026-01-09;1076,72;UNKNOWN;UNKNOWN;YES
TRX-1064955;2026-08-09;0,0;Vendor_42;Germany;YES
TRX-1064978;2026-06-11;0,0;Vendor_11;Germany;YES
TRX-1064981;2026-03-02;0,0;Vendor_18;China;YES
TRX-1064985;;0,0;Vendor_29;Netherlands;YES
TRX-1065008;2026-01-21;0,0;Vendor_24;Germany;YES
TRX-1065020;2026-08-12;0,0;Vendor_1;Germany;YES
TRX-1065024;2026-01-11;1479,58;UNKNOWN;UNKNOWN;YES
TRX-1065028;2026-05-01;0,0;Vendor_48;Netherlands;YES
TRX-1065030;2026-06-06;30,81;UNKNOWN;UNKNOWN;YES
TRX-1065033;2026-02-02;0,0;Vendor_25;China;YES
TRX-1065040;2026-03-23;1100,25;UNKNOWN;UNKNOWN;YES
TRX-1065041;2026-08-21;749,11;UNKNOWN;UNKNOWN;YES
TRX-1065053;2026-07-05;752,79;UNKNOWN;UNKNOWN;YES
TRX-1065058;2026-09-05;0,0;Vendor_37;China;YES
TRX-1065078;2026-08-15;0,0;Vendor_36;Poland;YES
TRX-1065083;2026-04-05;1128,26;UNKNOWN;UNKNOWN;YES
TRX-1065084;2026-01-14;0,0;Vendor_4;Netherlands;YES
TRX-1065093;2026-09-04;1409,66;UNKNOWN;UNKNOWN;YES
TRX-1065100;2026-08-22;32,03;UNKNOWN;UNKNOWN;YES
TRX-1065105;;0,0;Vendor_37;China;YES
TRX-1065113;2026-02-17;0,0;Vendor_17;China;YES
TRX-1065120;2026-09-03;0,0;Vendor_40;China;YES
TRX-1065128;2026-06-06;1287,94;UNKNOWN;UNKNOWN;YES
TRX-1065156;2026-06-14;1080,68;UNKNOWN;UNKNOWN;YES
TRX-1065158;2026-03-05;0,0;Vendor_13;Netherlands;YES
TRX-1065162;2026-04-25;281,3;UNKNOWN;UNKNOWN;YES
TRX-1065164;2026-05-03;102,47;UNKNOWN;UNKNOWN;YES
TRX-1065170;2026-08-22;273,13;UNKNOWN;UNKNOWN;YES
TRX-1065187;2026-07-31;0,0;UNKNOWN;UNKNOWN;YES
TRX-1065190;2026-08-19;0,0;Vendor_25;China;YES
TRX-1065196;2026-08-03;0,0;Vendor_16;Netherlands;YES
TRX-1065197;2026-06-19;0,0;Vendor_4;Netherlands;YES
TRX-1065203;2026-01-13;0,0;Vendor_32;Germany;YES
TRX-1065208;2026-06-30;0,0;Vendor_32;Germany;YES
TRX-1065212;2026-03-21;0,0;Vendor_27;Poland;YES
TRX-1065225;2026-01-07;0,0;Vendor_36;Poland;YES
TRX-1065251;2026-08-16;0,0;Vendor_9;China;YES
TRX-1065262;2026-01-27;0,0;Vendor_40;China;YES
TRX-1065270;2026-08-13;573,84;UNKNOWN;UNKNOWN;YES
TRX-1065272;2026-01-30;0,0;Vendor_3;Poland;YES
TRX-1065280;2026-04-11;0,0;Vendor_26;Netherlands;YES
TRX-1065288;2026-08-13;0,0;Vendor_26;Netherlands;YES
TRX-1065302;2026-04-17;0,0;Vendor_32;Germany;YES
TRX-1065325;2026-01-10;0,0;Vendor_4;Netherlands;YES
TRX-1065331;2026-02-16;0,0;Vendor_45;Poland;YES
TRX-1065334;2026-06-16;1436,43;UNKNOWN;UNKNOWN;YES
TRX-1065335;2026-05-15;0,0;Vendor_50;Poland;YES
TRX-1065337;2026-01-19;0,0;UNKNOWN;UNKNOWN;YES
TRX-1065338;2026-07-28;1127,88;UNKNOWN;UNKNOWN;YES
TRX-1065344;2026-01-21;0,0;Vendor_35;Poland;YES
TRX-1065348;2026-06-15;1393,16;UNKNOWN;UNKNOWN;YES
TRX-1065354;2026-07-29;0,0;Vendor_28;Netherlands;YES
TRX-1065357;2026-03-14;0,0;Vendor_15;Germany;YES
TRX-1065366;2026-07-22;147,15;UNKNOWN;UNKNOWN;YES
TRX-1065375;2026-06-18;0,0;Vendor_18;China;YES
TRX-1065382;2026-04-04;0,0;Vendor_7;China;YES
TRX-1065390;;0,0;Vendor_40;China;YES
TRX-1065393;2026-05-22;899,42;UNKNOWN;UNKNOWN;YES
TRX-1065400;2026-07-15;744,65;UNKNOWN;UNKNOWN;YES
TRX-1065401;2026-08-04;0,0;Vendor_47;Netherlands;YES
TRX-1065421;2026-02-02;1398,74;UNKNOWN;UNKNOWN;YES
TRX-1065423;2026-06-10;0,0;Vendor_20;Netherlands;YES
TRX-1065425;2026-07-31;611,96;UNKNOWN;UNKNOWN;YES
TRX-1065443;2026-01-19;282,13;UNKNOWN;UNKNOWN;YES
TRX-1065446;2026-08-05;0,0;Vendor_50;Poland;YES
TRX-1065451;2026-07-03;161,38;UNKNOWN;UNKNOWN;YES
TRX-1065472;2026-04-29;781,87;UNKNOWN;UNKNOWN;YES
TRX-1065473;2026-08-29;0,0;Vendor_40;China;YES
TRX-1065481;2026-06-23;316,57;UNKNOWN;UNKNOWN;YES
TRX-1065491;2026-08-15;0,0;Vendor_41;Germany;YES
TRX-1065493;2026-06-30;920,84;UNKNOWN;UNKNOWN;YES
TRX-1065516;2026-02-24;0,0;Vendor_34;China;YES
TRX-1065517;2026-03-14;0,0;Vendor_32;Germany;YES
TRX-1065519;;0,0;UNKNOWN;UNKNOWN;YES
TRX-1065522;2026-05-15;0,0;Vendor_43;Netherlands;YES
TRX-1065531;;0,0;Vendor_31;Netherlands;YES
TRX-1065534;2026-05-05;0,0;Vendor_12;Netherlands;YES
TRX-1065543;2026-05-29;807,89;UNKNOWN;UNKNOWN;YES
TRX-1065547;2026-09-03;0,0;Vendor_47;Netherlands;YES
TRX-1065572;2026-06-05;0,0;Vendor_13;Netherlands;YES
TRX-1065590;;0,0;Vendor_14;China;YES
TRX-1065599;;0,0;Vendor_29;Netherlands;YES
TRX-1065601;2026-01-31;0,0;Vendor_34;China;YES
TRX-1065607;2026-01-16;0,0;Vendor_1;Germany;YES
TRX-1065611;2026-09-02;0,0;Vendor_44;Poland;YES
TRX-1065613;2026-07-16;1130,48;UNKNOWN;UNKNOWN;YES
TRX-1065621;;0,0;Vendor_24;Germany;YES
TRX-1065632;2026-07-30;0,0;Vendor_50;Poland;YES
TRX-1065638;2026-03-23;0,0;Vendor_13;Netherlands;YES
TRX-1065639;2026-05-17;925,23;UNKNOWN;UNKNOWN;YES
TRX-1065653;2026-01-25;0,0;Vendor_11;Germany;YES
TRX-1065660;2026-01-13;0,0;Vendor_35;Poland;YES
TRX-1065668;2026-04-11;0,0;Vendor_12;Netherlands;YES
TRX-1065670;2026-07-06;0,0;Vendor_16;Netherlands;YES
TRX-1065682;2026-07-22;0,0;Vendor_25;China;YES
TRX-1065688;2026-05-27;0,0;Vendor_29;Netherlands;YES
TRX-1065690;2026-04-10;0,0;Vendor_35;Poland;YES
TRX-1065694;2026-05-22;0,0;Vendor_35;Poland;YES
TRX-1065702;2026-04-03;0,0;Vendor_11;Germany;YES
TRX-1065711;2026-01-07;181,73;UNKNOWN;UNKNOWN;YES
TRX-1065715;2026-03-23;1405,14;UNKNOWN;UNKNOWN;YES
TRX-1065727;2026-03-12;0,0;Vendor_5;Poland;YES
TRX-1065730;2026-04-02;1103,01;UNKNOWN;UNKNOWN;YES
TRX-1065738;2026-04-06;0,0;Vendor_2;China;YES
TRX-1065741;2026-02-08;0,0;Vendor_24;Germany;YES
TRX-1065743;2026-03-06;0,0;Vendor_45;Poland;YES
TRX-1065759;2026-08-31;1139,47;UNKNOWN;UNKNOWN;YES
TRX-1065768;2026-04-01;223,61;UNKNOWN;UNKNOWN;YES
TRX-1065772;2026-08-06;0,0;UNKNOWN;UNKNOWN;YES
TRX-1065775;2026-05-21;0,0;Vendor_11;Germany;YES
TRX-1065787;2026-02-20;0,0;Vendor_26;Netherlands;YES
TRX-1065789;;974,22;UNKNOWN;UNKNOWN;YES
TRX-1065824;2026-03-13;0,0;Vendor_25;China;YES
TRX-1065828;2026-08-09;0,0;Vendor_2;China;YES
TRX-1065846;2026-01-04;0,0;Vendor_48;Netherlands;YES
TRX-1065849;2026-05-17;0,0;Vendor_24;Germany;YES
TRX-1065852;2026-02-23;0,0;Vendor_1;Germany;YES
TRX-1065858;2026-05-12;852,29;UNKNOWN;UNKNOWN;YES
TRX-1065860;2026-08-03;0,0;Vendor_31;Netherlands;YES
TRX-1065863;2026-06-24;0,0;Vendor_13;Netherlands;YES
TRX-1065864;2026-07-11;0,0;Vendor_25;China;YES
TRX-1065871;2026-03-11;0,0;Vendor_22;Germany;YES
TRX-1065881;2026-05-26;0,0;Vendor_37;China;YES
TRX-1065882;;736,86;UNKNOWN;UNKNOWN;YES
TRX-1065892;2026-04-15;0,0;Vendor_50;Poland;YES
TRX-1065896;2026-05-19;653,47;UNKNOWN;UNKNOWN;YES
TRX-1065901;2026-02-07;0,0;Vendor_10;China;YES
TRX-1065906;2026-02-27;0,0;Vendor_28;Netherlands;YES
TRX-1065930;2026-07-07;1468,47;UNKNOWN;UNKNOWN;YES
TRX-1065943;2026-06-21;0,0;Vendor_50;Poland;YES
TRX-1065946;2026-06-07;1271,19;UNKNOWN;UNKNOWN;YES
TRX-1065952;2026-01-17;783,02;UNKNOWN;UNKNOWN;YES
TRX-1065965;2026-05-21;1177,76;UNKNOWN;UNKNOWN;YES
TRX-1065972;2026-04-30;0,0;Vendor_16;Netherlands;YES
TRX-1065974;2026-01-14;1345,43;UNKNOWN;UNKNOWN;YES
TRX-1065975;2026-07-14;0,0;Vendor_25;China;YES
TRX-1065978;2026-05-30;625,25;UNKNOWN;UNKNOWN;YES
TRX-1065984;2026-01-08;0,0;Vendor_39;Poland;YES
TRX-1065990;2026-08-16;0,0;Vendor_29;Netherlands;YES
TRX-1065992;2026-01-27;0,0;Vendor_6;China;YES
TRX-1065994;2026-08-21;0,0;Vendor_14;China;YES
TRX-1065996;2026-07-10;326,79;UNKNOWN;UNKNOWN;YES
TRX-1066008;2026-04-19;0,0;Vendor_13;Netherlands;YES
TRX-1066035;2026-04-25;0,0;UNKNOWN;UNKNOWN;YES
TRX-1066038;2026-07-07;1299,56;UNKNOWN;UNKNOWN;YES
TRX-1066052;2026-08-26;1213,37;UNKNOWN;UNKNOWN;YES
TRX-1066060;;34,17;UNKNOWN;UNKNOWN;YES
TRX-1066065;;0,0;Vendor_6;China;YES
TRX-1066066;2026-01-31;0,0;Vendor_18;China;YES
TRX-1066077;2026-06-04;0,0;Vendor_32;Germany;YES
TRX-1066081;2026-07-16;0,0;Vendor_19;Netherlands;YES
TRX-1066087;2026-01-10;1414,61;UNKNOWN;UNKNOWN;YES
TRX-1066101;2026-08-08;0,0;Vendor_27;Poland;YES
TRX-1066104;2026-07-15;0,0;Vendor_2;China;YES
TRX-1066138;2026-06-18;0,0;Vendor_1;Germany;YES
TRX-1066142;2026-06-05;0,0;Vendor_13;Netherlands;YES
TRX-1066143;2026-02-11;0,0;Vendor_19;Netherlands;YES
TRX-1066156;2026-04-06;0,0;Vendor_43;Netherlands;YES
TRX-1066158;2026-04-19;1108,35;UNKNOWN;UNKNOWN;YES
TRX-1066162;2026-05-17;0,0;Vendor_11;Germany;YES
TRX-1066170;2026-07-19;0,0;Vendor_5;Poland;YES
TRX-1066172;2026-03-06;0,0;Vendor_17;China;YES
TRX-1066179;2026-02-01;388,88;UNKNOWN;UNKNOWN;YES
TRX-1066181;2026-01-25;0,0;Vendor_25;China;YES
TRX-1066187;2026-07-17;983,08;UNKNOWN;UNKNOWN;YES
TRX-1066202;2026-07-02;810,59;UNKNOWN;UNKNOWN;YES
TRX-1066208;2026-06-12;1412,29;UNKNOWN;UNKNOWN;YES
TRX-1066216;2026-02-01;1211,25;UNKNOWN;UNKNOWN;YES
TRX-1066226;2026-08-28;0,0;Vendor_45;Poland;YES
TRX-1066231;2026-06-04;0,0;Vendor_16;Netherlands;YES
TRX-1066234;2026-06-27;782,58;UNKNOWN;UNKNOWN;YES
TRX-1066237;2026-09-07;0,0;Vendor_33;Poland;YES
TRX-1066256;2026-06-24;0,0;Vendor_36;Poland;YES
TRX-1066273;2026-06-05;1102,89;UNKNOWN;UNKNOWN;YES
TRX-1066280;2026-06-03;0,0;Vendor_48;Netherlands;YES
TRX-1066281;2026-02-27;0,0;Vendor_2;China;YES
TRX-1066285;2026-08-20;38,11;UNKNOWN;UNKNOWN;YES
TRX-1066310;2026-08-19;0,0;Vendor_23;Poland;YES
TRX-1066311;2026-01-01;0,0;Vendor_29;Netherlands;YES
TRX-1066318;2026-06-27;0,0;Vendor_40;China;YES
TRX-1066321;2026-07-12;0,0;Vendor_25;China;YES
TRX-1066325;2026-05-31;0,0;UNKNOWN;UNKNOWN;YES
TRX-1066326;2026-06-13;0,0;Vendor_49;Poland;YES
TRX-1066328;2026-01-20;0,0;Vendor_4;Netherlands;YES
TRX-1066336;2026-01-11;0,0;Vendor_33;Poland;YES
TRX-1066352;2026-06-04;0,0;Vendor_25;China;YES
TRX-1066355;2026-01-05;0,0;Vendor_42;Germany;YES
TRX-1066366;2026-02-03;0,0;Vendor_13;Netherlands;YES
TRX-1066377;2026-06-15;0,0;Vendor_33;Poland;YES
TRX-1066379;2026-09-06;0,0;Vendor_6;China;YES
TRX-1066383;2026-08-30;0,0;Vendor_19;Netherlands;YES
TRX-1066385;2026-06-20;0,0;Vendor_3;Poland;YES
TRX-1066387;2026-06-28;0,0;Vendor_25;China;YES
TRX-1066392;2026-06-21;0,0;Vendor_7;China;YES
TRX-1066394;2026-08-21;294,84;UNKNOWN;UNKNOWN;YES
TRX-1066399;2026-06-07;0,0;Vendor_21;Germany;YES
TRX-1066403;2026-04-04;0,0;Vendor_12;Netherlands;YES
TRX-1066407;2026-08-26;0,0;Vendor_34;China;YES
TRX-1066416;;0,0;Vendor_28;Netherlands;YES
TRX-1066420;2026-01-11;0,0;Vendor_12;Netherlands;YES
TRX-1066423;2026-08-16;0,0;Vendor_7;China;YES
TRX-1066427;2026-02-03;1003,18;UNKNOWN;UNKNOWN;YES
TRX-1066429;;0,0;UNKNOWN;UNKNOWN;YES
TRX-1066432;2026-05-28;222,05;UNKNOWN;UNKNOWN;YES
TRX-1066442;2026-05-02;0,0;Vendor_22;Germany;YES
TRX-1066444;2026-07-14;0,0;Vendor_5;Poland;YES
TRX-1066485;2026-08-19;381,65;UNKNOWN;UNKNOWN;YES
TRX-1066490;2026-01-16;0,0;Vendor_3;Poland;YES
TRX-1066495;2026-01-29;9,8;UNKNOWN;UNKNOWN;YES
TRX-1066506;2026-06-29;642,29;UNKNOWN;UNKNOWN;YES
TRX-1066509;2026-05-23;1340,46;UNKNOWN;UNKNOWN;YES
TRX-1066513;2026-03-03;255,0;UNKNOWN;UNKNOWN;YES
TRX-1066514;2026-08-11;0,0;Vendor_47;Netherlands;YES
TRX-1066528;2026-01-24;0,0;Vendor_18;China;YES
TRX-1066534;2026-02-02;0,0;Vendor_8;Germany;YES
TRX-1066538;2026-01-08;344,56;UNKNOWN;UNKNOWN;YES
TRX-1066541;2026-04-02;0,0;Vendor_4;Netherlands;YES
TRX-1066545;2026-08-14;0,0;Vendor_47;Netherlands;YES
TRX-1066565;2026-03-27;0,0;Vendor_43;Netherlands;YES
TRX-1066566;2026-03-26;901,55;UNKNOWN;UNKNOWN;YES
TRX-1066614;2026-03-09;0,0;Vendor_26;Netherlands;YES
TRX-1066624;2026-05-21;0,0;Vendor_29;Netherlands;YES
TRX-1066626;2026-04-25;861,61;UNKNOWN;UNKNOWN;YES
TRX-1066643;2026-05-05;0,0;Vendor_18;China;YES
TRX-1066647;2026-05-25;0,0;Vendor_21;Germany;YES
TRX-1066657;2026-09-08;1402,3;UNKNOWN;UNKNOWN;YES
TRX-1066665;2026-07-13;160,49;UNKNOWN;UNKNOWN;YES
TRX-1066667;;0,0;Vendor_1;Germany;YES
TRX-1066670;2026-02-03;5,3;UNKNOWN;UNKNOWN;YES
TRX-1066676;;337,6;UNKNOWN;UNKNOWN;YES
TRX-1066677;2026-04-13;0,0;Vendor_47;Netherlands;YES
TRX-1066682;2026-06-27;0,0;Vendor_35;Poland;YES
TRX-1066683;2026-07-17;426,52;UNKNOWN;UNKNOWN;YES
TRX-1066687;2026-08-03;0,0;Vendor_3;Poland;YES
TRX-1066693;2026-09-04;1228,65;UNKNOWN;UNKNOWN;YES
TRX-1066697;2026-08-11;0,0;Vendor_39;Poland;YES
TRX-1066700;2026-03-23;0,0;Vendor_35;Poland;YES
TRX-1066716;2026-05-31;0,0;Vendor_36;Poland;YES
TRX-1066718;2026-05-07;0,0;Vendor_23;Poland;YES
TRX-1066731;2026-05-17;358,28;UNKNOWN;UNKNOWN;YES
TRX-1066736;2026-03-21;0,0;Vendor_12;Netherlands;YES
TRX-1066743;2026-04-03;0,0;Vendor_42;Germany;YES
TRX-1066748;2026-06-03;796,62;UNKNOWN;UNKNOWN;YES
TRX-1066765;2026-07-11;0,0;Vendor_37;China;YES
TRX-1066769;2026-04-01;0,0;Vendor_23;Poland;YES
TRX-1066782;2026-02-03;0,0;UNKNOWN;UNKNOWN;YES
TRX-1066790;2026-04-25;0,0;Vendor_45;Poland;YES
TRX-1066796;2026-04-11;0,0;Vendor_36;Poland;YES
TRX-1066804;2026-05-23;741,37;UNKNOWN;UNKNOWN;YES
TRX-1066806;2026-06-02;613,63;UNKNOWN;UNKNOWN;YES
TRX-1066828;2026-04-21;0,0;Vendor_27;Poland;YES
TRX-1066838;2026-07-12;0,0;Vendor_15;Germany;YES
TRX-1066839;2026-04-12;271,85;UNKNOWN;UNKNOWN;YES
TRX-1066851;2026-01-23;0,0;Vendor_36;Poland;YES
TRX-1066860;2026-03-29;927,0;UNKNOWN;UNKNOWN;YES
TRX-1066862;2026-05-31;0,0;Vendor_24;Germany;YES
TRX-1066867;2026-06-08;0,0;Vendor_36;Poland;YES
TRX-1066870;2026-03-11;0,0;Vendor_39;Poland;YES
TRX-1066880;2026-05-08;626,4;UNKNOWN;UNKNOWN;YES
TRX-1066890;;182,59;UNKNOWN;UNKNOWN;YES
TRX-1066893;2026-06-26;0,0;Vendor_3;Poland;YES
TRX-1066902;2026-01-15;1024,18;UNKNOWN;UNKNOWN;YES
TRX-1066911;2026-06-01;0,0;Vendor_34;China;YES
TRX-1066912;2026-06-20;1087,63;UNKNOWN;UNKNOWN;YES
TRX-1066913;2026-04-19;0,0;Vendor_5;Poland;YES
TRX-1066919;2026-05-25;0,0;Vendor_13;Netherlands;YES
TRX-1066922;2026-08-08;1247,08;UNKNOWN;UNKNOWN;YES
TRX-1066927;2026-02-19;261,25;UNKNOWN;UNKNOWN;YES
TRX-1066944;2026-06-09;203,97;UNKNOWN;UNKNOWN;YES
TRX-1066956;2026-01-21;0,0;Vendor_12;Netherlands;YES
TRX-1066960;2026-08-07;0,0;UNKNOWN;UNKNOWN;YES
TRX-1066968;2026-02-13;0,0;Vendor_2;China;YES
TRX-1066977;2026-07-26;0,0;Vendor_49;Poland;YES
TRX-1066978;2026-03-12;0,0;Vendor_7;China;YES
TRX-1067005;2026-08-07;0,0;Vendor_44;Poland;YES
TRX-1067006;2026-04-20;0,0;Vendor_29;Netherlands;YES
TRX-1067009;;0,0;Vendor_30;Netherlands;YES
TRX-1067020;2026-01-30;0,0;Vendor_49;Poland;YES
TRX-1067022;2026-05-30;0,0;Vendor_44;Poland;YES
TRX-1067032;2026-08-17;0,0;Vendor_9;China;YES
TRX-1067033;2026-06-06;0,0;Vendor_9;China;YES
TRX-1067050;2026-04-26;0,0;Vendor_41;Germany;YES
TRX-1067063;2026-04-24;0,0;Vendor_3;Poland;YES
TRX-1067070;2026-01-12;1472,35;UNKNOWN;UNKNOWN;YES
TRX-1067075;;0,0;Vendor_34;China;YES
TRX-1067088;2026-02-02;0,0;Vendor_15;Germany;YES
TRX-1067093;2026-05-27;0,0;Vendor_45;Poland;YES
TRX-1067094;2026-06-30;0,0;Vendor_13;Netherlands;YES
TRX-1067096;;0,0;Vendor_48;Netherlands;YES
TRX-1067099;2026-04-28;0,0;Vendor_43;Netherlands;YES
TRX-1067106;2026-07-03;1431,05;UNKNOWN;UNKNOWN;YES
TRX-1067110;2026-06-24;0,0;Vendor_8;Germany;YES
TRX-1067130;2026-01-17;1197,76;UNKNOWN;UNKNOWN;YES
TRX-1067135;2026-08-18;0,0;Vendor_41;Germany;YES
TRX-1067138;2026-08-25;0,0;Vendor_29;Netherlands;YES
TRX-1067144;;0,0;Vendor_43;Netherlands;YES
TRX-1067148;2026-04-07;1490,09;UNKNOWN;UNKNOWN;YES
TRX-1067152;2026-04-19;0,0;Vendor_30;Netherlands;YES
TRX-1067155;2026-01-28;0,0;Vendor_43;Netherlands;YES
TRX-1067158;2026-05-27;0,0;Vendor_24;Germany;YES
TRX-1067162;2026-04-12;0,0;Vendor_47;Netherlands;YES
TRX-1067163;2026-02-25;1125,33;UNKNOWN;UNKNOWN;YES
TRX-1067167;2026-02-16;0,0;Vendor_40;China;YES
TRX-1067178;2026-01-13;0,0;Vendor_14;China;YES
TRX-1067192;2026-03-01;0,0;Vendor_12;Netherlands;YES
TRX-1067194;2026-02-07;0,0;Vendor_19;Netherlands;YES
TRX-1067196;2026-08-06;0,0;Vendor_12;Netherlands;YES
TRX-1067204;2026-04-28;0,0;Vendor_35;Poland;YES
TRX-1067219;2026-01-04;0,0;Vendor_49;Poland;YES
TRX-1067224;2026-03-02;0,0;Vendor_21;Germany;YES
TRX-1067236;2026-03-06;617,97;UNKNOWN;UNKNOWN;YES
TRX-1067244;2026-03-15;0,0;Vendor_49;Poland;YES
TRX-1067255;2026-03-17;176,55;UNKNOWN;UNKNOWN;YES
TRX-1067259;2026-05-15;680,86;UNKNOWN;UNKNOWN;YES
TRX-1067263;2026-07-15;0,0;Vendor_16;Netherlands;YES
TRX-1067267;2026-01-28;0,0;Vendor_3;Poland;YES
TRX-1067269;2026-09-05;0,0;Vendor_22;Germany;YES
TRX-1067270;2026-05-18;625,41;UNKNOWN;UNKNOWN;YES
TRX-1067272;2026-04-25;233,49;UNKNOWN;UNKNOWN;YES
TRX-1067279;2026-06-07;0,0;UNKNOWN;UNKNOWN;YES
TRX-1067299;2026-04-01;0,0;Vendor_21;Germany;YES
TRX-1067302;2026-04-07;0,0;Vendor_3;Poland;YES
TRX-1067306;2026-03-23;0,0;Vendor_13;Netherlands;YES
TRX-1067307;2026-04-08;0,0;Vendor_37;China;YES
TRX-1067308;2026-04-21;1100,03;UNKNOWN;UNKNOWN;YES
TRX-1067314;2026-01-29;0,0;Vendor_24;Germany;YES
TRX-1067317;2026-03-08;0,0;Vendor_1;Germany;YES
TRX-1067330;2026-03-06;0,0;Vendor_45;Poland;YES
TRX-1067335;2026-05-25;991,31;UNKNOWN;UNKNOWN;YES
TRX-1067337;2026-08-27;0,0;Vendor_14;China;YES
TRX-1067341;2026-05-03;0,0;Vendor_26;Netherlands;YES
TRX-1067346;2026-01-31;401,81;UNKNOWN;UNKNOWN;YES
TRX-1067350;2026-08-31;0,0;Vendor_21;Germany;YES
TRX-1067357;2026-03-04;0,0;Vendor_8;Germany;YES
TRX-1067371;;1197,63;UNKNOWN;UNKNOWN;YES
TRX-1067387;2026-03-28;626,61;UNKNOWN;UNKNOWN;YES
TRX-1067389;;0,0;Vendor_27;Poland;YES
TRX-1067390;2026-02-09;0,0;Vendor_3;Poland;YES
TRX-1067393;2026-07-23;0,0;Vendor_14;China;YES
TRX-1067409;2026-04-19;0,0;Vendor_19;Netherlands;YES
TRX-1067418;2026-08-17;514,81;UNKNOWN;UNKNOWN;YES
TRX-1067422;;0,0;Vendor_14;China;YES
TRX-1067426;2026-05-01;0,0;Vendor_28;Netherlands;YES
TRX-1067432;2026-02-24;0,0;Vendor_17;China;YES
TRX-1067445;2026-06-24;0,0;Vendor_36;Poland;YES
TRX-1067447;2026-03-30;0,0;Vendor_3;Poland;YES
TRX-1067449;2026-07-29;0,0;Vendor_10;China;YES
TRX-1067465;2026-06-09;1191,41;UNKNOWN;UNKNOWN;YES
TRX-1067466;2026-07-16;339,7;UNKNOWN;UNKNOWN;YES
TRX-1067490;2026-07-21;0,0;Vendor_38;China;YES
TRX-1067492;2026-01-30;0,0;Vendor_44;Poland;YES
TRX-1067495;2026-01-08;773,49;UNKNOWN;UNKNOWN;YES
TRX-1067496;2026-01-19;0,0;Vendor_9;China;YES
TRX-1067498;2026-01-22;0,0;Vendor_40;China;YES
TRX-1067505;2026-08-15;1459,92;UNKNOWN;UNKNOWN;YES
TRX-1067516;2026-02-23;0,0;Vendor_41;Germany;YES
TRX-1067517;2026-01-04;0,0;UNKNOWN;UNKNOWN;YES
TRX-1067519;2026-07-24;0,0;Vendor_50;Poland;YES
TRX-1067523;2026-02-11;0,0;Vendor_37;China;YES
TRX-1067536;2026-07-24;0,0;Vendor_31;Netherlands;YES
TRX-1067537;2026-07-22;0,0;Vendor_34;China;YES
TRX-1067541;2026-05-01;1262,53;UNKNOWN;UNKNOWN;YES
TRX-1067567;2026-06-21;747,69;UNKNOWN;UNKNOWN;YES
TRX-1067568;2026-06-20;0,0;Vendor_11;Germany;YES
TRX-1067599;;0,0;Vendor_16;Netherlands;YES
TRX-1067610;2026-07-29;0,0;Vendor_11;Germany;YES
TRX-1067614;2026-01-03;0,0;Vendor_21;Germany;YES
TRX-1067617;2026-04-07;0,0;Vendor_44;Poland;YES
TRX-1067621;2026-07-04;0,0;Vendor_13;Netherlands;YES
TRX-1067627;2026-08-25;0,0;Vendor_18;China;YES
TRX-1067639;2026-03-10;0,0;UNKNOWN;UNKNOWN;YES
TRX-1067645;2026-08-25;0,0;Vendor_25;China;YES
TRX-1067646;2026-02-01;0,0;Vendor_12;Netherlands;YES
TRX-1067653;2026-03-31;0,0;Vendor_11;Germany;YES
TRX-1067655;2026-05-12;0,0;Vendor_46;Poland;YES
TRX-1067679;2026-07-05;0,0;Vendor_31;Netherlands;YES
TRX-1067683;2026-01-26;1403,65;UNKNOWN;UNKNOWN;YES
TRX-1067707;2026-08-06;0,0;Vendor_12;Netherlands;YES
TRX-1067708;2026-06-23;0,0;Vendor_47;Netherlands;YES
TRX-1067721;2026-05-15;0,0;Vendor_1;Germany;YES
TRX-1067722;2026-04-07;0,0;Vendor_39;Poland;YES
TRX-1067724;2026-08-26;0,0;Vendor_1;Germany;YES
TRX-1067747;2026-07-02;1466,4;UNKNOWN;UNKNOWN;YES
TRX-1067757;2026-05-22;0,0;Vendor_45;Poland;YES
TRX-1067764;2026-02-12;111,57;UNKNOWN;UNKNOWN;YES
TRX-1067767;2026-08-17;0,0;Vendor_35;Poland;YES
TRX-1067770;2026-07-30;0,0;Vendor_5;Poland;YES
TRX-1067780;2026-03-07;0,0;Vendor_26;Netherlands;YES
TRX-1067782;2026-06-03;1069,08;UNKNOWN;UNKNOWN;YES
TRX-1067786;2026-01-09;0,0;Vendor_41;Germany;YES
TRX-1067791;2026-04-01;0,0;Vendor_44;Poland;YES
TRX-1067799;2026-02-19;0,0;Vendor_24;Germany;YES
TRX-1067805;2026-04-04;0,0;Vendor_4;Netherlands;YES
TRX-1067817;2026-01-05;0,0;Vendor_2;China;YES
TRX-1067819;2026-05-05;802,11;UNKNOWN;UNKNOWN;YES
TRX-1067827;2026-01-28;0,0;Vendor_42;Germany;YES
TRX-1067834;2026-05-03;0,0;Vendor_13;Netherlands;YES
TRX-1067835;2026-06-01;0,0;Vendor_48;Netherlands;YES
TRX-1067840;2026-02-17;1370,95;UNKNOWN;UNKNOWN;YES
TRX-1067847;2026-01-14;0,0;Vendor_6;China;YES
TRX-1067872;2026-01-28;500,06;UNKNOWN;UNKNOWN;YES
TRX-1067887;2026-05-09;902,72;UNKNOWN;UNKNOWN;YES
TRX-1067895;2026-04-16;0,0;Vendor_26;Netherlands;YES
TRX-1067911;2026-03-26;670,03;UNKNOWN;UNKNOWN;YES
TRX-1067920;2026-06-10;0,0;Vendor_21;Germany;YES
TRX-1067925;2026-03-15;0,0;Vendor_22;Germany;YES
TRX-1067926;2026-05-16;372,66;UNKNOWN;UNKNOWN;YES
TRX-1067930;2026-07-25;0,0;Vendor_44;Poland;YES
TRX-1067932;2026-03-29;0,0;Vendor_14;China;YES
TRX-1067933;2026-01-24;416,54;UNKNOWN;UNKNOWN;YES
TRX-1067947;2026-08-25;0,0;Vendor_36;Poland;YES
TRX-1067949;2026-07-31;1080,42;UNKNOWN;UNKNOWN;YES
TRX-1067956;2026-08-24;0,0;Vendor_22;Germany;YES
TRX-1067958;2026-07-28;1312,75;UNKNOWN;UNKNOWN;YES
TRX-1067968;2026-04-19;0,0;Vendor_31;Netherlands;YES
TRX-1067975;2026-03-27;0,0;Vendor_19;Netherlands;YES
TRX-1067981;2026-04-02;0,0;Vendor_19;Netherlands;YES
TRX-1067992;;0,0;Vendor_8;Germany;YES
TRX-1068002;2026-08-23;0,0;Vendor_2;China;YES
TRX-1068012;2026-06-18;0,0;Vendor_5;Poland;YES
TRX-1068016;2026-08-23;326,86;UNKNOWN;UNKNOWN;YES
TRX-1068019;;731,81;UNKNOWN;UNKNOWN;YES
TRX-1068030;2026-02-28;951,13;UNKNOWN;UNKNOWN;YES
TRX-1068044;2026-03-02;0,0;Vendor_10;China;YES
TRX-1068052;2026-02-16;644,66;UNKNOWN;UNKNOWN;YES
TRX-1068061;2026-08-05;0,0;Vendor_18;China;YES
TRX-1068065;;228,81;UNKNOWN;UNKNOWN;YES
TRX-1068077;2026-04-12;0,0;Vendor_24;Germany;YES
TRX-1068078;2026-07-30;0,0;Vendor_31;Netherlands;YES
TRX-1068081;2026-05-11;0,0;Vendor_46;Poland;YES
TRX-1068094;2026-01-09;0,0;Vendor_8;Germany;YES
TRX-1068095;2026-06-01;233,56;UNKNOWN;UNKNOWN;YES
TRX-1068096;2026-08-19;0,0;Vendor_5;Poland;YES
TRX-1068106;2026-02-12;0,0;Vendor_21;Germany;YES
TRX-1068119;2026-04-14;0,0;Vendor_4;Netherlands;YES
TRX-1068146;2026-06-23;0,0;Vendor_2;China;YES
TRX-1068150;2026-05-09;1365,98;UNKNOWN;UNKNOWN;YES
TRX-1068156;2026-08-31;943,94;UNKNOWN;UNKNOWN;YES
TRX-1068163;2026-03-22;0,0;Vendor_26;Netherlands;YES
TRX-1068165;2026-06-02;0,0;Vendor_32;Germany;YES
TRX-1068180;2026-05-17;615,0;UNKNOWN;UNKNOWN;YES
TRX-1068186;2026-06-05;0,0;Vendor_3;Poland;YES
TRX-1068187;2026-08-19;0,0;Vendor_9;China;YES
TRX-1068191;2026-03-05;0,0;Vendor_18;China;YES
TRX-1068195;2026-05-19;0,0;Vendor_33;Poland;YES
TRX-1068205;2026-08-28;0,0;Vendor_38;China;YES
TRX-1068211;2026-05-28;0,0;Vendor_50;Poland;YES
TRX-1068218;2026-02-01;1270,35;UNKNOWN;UNKNOWN;YES
TRX-1068226;2026-04-03;0,0;Vendor_11;Germany;YES
TRX-1068240;2026-02-09;0,0;Vendor_20;Netherlands;YES
TRX-1068245;2026-07-26;1179,93;UNKNOWN;UNKNOWN;YES
TRX-1068252;2026-06-08;226,01;UNKNOWN;UNKNOWN;YES
TRX-1068259;2026-08-28;0,0;Vendor_29;Netherlands;YES
TRX-1068266;2026-05-20;0,0;Vendor_15;Germany;YES
TRX-1068288;2026-03-15;0,0;Vendor_38;China;YES
TRX-1068300;;0,0;Vendor_12;Netherlands;YES
TRX-1068305;2026-08-21;227,39;UNKNOWN;UNKNOWN;YES
TRX-1068309;2026-07-13;0,0;Vendor_14;China;YES
TRX-1068316;2026-02-05;0,0;Vendor_40;China;YES
TRX-1068318;2026-06-05;614,84;UNKNOWN;UNKNOWN;YES
TRX-1068322;2026-04-30;0,0;Vendor_9;China;YES
TRX-1068328;2026-06-19;0,0;Vendor_36;Poland;YES
TRX-1068336;2026-02-15;0,0;Vendor_48;Netherlands;YES
TRX-1068345;2026-03-08;0,0;Vendor_15;Germany;YES
TRX-1068347;2026-07-18;0,0;Vendor_12;Netherlands;YES
TRX-1068348;2026-03-29;906,27;UNKNOWN;UNKNOWN;YES
TRX-1068350;2026-02-15;0,0;Vendor_38;China;YES
TRX-1068357;2026-05-31;0,0;Vendor_29;Netherlands;YES
TRX-1068360;2026-03-12;996,33;UNKNOWN;UNKNOWN;YES
TRX-1068363;2026-08-22;258,48;UNKNOWN;UNKNOWN;YES
TRX-1068378;2026-02-06;0,0;Vendor_1;Germany;YES
TRX-1068381;2026-01-30;0,0;Vendor_36;Poland;YES
TRX-1068399;2026-04-03;809,54;UNKNOWN;UNKNOWN;YES
TRX-1068403;2026-01-18;143,93;UNKNOWN;UNKNOWN;YES
TRX-1068404;2026-03-23;0,0;Vendor_48;Netherlands;YES
TRX-1068412;2026-02-25;0,0;Vendor_22;Germany;YES
TRX-1068424;2026-05-13;1279,9;UNKNOWN;UNKNOWN;YES
TRX-1068428;2026-05-04;0,0;Vendor_12;Netherlands;YES
TRX-1068434;2026-01-04;0,0;Vendor_33;Poland;YES
TRX-1068438;2026-02-27;0,0;Vendor_39;Poland;YES
TRX-1068455;2026-08-25;389,07;UNKNOWN;UNKNOWN;YES
TRX-1068456;2026-01-01;0,0;Vendor_8;Germany;YES
TRX-1068481;2026-08-15;897,05;UNKNOWN;UNKNOWN;YES
TRX-1068489;2026-02-21;0,0;Vendor_15;Germany;YES
TRX-1068510;2026-03-30;0,0;Vendor_34;China;YES
TRX-1068514;2026-01-28;45,53;UNKNOWN;UNKNOWN;YES
TRX-1068519;2026-01-24;1222,37;UNKNOWN;UNKNOWN;YES
TRX-1068533;2026-08-13;0,0;Vendor_26;Netherlands;YES
TRX-1068540;2026-04-07;13,48;UNKNOWN;UNKNOWN;YES
TRX-1068543;2026-01-14;773,97;UNKNOWN;UNKNOWN;YES
TRX-1068545;2026-03-27;0,0;Vendor_14;China;YES
TRX-1068552;2026-08-22;0,0;Vendor_26;Netherlands;YES
TRX-1068553;2026-05-18;0,0;Vendor_12;Netherlands;YES
TRX-1068556;2026-02-19;0,0;Vendor_33;Poland;YES
TRX-1068562;2026-05-08;1192,08;UNKNOWN;UNKNOWN;YES
TRX-1068563;2026-01-12;324,86;UNKNOWN;UNKNOWN;YES
TRX-1068564;2026-08-17;0,0;Vendor_50;Poland;YES
TRX-1068574;2026-06-16;893,98;UNKNOWN;UNKNOWN;YES
TRX-1068577;2026-08-29;0,0;Vendor_26;Netherlands;YES
TRX-1068589;2026-02-04;0,0;Vendor_49;Poland;YES
TRX-1068592;2026-03-04;0,0;UNKNOWN;UNKNOWN;YES
TRX-1068594;2026-03-03;0,0;Vendor_13;Netherlands;YES
TRX-1068595;2026-07-30;220,35;UNKNOWN;UNKNOWN;YES
TRX-1068600;2026-07-15;0,0;Vendor_48;Netherlands;YES
TRX-1068603;2026-05-20;0,0;Vendor_42;Germany;YES
TRX-1068604;2026-02-22;697,22;UNKNOWN;UNKNOWN;YES
TRX-1068605;2026-04-10;822,37;UNKNOWN;UNKNOWN;YES
TRX-1068609;2026-01-07;0,0;Vendor_39;Poland;YES
TRX-1068624;2026-03-14;0,0;Vendor_26;Netherlands;YES
TRX-1068634;2026-07-22;1095,61;UNKNOWN;UNKNOWN;YES
TRX-1068646;2026-07-12;414,15;UNKNOWN;UNKNOWN;YES
TRX-1068654;2026-04-07;0,0;UNKNOWN;UNKNOWN;YES
TRX-1068659;2026-03-08;0,0;Vendor_45;Poland;YES
TRX-1068661;2026-06-13;752,84;UNKNOWN;UNKNOWN;YES
TRX-1068665;2026-08-05;0,0;Vendor_2;China;YES
TRX-1068681;2026-08-23;0,0;Vendor_3;Poland;YES
TRX-1068685;2026-04-12;1415,44;UNKNOWN;UNKNOWN;YES
TRX-1068689;2026-06-02;276,2;UNKNOWN;UNKNOWN;YES
TRX-1068690;2026-09-02;0,0;Vendor_11;Germany;YES
TRX-1068692;;1310,95;UNKNOWN;UNKNOWN;YES
TRX-1068700;2026-07-20;0,0;Vendor_34;China;YES
TRX-1068713;2026-03-30;959,89;UNKNOWN;UNKNOWN;YES
TRX-1068732;2026-01-16;0,0;Vendor_26;Netherlands;YES
TRX-1068734;2026-07-17;0,0;Vendor_15;Germany;YES
TRX-1068742;2026-02-11;0,0;Vendor_39;Poland;YES
TRX-1068744;2026-01-04;1442,26;UNKNOWN;UNKNOWN;YES
TRX-1068749;2026-08-11;0,0;Vendor_27;Poland;YES
TRX-1068765;2026-01-20;0,0;Vendor_11;Germany;YES
TRX-1068767;2026-04-09;0,0;Vendor_43;Netherlands;YES
TRX-1068771;2026-05-06;0,0;Vendor_30;Netherlands;YES
TRX-1068795;2026-01-22;0,0;Vendor_18;China;YES
TRX-1068797;2026-05-15;0,0;Vendor_42;Germany;YES
TRX-1068803;2026-06-20;1039,35;UNKNOWN;UNKNOWN;YES
TRX-1068804;2026-06-30;809,85;UNKNOWN;UNKNOWN;YES
TRX-1068808;2026-01-14;0,0;Vendor_21;Germany;YES
TRX-1068818;2026-01-10;0,0;Vendor_13;Netherlands;YES
TRX-1068821;2026-02-10;93,09;UNKNOWN;UNKNOWN;YES
TRX-1068824;2026-07-18;0,0;Vendor_45;Poland;YES
TRX-1068829;2026-02-10;0,0;UNKNOWN;UNKNOWN;YES
TRX-1068830;2026-06-13;0,0;Vendor_13;Netherlands;YES
TRX-1068831;;0,0;Vendor_22;Germany;YES
TRX-1068837;2026-01-04;56,31;UNKNOWN;UNKNOWN;YES
TRX-1068838;2026-04-20;0,0;Vendor_2;China;YES
TRX-1068846;2026-02-03;0,0;Vendor_38;China;YES
TRX-1068861;2026-05-31;0,0;Vendor_46;Poland;YES
TRX-1068866;2026-01-18;0,0;Vendor_1;Germany;YES
TRX-1068875;2026-08-15;0,0;Vendor_45;Poland;YES
TRX-1068887;2026-03-17;0,0;Vendor_15;Germany;YES
TRX-1068889;2026-04-04;0,0;Vendor_32;Germany;YES
TRX-1068901;2026-01-13;0,0;Vendor_36;Poland;YES
TRX-1068930;2026-03-04;0,0;Vendor_45;Poland;YES
TRX-1068935;2026-06-15;0,0;Vendor_13;Netherlands;YES
TRX-1068938;2026-08-04;1400,13;UNKNOWN;UNKNOWN;YES
TRX-1068940;2026-07-23;0,0;UNKNOWN;UNKNOWN;YES
TRX-1068942;2026-06-03;0,0;Vendor_42;Germany;YES
TRX-1068945;2026-04-06;1151,15;UNKNOWN;UNKNOWN;YES
TRX-1068946;2026-03-11;0,0;Vendor_5;Poland;YES
TRX-1068949;2026-01-17;346,36;UNKNOWN;UNKNOWN;YES
TRX-1068969;2026-08-03;403,18;UNKNOWN;UNKNOWN;YES
TRX-1068970;2026-04-13;1357,08;UNKNOWN;UNKNOWN;YES
TRX-1068995;2026-08-24;1457,68;UNKNOWN;UNKNOWN;YES
TRX-1069018;2026-09-06;0,0;Vendor_21;Germany;YES
TRX-1069028;2026-03-15;0,0;Vendor_42;Germany;YES
TRX-1069035;2026-03-04;809,93;UNKNOWN;UNKNOWN;YES
TRX-1069036;;0,0;Vendor_42;Germany;YES
TRX-1069038;2026-02-21;1379,45;UNKNOWN;UNKNOWN;YES
TRX-1069045;2026-05-07;0,0;Vendor_9;China;YES
TRX-1069052;2026-06-01;0,0;Vendor_19;Netherlands;YES
TRX-1069061;2026-04-18;0,0;Vendor_42;Germany;YES
TRX-1069068;2026-02-02;848,73;UNKNOWN;UNKNOWN;YES
TRX-1069071;2026-08-18;0,0;Vendor_47;Netherlands;YES
TRX-1069080;2026-09-01;0,0;UNKNOWN;UNKNOWN;YES
TRX-1069083;2026-08-11;415,9;UNKNOWN;UNKNOWN;YES
TRX-1069096;2026-08-13;0,0;Vendor_29;Netherlands;YES
TRX-1069097;2026-08-09;557,78;UNKNOWN;UNKNOWN;YES
TRX-1069099;2026-07-04;0,0;UNKNOWN;UNKNOWN;YES
TRX-1069104;2026-04-05;0,0;Vendor_22;Germany;YES
TRX-1069106;2026-05-08;0,0;Vendor_26;Netherlands;YES
TRX-1069108;2026-08-04;0,0;Vendor_26;Netherlands;YES
TRX-1069115;2026-09-08;0,0;Vendor_37;China;YES
TRX-1069120;2026-03-25;0,0;Vendor_10;China;YES
TRX-1069121;2026-02-18;0,0;Vendor_24;Germany;YES
TRX-1069132;2026-07-19;0,0;Vendor_14;China;YES
TRX-1069134;2026-04-13;961,67;UNKNOWN;UNKNOWN;YES
TRX-1069142;2026-03-20;0,0;Vendor_36;Poland;YES
TRX-1069160;2026-05-22;1166,83;UNKNOWN;UNKNOWN;YES
TRX-1069161;;0,0;Vendor_35;Poland;YES
TRX-1069162;2026-01-19;0,0;Vendor_2;China;YES
TRX-1069163;2026-02-01;0,0;Vendor_31;Netherlands;YES
TRX-1069164;2026-09-01;656,89;UNKNOWN;UNKNOWN;YES
TRX-1069170;2026-04-06;0,0;Vendor_1;Germany;YES
TRX-1069171;2026-07-29;0,0;Vendor_43;Netherlands;YES
TRX-1069207;2026-03-17;0,0;Vendor_9;China;YES
TRX-1069209;2026-06-14;0,0;Vendor_50;Poland;YES
TRX-1069211;2026-07-01;0,0;Vendor_38;China;YES
TRX-1069213;2026-03-08;0,0;Vendor_12;Netherlands;YES
TRX-1069218;2026-05-23;0,0;Vendor_25;China;YES
TRX-1069226;2026-02-08;0,0;Vendor_21;Germany;YES
TRX-1069227;2026-05-15;0,0;Vendor_38;China;YES
TRX-1069229;2026-04-07;133,04;UNKNOWN;UNKNOWN;YES
TRX-1069233;2026-04-16;926,91;UNKNOWN;UNKNOWN;YES
TRX-1069247;2026-08-31;0,0;Vendor_31;Netherlands;YES
TRX-1069252;2026-01-17;1362,17;UNKNOWN;UNKNOWN;YES
TRX-1069267;2026-03-08;302,59;UNKNOWN;UNKNOWN;YES
TRX-1069278;2026-03-13;768,25;UNKNOWN;UNKNOWN;YES
TRX-1069280;2026-08-07;0,0;Vendor_18;China;YES
TRX-1069293;2026-08-26;508,61;UNKNOWN;UNKNOWN;YES
TRX-1069299;2026-08-13;0,0;Vendor_31;Netherlands;YES
TRX-1069301;2026-08-18;634,04;UNKNOWN;UNKNOWN;YES
TRX-1069305;2026-03-15;0,0;Vendor_43;Netherlands;YES
TRX-1069322;2026-08-03;996,85;UNKNOWN;UNKNOWN;YES
TRX-1069323;2026-03-08;0,0;Vendor_48;Netherlands;YES
TRX-1069329;;0,0;Vendor_8;Germany;YES
TRX-1069331;2026-06-11;885,96;UNKNOWN;UNKNOWN;YES
TRX-1069334;2026-07-14;225,71;UNKNOWN;UNKNOWN;YES
TRX-1069336;2026-03-13;1345,13;UNKNOWN;UNKNOWN;YES
TRX-1069342;2026-09-08;0,0;Vendor_39;Poland;YES
TRX-1069347;2026-09-03;0,0;Vendor_9;China;YES
TRX-1069348;;0,0;Vendor_15;Germany;YES
TRX-1069351;2026-03-09;0,0;Vendor_28;Netherlands;YES
TRX-1069364;2026-02-19;1482,03;UNKNOWN;UNKNOWN;YES
TRX-1069370;2026-01-19;222,22;UNKNOWN;UNKNOWN;YES
TRX-1069376;2026-01-16;0,0;Vendor_11;Germany;YES
TRX-1069384;2026-03-28;0,0;UNKNOWN;UNKNOWN;YES
TRX-1069390;2026-05-30;110,03;UNKNOWN;UNKNOWN;YES
TRX-1069397;2026-04-06;0,0;Vendor_11;Germany;YES
TRX-1069405;2026-02-28;1435,48;UNKNOWN;UNKNOWN;YES
TRX-1069410;2026-02-07;0,0;UNKNOWN;UNKNOWN;YES
TRX-1069416;2026-04-13;477,02;UNKNOWN;UNKNOWN;YES
TRX-1069420;2026-02-23;0,0;Vendor_29;Netherlands;YES
TRX-1069424;2026-06-29;0,0;Vendor_41;Germany;YES
TRX-1069431;2026-07-16;0,0;Vendor_37;China;YES
TRX-1069435;2026-07-02;586,43;UNKNOWN;UNKNOWN;YES
TRX-1069437;2026-08-07;0,0;Vendor_5;Poland;YES
TRX-1069450;2026-07-17;0,0;Vendor_43;Netherlands;YES
TRX-1069454;2026-03-07;0,0;Vendor_49;Poland;YES
TRX-1069462;2026-03-13;0,0;Vendor_1;Germany;YES
TRX-1069475;2026-01-20;0,0;Vendor_2;China;YES
TRX-1069491;2026-06-07;0,0;Vendor_6;China;YES
TRX-1069500;2026-01-23;0,0;Vendor_34;China;YES
TRX-1069511;2026-08-14;0,0;Vendor_39;Poland;YES
TRX-1069516;2026-07-28;0,0;Vendor_10;China;YES
TRX-1069522;2026-03-15;172,06;UNKNOWN;UNKNOWN;YES
TRX-1069523;;0,0;Vendor_29;Netherlands;YES
TRX-1069525;2026-02-28;0,0;UNKNOWN;UNKNOWN;YES
TRX-1069529;2026-06-12;0,0;Vendor_50;Poland;YES
TRX-1069534;2026-09-03;0,0;Vendor_46;Poland;YES
TRX-1069535;2026-01-24;0,0;Vendor_40;China;YES
TRX-1069537;2026-05-14;0,0;Vendor_5;Poland;YES
TRX-1069539;2026-02-26;0,0;Vendor_27;Poland;YES
TRX-1069561;2026-05-24;0,0;Vendor_43;Netherlands;YES
TRX-1069572;2026-09-05;1434,89;UNKNOWN;UNKNOWN;YES
TRX-1069573;2026-07-18;1275,92;UNKNOWN;UNKNOWN;YES
TRX-1069578;2026-08-06;543,22;UNKNOWN;UNKNOWN;YES
TRX-1069580;2026-08-03;1314,03;UNKNOWN;UNKNOWN;YES
TRX-1069590;2026-06-06;0,0;Vendor_36;Poland;YES
TRX-1069591;2026-05-27;0,0;Vendor_35;Poland;YES
TRX-1069607;2026-05-12;1061,88;UNKNOWN;UNKNOWN;YES
TRX-1069614;2026-06-25;0,0;Vendor_39;Poland;YES
TRX-1069618;2026-01-19;476,95;UNKNOWN;UNKNOWN;YES
TRX-1069624;2026-06-03;0,0;Vendor_14;China;YES
TRX-1069629;2026-05-04;1169,83;UNKNOWN;UNKNOWN;YES
TRX-1069633;2026-03-17;146,85;UNKNOWN;UNKNOWN;YES
TRX-1069663;2026-05-02;0,0;Vendor_19;Netherlands;YES
TRX-1069665;2026-08-03;993,47;UNKNOWN;UNKNOWN;YES
TRX-1069678;2026-08-31;0,0;Vendor_2;China;YES
TRX-1069690;2026-01-29;0,0;Vendor_17;China;YES
TRX-1069697;2026-06-04;573,78;UNKNOWN;UNKNOWN;YES
TRX-1069698;2026-01-21;0,0;Vendor_48;Netherlands;YES
TRX-1069721;2026-02-08;0,0;Vendor_12;Netherlands;YES
TRX-1069725;2026-09-03;128,49;UNKNOWN;UNKNOWN;YES
TRX-1069740;2026-05-31;0,0;Vendor_18;China;YES
TRX-1069752;2026-03-18;0,0;Vendor_24;Germany;YES
TRX-1069762;2026-08-22;508,34;UNKNOWN;UNKNOWN;YES
TRX-1069763;2026-08-21;1374,56;UNKNOWN;UNKNOWN;YES
TRX-1069769;2026-04-10;0,0;Vendor_31;Netherlands;YES
TRX-1069782;2026-02-26;0,0;Vendor_37;China;YES
TRX-1069787;2026-02-05;0,0;Vendor_19;Netherlands;YES
TRX-1069791;2026-07-10;493,67;UNKNOWN;UNKNOWN;YES
TRX-1069801;2026-02-26;322,47;UNKNOWN;UNKNOWN;YES
TRX-1069810;2026-08-16;0,0;Vendor_33;Poland;YES
TRX-1069823;2026-04-04;322,24;UNKNOWN;UNKNOWN;YES
TRX-1069835;2026-01-26;867,25;UNKNOWN;UNKNOWN;YES
TRX-1069840;2026-09-04;0,0;Vendor_18;China;YES
TRX-1069856;2026-05-11;0,0;Vendor_5;Poland;YES
TRX-1069857;2026-05-02;81,08;UNKNOWN;UNKNOWN;YES
TRX-1069863;2026-06-04;0,0;UNKNOWN;UNKNOWN;YES
TRX-1069875;2026-07-20;0,0;Vendor_28;Netherlands;YES
TRX-1069882;2026-01-09;0,0;Vendor_1;Germany;YES
TRX-1069884;2026-04-22;1112,53;UNKNOWN;UNKNOWN;YES
TRX-1069888;2026-02-08;28,13;UNKNOWN;UNKNOWN;YES
TRX-1069895;2026-01-12;991,18;UNKNOWN;UNKNOWN;YES
TRX-1069910;2026-08-03;0,0;Vendor_11;Germany;YES
TRX-1069922;2026-01-21;0,0;Vendor_45;Poland;YES
TRX-1069930;2026-07-18;209,89;UNKNOWN;UNKNOWN;YES
TRX-1069932;2026-02-27;0,0;Vendor_32;Germany;YES
TRX-1069935;;514,68;UNKNOWN;UNKNOWN;YES
TRX-1069940;;0,0;Vendor_16;Netherlands;YES
TRX-1069948;2026-01-31;0,0;Vendor_28;Netherlands;YES
TRX-1069955;2026-03-13;0,0;Vendor_33;Poland;YES
TRX-1069957;2026-06-20;506,93;UNKNOWN;UNKNOWN;YES
TRX-1069972;;0,0;Vendor_41;Germany;YES
TRX-1069974;2026-05-21;0,0;Vendor_12;Netherlands;YES
TRX-1069978;2026-05-22;0,0;Vendor_36;Poland;YES
TRX-1069982;2026-05-21;0,0;Vendor_25;China;YES
TRX-1069986;2026-01-13;1249,56;UNKNOWN;UNKNOWN;YES
TRX-1070008;2026-03-07;61,87;UNKNOWN;UNKNOWN;YES
TRX-1070012;2026-08-11;0,0;Vendor_30;Netherlands;YES
TRX-1070017;2026-01-05;0,0;Vendor_41;Germany;YES
TRX-1070019;2026-02-19;1007,04;UNKNOWN;UNKNOWN;YES
TRX-1070027;2026-03-03;0,0;Vendor_28;Netherlands;YES
TRX-1070028;2026-04-22;1144,11;UNKNOWN;UNKNOWN;YES
TRX-1070031;2026-01-21;0,0;Vendor_47;Netherlands;YES
TRX-1070035;2026-05-20;0,0;Vendor_29;Netherlands;YES
TRX-1070038;2026-09-01;0,0;Vendor_7;China;YES
TRX-1070043;2026-07-19;0,0;Vendor_15;Germany;YES
TRX-1070049;2026-05-07;0,0;Vendor_15;Germany;YES
TRX-1070066;2026-06-05;0,0;Vendor_21;Germany;YES
TRX-1070069;2026-08-07;0,0;Vendor_5;Poland;YES
TRX-1070071;2026-02-13;0,0;Vendor_26;Netherlands;YES
TRX-1070085;2026-03-17;0,0;Vendor_27;Poland;YES
TRX-1070089;2026-06-27;1104,17;UNKNOWN;UNKNOWN;YES
TRX-1070093;2026-03-25;0,0;Vendor_25;China;YES
TRX-1070098;2026-02-24;0,0;UNKNOWN;UNKNOWN;YES
TRX-1070101;2026-01-22;1239,01;UNKNOWN;UNKNOWN;YES
TRX-1070105;2026-05-19;0,0;Vendor_18;China;YES
TRX-1070108;2026-01-03;968,84;UNKNOWN;UNKNOWN;YES
TRX-1070109;2026-03-25;387,02;UNKNOWN;UNKNOWN;YES
TRX-1070110;2026-06-01;139,34;UNKNOWN;UNKNOWN;YES
TRX-1070123;2026-07-25;0,0;Vendor_22;Germany;YES
TRX-1070129;2026-03-25;0,0;Vendor_35;Poland;YES
TRX-1070148;2026-01-16;0,0;Vendor_4;Netherlands;YES
TRX-1070161;2026-05-14;1022,75;UNKNOWN;UNKNOWN;YES
TRX-1070166;2026-01-20;0,0;Vendor_35;Poland;YES
TRX-1070168;2026-02-28;0,0;Vendor_12;Netherlands;YES
TRX-1070180;2026-07-16;0,0;Vendor_42;Germany;YES
TRX-1070186;2026-03-03;0,0;Vendor_16;Netherlands;YES
TRX-1070188;2026-03-25;20,67;UNKNOWN;UNKNOWN;YES
TRX-1070198;2026-02-19;952,46;UNKNOWN;UNKNOWN;YES
TRX-1070216;2026-04-13;0,0;Vendor_46;Poland;YES
TRX-1070221;2026-03-12;0,0;Vendor_35;Poland;YES
TRX-1070227;2026-01-11;0,0;Vendor_32;Germany;YES
TRX-1070236;2026-02-25;0,0;Vendor_22;Germany;YES
TRX-1070237;2026-04-16;0,0;Vendor_7;China;YES
TRX-1070252;2026-05-14;766,43;UNKNOWN;UNKNOWN;YES
TRX-1070254;2026-03-02;121,78;UNKNOWN;UNKNOWN;YES
TRX-1070265;2026-01-10;0,0;Vendor_33;Poland;YES
TRX-1070267;2026-06-28;146,39;UNKNOWN;UNKNOWN;YES
TRX-1070277;2026-06-01;0,0;Vendor_32;Germany;YES
TRX-1070287;2026-05-23;0,0;Vendor_47;Netherlands;YES
TRX-1070303;2026-07-02;0,0;Vendor_29;Netherlands;YES
TRX-1070312;2026-01-28;0,0;Vendor_40;China;YES
TRX-1070317;;0,0;Vendor_36;Poland;YES
TRX-1070320;2026-05-16;439,91;UNKNOWN;UNKNOWN;YES
TRX-1070324;2026-01-07;0,0;Vendor_41;Germany;YES
TRX-1070330;2026-04-12;0,0;Vendor_23;Poland;YES
TRX-1070331;2026-01-10;222,94;UNKNOWN;UNKNOWN;YES
TRX-1070340;2026-08-11;0,0;Vendor_50;Poland;YES
TRX-1070342;2026-04-02;0,0;Vendor_41;Germany;YES
TRX-1070367;2026-04-09;486,03;UNKNOWN;UNKNOWN;YES
TRX-1070374;2026-02-27;0,0;Vendor_13;Netherlands;YES
TRX-1070379;2026-01-16;365,63;UNKNOWN;UNKNOWN;YES
TRX-1070381;2026-02-12;0,0;Vendor_13;Netherlands;YES
TRX-1070382;2026-07-08;0,0;Vendor_11;Germany;YES
TRX-1070389;2026-04-28;0,0;Vendor_11;Germany;YES
TRX-1070392;2026-04-21;0,0;Vendor_40;China;YES
TRX-1070396;2026-08-05;126,61;UNKNOWN;UNKNOWN;YES
TRX-1070416;2026-04-03;0,0;Vendor_41;Germany;YES
TRX-1070434;2026-04-08;0,0;Vendor_36;Poland;YES
TRX-1070436;2026-02-28;0,0;Vendor_36;Poland;YES
TRX-1070454;2026-03-05;0,0;Vendor_32;Germany;YES
TRX-1070465;2026-06-22;0,0;Vendor_42;Germany;YES
TRX-1070472;2026-06-21;1268,44;UNKNOWN;UNKNOWN;YES
TRX-1070474;2026-08-17;637,66;UNKNOWN;UNKNOWN;YES
TRX-1070481;2026-06-03;0,0;Vendor_26;Netherlands;YES
TRX-1070482;2026-07-01;0,0;Vendor_23;Poland;YES
TRX-1070489;2026-04-16;0,0;Vendor_19;Netherlands;YES
TRX-1070490;2026-03-30;0,0;Vendor_47;Netherlands;YES
TRX-1070491;2026-07-06;0,0;Vendor_50;Poland;YES
TRX-1070504;2026-02-18;0,0;Vendor_20;Netherlands;YES
TRX-1070517;;0,0;Vendor_19;Netherlands;YES
TRX-1070520;2026-08-30;269,93;UNKNOWN;UNKNOWN;YES
TRX-1070524;2026-05-14;0,0;Vendor_49;Poland;YES
TRX-1070548;2026-05-31;0,0;Vendor_49;Poland;YES
TRX-1070572;2026-08-05;0,0;Vendor_22;Germany;YES
TRX-1070583;2026-07-26;146,85;UNKNOWN;UNKNOWN;YES
TRX-1070585;2026-07-03;0,0;Vendor_40;China;YES
TRX-1070591;2026-09-05;0,0;Vendor_46;Poland;YES
TRX-1070605;2026-04-18;0,0;Vendor_39;Poland;YES
TRX-1070613;2026-08-08;0,0;Vendor_36;Poland;YES
TRX-1070620;2026-02-05;1207,7;UNKNOWN;UNKNOWN;YES
TRX-1070625;2026-07-21;0,0;Vendor_39;Poland;YES
TRX-1070627;2026-05-29;48,62;UNKNOWN;UNKNOWN;YES
TRX-1070629;2026-02-06;0,0;Vendor_13;Netherlands;YES
TRX-1070634;2026-05-22;0,0;Vendor_43;Netherlands;YES
TRX-1070635;2026-05-07;0,0;Vendor_9;China;YES
TRX-1070641;2026-03-18;382,23;UNKNOWN;UNKNOWN;YES
TRX-1070644;2026-04-21;0,0;Vendor_45;Poland;YES
TRX-1070664;2026-03-17;0,0;Vendor_45;Poland;YES
TRX-1070677;2026-03-07;116,26;UNKNOWN;UNKNOWN;YES
TRX-1070685;2026-07-24;0,0;UNKNOWN;UNKNOWN;YES
TRX-1070702;;0,0;Vendor_42;Germany;YES
TRX-1070703;2026-06-19;0,0;Vendor_21;Germany;YES
TRX-1070704;2026-02-10;0,0;Vendor_32;Germany;YES
TRX-1070711;2026-02-23;1440,65;UNKNOWN;UNKNOWN;YES
TRX-1070712;2026-03-28;0,0;Vendor_10;China;YES
TRX-1070723;2026-08-15;0,0;Vendor_5;Poland;YES
TRX-1070734;2026-03-11;144,64;UNKNOWN;UNKNOWN;YES
TRX-1070735;2026-04-22;0,0;Vendor_6;China;YES
TRX-1070736;2026-07-16;0,0;Vendor_19;Netherlands;YES
TRX-1070740;2026-01-10;17,45;UNKNOWN;UNKNOWN;YES
TRX-1070744;2026-03-25;0,0;Vendor_41;Germany;YES
TRX-1070752;2026-03-25;0,0;Vendor_3;Poland;YES
TRX-1070760;2026-04-24;0,0;UNKNOWN;UNKNOWN;YES
TRX-1070763;;0,0;Vendor_28;Netherlands;YES
TRX-1070768;2026-08-02;0,0;Vendor_49;Poland;YES
TRX-1070774;2026-01-25;1010,42;UNKNOWN;UNKNOWN;YES
TRX-1070780;2026-03-17;0,0;UNKNOWN;UNKNOWN;YES
TRX-1070791;2026-08-22;0,0;Vendor_2;China;YES
TRX-1070801;2026-07-07;0,0;Vendor_9;China;YES
TRX-1070805;2026-07-24;0,0;Vendor_25;China;YES
TRX-1070806;2026-07-24;0,0;UNKNOWN;UNKNOWN;YES
TRX-1070809;2026-03-09;1489,74;UNKNOWN;UNKNOWN;YES
TRX-1070811;2026-06-21;0,0;Vendor_17;China;YES
TRX-1070826;2026-06-26;1344,86;UNKNOWN;UNKNOWN;YES
TRX-1070830;2026-06-11;0,0;Vendor_5;Poland;YES
TRX-1070841;2026-08-22;1433,37;UNKNOWN;UNKNOWN;YES
TRX-1070849;2026-04-21;0,0;Vendor_48;Netherlands;YES
TRX-1070854;2026-07-24;0,0;Vendor_34;China;YES
TRX-1070855;2026-03-31;406,43;UNKNOWN;UNKNOWN;YES
TRX-1070857;2026-06-25;0,0;Vendor_43;Netherlands;YES
TRX-1070859;2026-07-02;1388,78;UNKNOWN;UNKNOWN;YES
TRX-1070870;2026-07-31;0,0;Vendor_27;Poland;YES
TRX-1070884;2026-09-06;664,26;UNKNOWN;UNKNOWN;YES
TRX-1070907;2026-08-09;0,0;Vendor_18;China;YES
TRX-1070909;2026-01-23;1074,85;UNKNOWN;UNKNOWN;YES
TRX-1070911;2026-01-31;0,0;Vendor_47;Netherlands;YES
TRX-1070917;2026-09-03;927,02;UNKNOWN;UNKNOWN;YES
TRX-1070920;2026-06-12;913,52;UNKNOWN;UNKNOWN;YES
TRX-1070922;2026-08-05;0,0;Vendor_15;Germany;YES
TRX-1070930;2026-07-15;0,0;Vendor_40;China;YES
TRX-1070933;2026-05-29;1335,39;UNKNOWN;UNKNOWN;YES
TRX-1070944;2026-08-31;0,0;Vendor_40;China;YES
TRX-1070947;2026-06-27;0,0;Vendor_41;Germany;YES
TRX-1070960;2026-02-27;0,0;Vendor_33;Poland;YES
TRX-1070963;2026-02-20;948,15;UNKNOWN;UNKNOWN;YES
TRX-1070969;2026-05-27;0,0;Vendor_42;Germany;YES
TRX-1070983;2026-01-01;0,0;Vendor_29;Netherlands;YES
TRX-1070991;2026-02-01;0,0;Vendor_7;China;YES
TRX-1071011;2026-08-20;0,0;Vendor_12;Netherlands;YES
TRX-1071021;2026-08-14;0,0;Vendor_31;Netherlands;YES
TRX-1071023;2026-06-09;1498,55;UNKNOWN;UNKNOWN;YES
TRX-1071029;2026-06-09;1237,63;UNKNOWN;UNKNOWN;YES
TRX-1071039;2026-01-19;0,0;Vendor_36;Poland;YES
TRX-1071055;2026-02-04;0,0;Vendor_4;Netherlands;YES
TRX-1071056;2026-02-02;0,0;Vendor_30;Netherlands;YES
TRX-1071074;;0,0;Vendor_3;Poland;YES
TRX-1071077;2026-07-27;0,0;Vendor_9;China;YES
TRX-1071079;2026-05-05;0,0;Vendor_21;Germany;YES
TRX-1071087;2026-08-23;210,14;UNKNOWN;UNKNOWN;YES
TRX-1071091;2026-04-14;1480,25;UNKNOWN;UNKNOWN;YES
TRX-1071101;2026-06-29;1207,5;UNKNOWN;UNKNOWN;YES
TRX-1071109;2026-02-13;0,0;Vendor_3;Poland;YES
TRX-1071110;2026-03-12;0,0;Vendor_5;Poland;YES
TRX-1071111;2026-04-19;0,0;Vendor_47;Netherlands;YES
TRX-1071115;2026-08-03;0,0;Vendor_2;China;YES
TRX-1071126;2026-07-01;597,08;UNKNOWN;UNKNOWN;YES
TRX-1071136;2026-02-06;0,0;Vendor_4;Netherlands;YES
TRX-1071141;2026-04-03;0,0;Vendor_43;Netherlands;YES
TRX-1071143;2026-09-05;106,69;UNKNOWN;UNKNOWN;YES
TRX-1071148;2026-02-23;0,0;Vendor_32;Germany;YES
TRX-1071157;2026-05-15;0,0;Vendor_15;Germany;YES
TRX-1071159;2026-02-07;0,0;Vendor_40;China;YES
TRX-1071163;2026-08-23;0,0;Vendor_46;Poland;YES
TRX-1071175;2026-02-04;0,0;Vendor_4;Netherlands;YES
TRX-1071176;2026-06-04;0,0;Vendor_2;China;YES
TRX-1071182;2026-04-07;1028,39;UNKNOWN;UNKNOWN;YES
TRX-1071185;2026-08-29;0,0;Vendor_46;Poland;YES
TRX-1071186;2026-01-22;0,0;Vendor_44;Poland;YES
TRX-1071194;2026-07-23;0,0;Vendor_39;Poland;YES
TRX-1071197;;0,0;Vendor_7;China;YES
TRX-1071198;2026-07-26;0,0;Vendor_35;Poland;YES
TRX-1071201;2026-02-17;826,57;UNKNOWN;UNKNOWN;YES
TRX-1071207;2026-01-01;0,0;Vendor_8;Germany;YES
TRX-1071220;2026-07-01;0,0;UNKNOWN;UNKNOWN;YES
TRX-1071227;2026-02-24;0,0;Vendor_43;Netherlands;YES
TRX-1071239;2026-03-08;1013,94;UNKNOWN;UNKNOWN;YES
TRX-1071244;2026-04-27;313,62;UNKNOWN;UNKNOWN;YES
TRX-1071254;2026-03-01;0,0;Vendor_30;Netherlands;YES
TRX-1071259;2026-03-15;0,0;Vendor_6;China;YES
TRX-1071260;2026-02-09;0,0;Vendor_28;Netherlands;YES
TRX-1071271;2026-01-19;928,41;UNKNOWN;UNKNOWN;YES
TRX-1071273;2026-04-06;0,0;Vendor_21;Germany;YES
TRX-1071285;2026-06-07;0,0;Vendor_9;China;YES
TRX-1071292;2026-02-03;0,0;Vendor_4;Netherlands;YES
TRX-1071301;2026-03-09;1423,56;UNKNOWN;UNKNOWN;YES
TRX-1071315;2026-01-02;339,54;UNKNOWN;UNKNOWN;YES
TRX-1071319;2026-02-16;381,78;UNKNOWN;UNKNOWN;YES
TRX-1071322;2026-08-24;0,0;Vendor_41;Germany;YES
TRX-1071336;2026-01-12;1181,51;UNKNOWN;UNKNOWN;YES
TRX-1071340;2026-04-04;0,0;Vendor_32;Germany;YES
TRX-1071347;2026-03-29;0,0;Vendor_42;Germany;YES
TRX-1071353;2026-08-09;0,0;Vendor_39;Poland;YES
TRX-1071363;2026-01-20;0,0;Vendor_34;China;YES
TRX-1071371;2026-02-04;0,0;Vendor_4;Netherlands;YES
TRX-1071377;2026-07-03;470,33;UNKNOWN;UNKNOWN;YES
TRX-1071380;2026-01-07;0,0;Vendor_27;Poland;YES
TRX-1071382;2026-04-11;0,0;Vendor_49;Poland;YES
TRX-1071385;2026-02-10;0,0;Vendor_38;China;YES
TRX-1071389;2026-07-29;0,0;Vendor_41;Germany;YES
TRX-1071395;2026-03-31;0,0;UNKNOWN;UNKNOWN;YES
TRX-1071398;2026-04-27;0,0;Vendor_21;Germany;YES
TRX-1071424;2026-08-22;0,0;Vendor_9;China;YES
TRX-1071427;2026-01-17;1373,08;UNKNOWN;UNKNOWN;YES
TRX-1071438;2026-02-06;0,0;Vendor_48;Netherlands;YES
TRX-1071439;2026-03-15;0,0;Vendor_36;Poland;YES
TRX-1071443;2026-08-07;0,0;UNKNOWN;UNKNOWN;YES
TRX-1071453;2026-08-05;1077,15;UNKNOWN;UNKNOWN;YES
TRX-1071462;2026-09-01;576,79;UNKNOWN;UNKNOWN;YES
TRX-1071465;2026-07-24;0,0;Vendor_7;China;YES
TRX-1071469;2026-01-24;1333,9;UNKNOWN;UNKNOWN;YES
TRX-1071472;2026-09-01;0,0;Vendor_36;Poland;YES
TRX-1071473;2026-03-15;0,0;Vendor_4;Netherlands;YES
TRX-1071474;2026-02-26;1108,57;UNKNOWN;UNKNOWN;YES
TRX-1071479;2026-05-09;876,82;UNKNOWN;UNKNOWN;YES
TRX-1071483;2026-08-21;0,0;Vendor_9;China;YES
TRX-1071485;2026-02-22;1313,25;UNKNOWN;UNKNOWN;YES
TRX-1071491;2026-06-20;1083,47;UNKNOWN;UNKNOWN;YES
TRX-1071494;2026-01-04;0,0;Vendor_46;Poland;YES
TRX-1071507;2026-08-29;0,0;Vendor_45;Poland;YES
TRX-1071508;2026-05-08;0,0;Vendor_22;Germany;YES
TRX-1071522;2026-03-08;0,0;Vendor_36;Poland;YES
TRX-1071525;2026-05-31;0,0;Vendor_46;Poland;YES
TRX-1071539;2026-07-08;1438,24;UNKNOWN;UNKNOWN;YES
TRX-1071542;2026-04-28;0,0;Vendor_48;Netherlands;YES
TRX-1071545;2026-05-17;322,0;UNKNOWN;UNKNOWN;YES
TRX-1071548;2026-08-09;473,83;UNKNOWN;UNKNOWN;YES
TRX-1071549;2026-06-14;0,0;Vendor_7;China;YES
TRX-1071553;2026-05-06;0,0;Vendor_25;China;YES
TRX-1071555;2026-03-10;0,0;Vendor_15;Germany;YES
TRX-1071557;;0,0;Vendor_40;China;YES
TRX-1071570;2026-06-09;0,0;Vendor_17;China;YES
TRX-1071574;2026-02-28;1016,0;UNKNOWN;UNKNOWN;YES
TRX-1071576;2026-08-06;0,0;Vendor_25;China;YES
TRX-1071577;2026-07-14;0,0;Vendor_44;Poland;YES
TRX-1071578;2026-08-15;0,0;Vendor_31;Netherlands;YES
TRX-1071584;2026-04-12;0,0;Vendor_35;Poland;YES
TRX-1071588;2026-05-21;694,89;UNKNOWN;UNKNOWN;YES
TRX-1071591;2026-04-14;0,0;UNKNOWN;UNKNOWN;YES
TRX-1071594;2026-08-31;131,23;UNKNOWN;UNKNOWN;YES
TRX-1071601;2026-08-13;0,0;Vendor_25;China;YES
TRX-1071602;;0,0;Vendor_31;Netherlands;YES
TRX-1071623;2026-04-07;0,0;Vendor_16;Netherlands;YES
TRX-1071626;2026-05-18;1280,38;UNKNOWN;UNKNOWN;YES
TRX-1071634;;0,0;Vendor_34;China;YES
TRX-1071639;2026-05-18;0,0;Vendor_23;Poland;YES
TRX-1071650;2026-08-21;446,37;UNKNOWN;UNKNOWN;YES
TRX-1071660;2026-08-13;0,0;Vendor_44;Poland;YES
TRX-1071664;2026-06-24;0,0;Vendor_42;Germany;YES
TRX-1071665;2026-04-25;451,25;UNKNOWN;UNKNOWN;YES
TRX-1071667;2026-02-07;0,0;Vendor_29;Netherlands;YES
TRX-1071669;2026-04-17;1138,96;UNKNOWN;UNKNOWN;YES
TRX-1071670;2026-06-26;0,0;Vendor_37;China;YES
TRX-1071674;2026-02-12;0,0;Vendor_19;Netherlands;YES
TRX-1071676;2026-07-23;1402,98;UNKNOWN;UNKNOWN;YES
TRX-1071687;2026-05-12;981,43;UNKNOWN;UNKNOWN;YES
TRX-1071688;2026-05-06;675,56;UNKNOWN;UNKNOWN;YES
TRX-1071689;2026-06-04;0,0;Vendor_37;China;YES
TRX-1071704;2026-04-18;0,0;Vendor_44;Poland;YES
TRX-1071706;2026-07-30;0,0;Vendor_48;Netherlands;YES
TRX-1071708;2026-03-25;0,0;Vendor_19;Netherlands;YES
TRX-1071711;2026-02-17;0,0;Vendor_2;China;YES
TRX-1071722;2026-08-15;0,0;Vendor_12;Netherlands;YES
TRX-1071726;2026-06-05;0,0;Vendor_45;Poland;YES
TRX-1071728;2026-07-01;0,0;Vendor_33;Poland;YES
TRX-1071738;2026-06-02;0,0;UNKNOWN;UNKNOWN;YES
TRX-1071741;2026-05-13;0,0;Vendor_22;Germany;YES
TRX-1071743;2026-05-09;0,0;Vendor_21;Germany;YES
TRX-1071755;2026-08-01;0,0;Vendor_23;Poland;YES
TRX-1071760;2026-05-27;1491,14;UNKNOWN;UNKNOWN;YES
TRX-1071774;2026-07-01;613,86;UNKNOWN;UNKNOWN;YES
TRX-1071778;2026-02-14;0,0;Vendor_25;China;YES
TRX-1071779;2026-03-15;0,0;Vendor_13;Netherlands;YES
TRX-1071780;2026-06-18;0,0;Vendor_4;Netherlands;YES
TRX-1071783;2026-01-30;0,0;Vendor_46;Poland;YES
TRX-1071790;2026-02-13;554,47;UNKNOWN;UNKNOWN;YES
TRX-1071798;2026-07-10;0,0;Vendor_4;Netherlands;YES
TRX-1071809;2026-04-25;1006,62;UNKNOWN;UNKNOWN;YES
TRX-1071813;2026-08-02;0,0;Vendor_9;China;YES
TRX-1071816;2026-01-03;410,94;UNKNOWN;UNKNOWN;YES
TRX-1071824;2026-06-14;0,0;Vendor_25;China;YES
TRX-1071828;;1281,0;UNKNOWN;UNKNOWN;YES
TRX-1071832;2026-01-09;0,0;Vendor_22;Germany;YES
TRX-1071837;;0,0;Vendor_45;Poland;YES
TRX-1071843;;0,0;Vendor_47;Netherlands;YES
TRX-1071845;2026-06-25;309,44;UNKNOWN;UNKNOWN;YES
TRX-1071850;2026-06-24;0,0;Vendor_18;China;YES
TRX-1071852;2026-01-21;1475,63;UNKNOWN;UNKNOWN;YES
TRX-1071853;2026-04-13;443,93;UNKNOWN;UNKNOWN;YES
TRX-1071866;2026-07-29;0,0;Vendor_46;Poland;YES
TRX-1071869;2026-08-24;0,0;Vendor_48;Netherlands;YES
TRX-1071871;2026-02-15;0,0;Vendor_13;Netherlands;YES
TRX-1071875;2026-03-19;1138,32;UNKNOWN;UNKNOWN;YES
TRX-1071879;2026-05-14;190,82;UNKNOWN;UNKNOWN;YES
TRX-1071890;2026-02-13;410,26;UNKNOWN;UNKNOWN;YES
TRX-1071903;2026-04-25;0,0;Vendor_25;China;YES
TRX-1071925;2026-01-16;0,0;Vendor_1;Germany;YES
TRX-1071937;2026-05-05;0,0;Vendor_43;Netherlands;YES
TRX-1071946;2026-04-03;0,0;Vendor_35;Poland;YES
TRX-1071949;2026-04-09;184,19;UNKNOWN;UNKNOWN;YES
TRX-1071981;2026-03-06;0,0;Vendor_1;Germany;YES
TRX-1071985;2026-03-09;0,0;Vendor_21;Germany;YES
TRX-1071987;2026-05-07;0,0;Vendor_45;Poland;YES
TRX-1071989;2026-07-02;291,22;UNKNOWN;UNKNOWN;YES
TRX-1071990;2026-09-05;0,0;Vendor_25;China;YES
TRX-1071993;2026-08-08;0,0;UNKNOWN;UNKNOWN;YES
TRX-1071996;2026-02-20;0,0;Vendor_33;Poland;YES
TRX-1071998;2026-04-21;430,97;UNKNOWN;UNKNOWN;YES
TRX-1072012;2026-09-08;0,0;Vendor_21;Germany;YES
TRX-1072017;2026-01-26;0,0;Vendor_26;Netherlands;YES
TRX-1072045;2026-06-23;0,0;Vendor_32;Germany;YES
TRX-1072047;2026-03-02;0,0;Vendor_50;Poland;YES
TRX-1072053;2026-08-04;1284,63;UNKNOWN;UNKNOWN;YES
TRX-1072065;2026-03-15;0,0;Vendor_41;Germany;YES
TRX-1072069;2026-01-03;288,86;UNKNOWN;UNKNOWN;YES
TRX-1072084;2026-06-25;0,0;Vendor_28;Netherlands;YES
TRX-1072090;2026-07-18;1495,81;UNKNOWN;UNKNOWN;YES
TRX-1072095;2026-05-14;0,0;Vendor_38;China;YES
TRX-1072101;2026-01-28;0,0;Vendor_10;China;YES
TRX-1072114;2026-06-09;0,0;Vendor_43;Netherlands;YES
TRX-1072115;2026-08-24;0,0;Vendor_48;Netherlands;YES
TRX-1072118;;0,0;Vendor_8;Germany;YES
TRX-1072119;2026-07-07;0,0;Vendor_36;Poland;YES
TRX-1072131;2026-04-17;0,0;Vendor_18;China;YES
TRX-1072133;2026-04-30;0,0;Vendor_48;Netherlands;YES
TRX-1072138;2026-08-29;0,0;UNKNOWN;UNKNOWN;YES
TRX-1072139;2026-06-18;728,58;UNKNOWN;UNKNOWN;YES
TRX-1072144;2026-05-05;0,0;Vendor_26;Netherlands;YES
TRX-1072152;2026-01-28;0,0;Vendor_49;Poland;YES
TRX-1072163;;0,0;Vendor_27;Poland;YES
TRX-1072184;2026-06-09;0,0;Vendor_27;Poland;YES
TRX-1072210;2026-06-02;0,0;Vendor_16;Netherlands;YES
TRX-1072220;2026-04-10;1128,31;UNKNOWN;UNKNOWN;YES
TRX-1072222;2026-04-10;0,0;Vendor_47;Netherlands;YES
TRX-1072225;2026-08-19;0,0;Vendor_28;Netherlands;YES
TRX-1072230;2026-07-26;861,92;UNKNOWN;UNKNOWN;YES
TRX-1072242;2026-06-23;1140,3;UNKNOWN;UNKNOWN;YES
TRX-1072248;2026-02-05;1259,75;UNKNOWN;UNKNOWN;YES
TRX-1072249;;593,09;UNKNOWN;UNKNOWN;YES
TRX-1072257;2026-07-29;0,0;Vendor_35;Poland;YES
TRX-1072276;2026-02-02;0,0;Vendor_38;China;YES
TRX-1072277;2026-04-07;0,0;Vendor_16;Netherlands;YES
TRX-1072289;2026-06-27;0,0;UNKNOWN;UNKNOWN;YES
TRX-1072292;2026-01-15;591,24;UNKNOWN;UNKNOWN;YES
TRX-1072299;2026-06-24;234,41;UNKNOWN;UNKNOWN;YES
TRX-1072305;2026-03-24;0,0;Vendor_26;Netherlands;YES
TRX-1072309;2026-01-08;326,35;UNKNOWN;UNKNOWN;YES
TRX-1072319;2026-03-28;0,0;Vendor_7;China;YES
TRX-1072326;2026-04-24;0,0;Vendor_31;Netherlands;YES
TRX-1072327;2026-06-25;0,0;UNKNOWN;UNKNOWN;YES
TRX-1072329;2026-02-20;219,87;UNKNOWN;UNKNOWN;YES
TRX-1072334;2026-08-21;0,0;Vendor_49;Poland;YES
TRX-1072337;2026-04-18;0,0;Vendor_26;Netherlands;YES
TRX-1072338;2026-09-03;341,99;UNKNOWN;UNKNOWN;YES
TRX-1072350;2026-04-25;0,0;Vendor_26;Netherlands;YES
TRX-1072352;2026-08-05;0,0;Vendor_46;Poland;YES
TRX-1072360;2026-07-11;0,0;Vendor_6;China;YES
TRX-1072377;2026-06-01;0,0;Vendor_23;Poland;YES
TRX-1072401;2026-06-26;0,0;Vendor_2;China;YES
TRX-1072407;2026-03-16;0,0;Vendor_35;Poland;YES
TRX-1072409;2026-02-20;0,0;Vendor_21;Germany;YES
TRX-1072420;;0,0;Vendor_20;Netherlands;YES
TRX-1072421;2026-02-12;0,0;Vendor_22;Germany;YES
TRX-1072422;2026-06-10;0,0;Vendor_27;Poland;YES
TRX-1072425;2026-04-03;0,0;Vendor_17;China;YES
TRX-1072440;2026-02-11;0,0;Vendor_38;China;YES
TRX-1072446;2026-02-26;0,0;Vendor_45;Poland;YES
TRX-1072447;2026-07-28;0,0;Vendor_43;Netherlands;YES
TRX-1072455;2026-01-02;0,0;Vendor_50;Poland;YES
TRX-1072457;2026-01-15;0,0;Vendor_13;Netherlands;YES
TRX-1072458;2026-04-25;0,0;Vendor_46;Poland;YES
TRX-1072465;2026-07-18;0,0;UNKNOWN;UNKNOWN;YES
TRX-1072475;2026-07-26;0,0;Vendor_12;Netherlands;YES
TRX-1072483;2026-01-30;0,0;Vendor_42;Germany;YES
TRX-1072487;2026-09-02;0,0;Vendor_37;China;YES
TRX-1072513;;659,37;UNKNOWN;UNKNOWN;YES
TRX-1072522;2026-08-31;0,0;Vendor_33;Poland;YES
TRX-1072525;2026-04-04;411,38;UNKNOWN;UNKNOWN;YES
TRX-1072526;2026-02-21;0,0;Vendor_40;China;YES
TRX-1072528;2026-06-30;0,0;Vendor_28;Netherlands;YES
TRX-1072532;2026-03-21;0,0;Vendor_3;Poland;YES
TRX-1072549;2026-02-19;1319,21;UNKNOWN;UNKNOWN;YES
TRX-1072553;2026-01-30;0,0;Vendor_42;Germany;YES
TRX-1072563;2026-06-05;0,0;Vendor_29;Netherlands;YES
TRX-1072572;2026-08-08;1032,44;UNKNOWN;UNKNOWN;YES
TRX-1072573;2026-05-25;691,68;UNKNOWN;UNKNOWN;YES
TRX-1072577;2026-08-13;0,0;Vendor_8;Germany;YES
TRX-1072582;2026-08-28;0,0;Vendor_22;Germany;YES
TRX-1072594;2026-01-15;0,0;Vendor_33;Poland;YES
TRX-1072596;2026-08-05;0,0;Vendor_11;Germany;YES
TRX-1072597;2026-02-16;1062,74;UNKNOWN;UNKNOWN;YES
TRX-1072606;2026-03-10;0,0;Vendor_31;Netherlands;YES
TRX-1072615;2026-08-16;0,0;Vendor_10;China;YES
TRX-1072618;2026-08-02;0,0;Vendor_32;Germany;YES
TRX-1072628;2026-05-13;0,0;Vendor_16;Netherlands;YES
TRX-1072629;2026-04-02;0,0;Vendor_50;Poland;YES
TRX-1072641;2026-07-01;665,77;UNKNOWN;UNKNOWN;YES
TRX-1072643;2026-05-27;626,92;UNKNOWN;UNKNOWN;YES
TRX-1072652;2026-07-02;241,03;UNKNOWN;UNKNOWN;YES
TRX-1072658;2026-03-02;0,0;Vendor_47;Netherlands;YES
TRX-1072667;;0,0;Vendor_18;China;YES
TRX-1072686;2026-04-29;0,0;Vendor_49;Poland;YES
TRX-1072692;2026-05-26;370,01;UNKNOWN;UNKNOWN;YES
TRX-1072693;2026-09-03;0,0;Vendor_38;China;YES
TRX-1072696;2026-05-22;0,0;Vendor_48;Netherlands;YES
TRX-1072698;2026-08-31;166,28;UNKNOWN;UNKNOWN;YES
TRX-1072731;2026-02-23;0,0;Vendor_15;Germany;YES
TRX-1072733;2026-03-19;0,0;Vendor_23;Poland;YES
TRX-1072734;2026-05-21;0,0;Vendor_14;China;YES
TRX-1072735;2026-09-03;0,0;Vendor_10;China;YES
TRX-1072744;2026-01-29;0,0;UNKNOWN;UNKNOWN;YES
TRX-1072749;2026-05-02;0,0;Vendor_47;Netherlands;YES
TRX-1072750;2026-04-11;1122,68;UNKNOWN;UNKNOWN;YES
TRX-1072768;2026-08-06;0,0;Vendor_2;China;YES
TRX-1072769;2026-08-08;425,84;UNKNOWN;UNKNOWN;YES
TRX-1072772;;0,0;UNKNOWN;UNKNOWN;YES
TRX-1072790;2026-08-14;0,0;Vendor_24;Germany;YES
TRX-1072800;2026-06-26;0,0;Vendor_24;Germany;YES
TRX-1072813;2026-07-26;0,0;Vendor_24;Germany;YES
TRX-1072814;2026-05-19;0,0;Vendor_19;Netherlands;YES
TRX-1072829;2026-07-17;0,0;Vendor_27;Poland;YES
TRX-1072845;2026-03-23;85,48;UNKNOWN;UNKNOWN;YES
TRX-1072862;2026-08-09;0,0;UNKNOWN;UNKNOWN;YES
TRX-1072864;2026-06-03;0,0;UNKNOWN;UNKNOWN;YES
TRX-1072865;2026-02-10;0,0;Vendor_2;China;YES
TRX-1072866;2026-05-14;0,0;Vendor_47;Netherlands;YES
TRX-1072870;2026-02-23;0,0;Vendor_33;Poland;YES
TRX-1072871;2026-05-28;0,0;Vendor_8;Germany;YES
TRX-1072877;2026-08-11;0,0;Vendor_18;China;YES
TRX-1072886;2026-07-28;1041,66;UNKNOWN;UNKNOWN;YES
TRX-1072888;;0,0;Vendor_39;Poland;YES
TRX-1072889;2026-02-19;0,0;Vendor_36;Poland;YES
TRX-1072892;2026-07-17;1159,34;UNKNOWN;UNKNOWN;YES
TRX-1072895;2026-03-11;0,0;Vendor_34;China;YES
TRX-1072900;2026-05-09;0,0;Vendor_31;Netherlands;YES
TRX-1072901;2026-08-11;0,0;Vendor_45;Poland;YES
TRX-1072944;2026-05-27;0,0;Vendor_24;Germany;YES
TRX-1072957;2026-06-14;0,0;Vendor_12;Netherlands;YES
TRX-1072963;2026-06-04;1489,85;UNKNOWN;UNKNOWN;YES
TRX-1072965;2026-09-08;0,0;Vendor_15;Germany;YES
TRX-1072976;2026-05-14;0,0;Vendor_33;Poland;YES
TRX-1072983;2026-01-31;0,0;Vendor_22;Germany;YES
TRX-1072993;2026-01-14;0,0;Vendor_1;Germany;YES
TRX-1072998;2026-03-23;0,0;Vendor_8;Germany;YES
TRX-1073000;2026-08-02;559,55;UNKNOWN;UNKNOWN;YES
TRX-1073001;2026-02-23;0,0;Vendor_29;Netherlands;YES
TRX-1073009;2026-07-20;905,06;UNKNOWN;UNKNOWN;YES
TRX-1073011;2026-06-22;1441,29;UNKNOWN;UNKNOWN;YES
TRX-1073017;2026-07-08;0,0;Vendor_3;Poland;YES
TRX-1073022;2026-06-19;989,35;UNKNOWN;UNKNOWN;YES
TRX-1073026;2026-07-04;329,47;UNKNOWN;UNKNOWN;YES
TRX-1073056;2026-04-17;1474,06;UNKNOWN;UNKNOWN;YES
TRX-1073059;2026-01-04;0,0;Vendor_36;Poland;YES
TRX-1073064;;0,0;Vendor_33;Poland;YES
TRX-1073066;2026-03-02;0,0;Vendor_1;Germany;YES
TRX-1073068;2026-02-10;1036,86;UNKNOWN;UNKNOWN;YES
TRX-1073078;2026-07-19;0,0;Vendor_43;Netherlands;YES
TRX-1073081;2026-07-23;0,0;Vendor_42;Germany;YES
TRX-1073092;2026-01-25;0,0;Vendor_41;Germany;YES
TRX-1073106;2026-01-03;70,68;UNKNOWN;UNKNOWN;YES
TRX-1073108;2026-01-23;0,0;Vendor_26;Netherlands;YES
TRX-1073127;2026-01-19;197,95;UNKNOWN;UNKNOWN;YES
TRX-1073138;2026-02-06;0,0;Vendor_11;Germany;YES
TRX-1073160;;0,0;Vendor_7;China;YES
TRX-1073168;2026-07-02;0,0;Vendor_48;Netherlands;YES
TRX-1073171;2026-05-31;0,0;Vendor_15;Germany;YES
TRX-1073183;2026-04-25;0,0;Vendor_1;Germany;YES
TRX-1073201;2026-06-15;0,0;Vendor_14;China;YES
TRX-1073204;2026-08-17;0,0;Vendor_47;Netherlands;YES
TRX-1073229;2026-06-05;0,0;Vendor_38;China;YES
TRX-1073231;2026-02-05;882,36;UNKNOWN;UNKNOWN;YES
TRX-1073255;2026-06-04;0,0;Vendor_39;Poland;YES
TRX-1073260;2026-01-08;0,0;Vendor_1;Germany;YES
TRX-1073261;2026-03-07;0,0;Vendor_3;Poland;YES
TRX-1073265;2026-03-07;0,0;Vendor_15;Germany;YES
TRX-1073270;2026-08-09;563,01;UNKNOWN;UNKNOWN;YES
TRX-1073280;2026-08-05;856,15;UNKNOWN;UNKNOWN;YES
TRX-1073282;;1379,04;UNKNOWN;UNKNOWN;YES
TRX-1073289;2026-05-29;0,0;Vendor_13;Netherlands;YES
TRX-1073302;2026-04-21;0,0;Vendor_32;Germany;YES
TRX-1073310;2026-02-24;0,0;Vendor_22;Germany;YES
TRX-1073311;2026-06-22;0,0;Vendor_41;Germany;YES
TRX-1073313;2026-05-17;0,0;Vendor_9;China;YES
TRX-1073315;2026-01-02;1177,34;UNKNOWN;UNKNOWN;YES
TRX-1073317;2026-03-18;0,0;Vendor_29;Netherlands;YES
TRX-1073323;2026-03-08;1043,73;UNKNOWN;UNKNOWN;YES
TRX-1073344;2026-05-20;0,0;UNKNOWN;UNKNOWN;YES
TRX-1073355;2026-07-22;0,0;Vendor_17;China;YES
TRX-1073374;2026-01-11;990,72;UNKNOWN;UNKNOWN;YES
TRX-1073384;2026-06-20;213,33;UNKNOWN;UNKNOWN;YES
TRX-1073385;2026-01-18;0,0;Vendor_16;Netherlands;YES
TRX-1073387;2026-03-14;0,0;Vendor_26;Netherlands;YES
TRX-1073395;2026-01-02;0,0;Vendor_46;Poland;YES
TRX-1073399;2026-07-31;526,84;UNKNOWN;UNKNOWN;YES
TRX-1073403;2026-06-20;184,11;UNKNOWN;UNKNOWN;YES
TRX-1073405;2026-03-11;0,0;Vendor_6;China;YES
TRX-1073416;2026-06-14;0,0;Vendor_50;Poland;YES
TRX-1073419;2026-06-08;0,0;Vendor_32;Germany;YES
TRX-1073422;2026-04-09;0,0;Vendor_18;China;YES
TRX-1073430;2026-06-15;0,0;Vendor_9;China;YES
TRX-1073435;2026-01-03;0,0;Vendor_23;Poland;YES
TRX-1073445;;13,03;UNKNOWN;UNKNOWN;YES
TRX-1073458;2026-01-16;1354,47;UNKNOWN;UNKNOWN;YES
TRX-1073461;2026-01-09;765,82;UNKNOWN;UNKNOWN;YES
TRX-1073463;2026-04-22;0,0;Vendor_15;Germany;YES
TRX-1073465;2026-06-30;0,0;Vendor_10;China;YES
TRX-1073469;2026-04-28;0,0;Vendor_1;Germany;YES
TRX-1073470;2026-08-29;1292,64;UNKNOWN;UNKNOWN;YES
TRX-1073477;2026-06-22;0,0;Vendor_38;China;YES
TRX-1073484;2026-06-09;0,0;Vendor_36;Poland;YES
TRX-1073489;2026-05-21;0,0;Vendor_5;Poland;YES
TRX-1073491;2026-06-07;60,37;UNKNOWN;UNKNOWN;YES
TRX-1073492;2026-02-08;0,0;UNKNOWN;UNKNOWN;YES
TRX-1073497;2026-05-15;0,0;Vendor_12;Netherlands;YES
TRX-1073513;2026-01-17;0,0;Vendor_7;China;YES
TRX-1073516;2026-01-17;0,0;UNKNOWN;UNKNOWN;YES
TRX-1073528;2026-09-04;0,0;Vendor_47;Netherlands;YES
TRX-1073533;2026-05-04;526,16;UNKNOWN;UNKNOWN;YES
TRX-1073534;2026-07-13;0,0;Vendor_4;Netherlands;YES
TRX-1073539;2026-02-18;1270,7;UNKNOWN;UNKNOWN;YES
TRX-1073541;2026-08-11;941,5;UNKNOWN;UNKNOWN;YES
TRX-1073543;2026-09-02;0,0;Vendor_46;Poland;YES
TRX-1073558;2026-08-11;0,0;Vendor_26;Netherlands;YES
TRX-1073561;2026-06-10;0,0;Vendor_33;Poland;YES
TRX-1073563;2026-02-19;0,0;Vendor_34;China;YES
TRX-1073568;2026-07-31;0,0;Vendor_14;China;YES
TRX-1073571;2026-01-20;0,0;Vendor_10;China;YES
TRX-1073582;2026-02-26;0,0;Vendor_3;Poland;YES
TRX-1073585;2026-06-25;0,0;Vendor_14;China;YES
TRX-1073599;2026-05-28;0,0;Vendor_29;Netherlands;YES
TRX-1073600;2026-02-22;898,89;UNKNOWN;UNKNOWN;YES
TRX-1073601;2026-01-18;902,09;UNKNOWN;UNKNOWN;YES
TRX-1073607;2026-03-04;112,21;UNKNOWN;UNKNOWN;YES
TRX-1073612;2026-05-24;0,0;Vendor_50;Poland;YES
TRX-1073613;2026-06-10;645,04;UNKNOWN;UNKNOWN;YES
TRX-1073620;2026-03-07;0,0;Vendor_22;Germany;YES
TRX-1073625;2026-05-26;0,0;Vendor_28;Netherlands;YES
TRX-1073632;2026-02-27;0,0;Vendor_2;China;YES
TRX-1073645;2026-04-08;623,67;UNKNOWN;UNKNOWN;YES
TRX-1073646;2026-07-04;0,0;Vendor_34;China;YES
TRX-1073655;2026-07-29;0,0;Vendor_5;Poland;YES
TRX-1073662;2026-03-09;0,0;Vendor_14;China;YES
TRX-1073667;2026-01-15;0,0;Vendor_46;Poland;YES
TRX-1073672;2026-08-02;1121,58;UNKNOWN;UNKNOWN;YES
TRX-1073673;2026-06-22;0,0;Vendor_46;Poland;YES
TRX-1073680;2026-02-14;0,0;Vendor_23;Poland;YES
TRX-1073682;2026-07-30;0,0;Vendor_23;Poland;YES
TRX-1073683;2026-07-28;0,0;Vendor_34;China;YES
TRX-1073684;2026-08-28;0,0;Vendor_45;Poland;YES
TRX-1073693;2026-04-25;497,69;UNKNOWN;UNKNOWN;YES
TRX-1073696;2026-05-08;722,62;UNKNOWN;UNKNOWN;YES
TRX-1073710;2026-07-12;0,0;Vendor_25;China;YES
TRX-1073720;2026-09-06;1054,7;UNKNOWN;UNKNOWN;YES
TRX-1073724;2026-07-05;0,0;Vendor_31;Netherlands;YES
TRX-1073740;2026-05-07;0,0;Vendor_13;Netherlands;YES
TRX-1073757;2026-04-12;437,89;UNKNOWN;UNKNOWN;YES
TRX-1073765;2026-05-21;347,95;UNKNOWN;UNKNOWN;YES
TRX-1073767;2026-01-03;0,0;Vendor_27;Poland;YES
TRX-1073768;2026-03-09;1162,07;UNKNOWN;UNKNOWN;YES
TRX-1073772;2026-08-11;431,11;UNKNOWN;UNKNOWN;YES
TRX-1073777;2026-03-30;917,63;UNKNOWN;UNKNOWN;YES
TRX-1073782;2026-01-02;38,11;UNKNOWN;UNKNOWN;YES
TRX-1073792;2026-08-24;0,0;Vendor_13;Netherlands;YES
TRX-1073812;2026-03-24;1263,98;UNKNOWN;UNKNOWN;YES
TRX-1073815;2026-04-16;0,0;Vendor_17;China;YES
TRX-1073830;2026-06-12;0,0;Vendor_8;Germany;YES
TRX-1073835;2026-05-07;0,0;Vendor_22;Germany;YES
TRX-1073836;2026-02-17;0,0;Vendor_19;Netherlands;YES
TRX-1073844;2026-04-20;0,0;Vendor_46;Poland;YES
TRX-1073853;2026-01-10;0,0;Vendor_34;China;YES
TRX-1073857;2026-02-07;212,26;UNKNOWN;UNKNOWN;YES
TRX-1073860;2026-04-12;0,0;Vendor_22;Germany;YES
TRX-1073867;2026-01-16;0,0;Vendor_6;China;YES
TRX-1073875;2026-04-05;0,0;Vendor_17;China;YES
TRX-1073877;2026-08-29;1259,79;UNKNOWN;UNKNOWN;YES
TRX-1073880;2026-07-08;0,0;Vendor_4;Netherlands;YES
TRX-1073882;2026-08-05;250,35;UNKNOWN;UNKNOWN;YES
TRX-1073887;2026-07-29;77,17;UNKNOWN;UNKNOWN;YES
TRX-1073888;2026-02-07;616,71;UNKNOWN;UNKNOWN;YES
TRX-1073894;2026-01-13;0,0;Vendor_24;Germany;YES
TRX-1073901;;232,76;UNKNOWN;UNKNOWN;YES
TRX-1073911;2026-03-01;292,04;UNKNOWN;UNKNOWN;YES
TRX-1073926;2026-03-09;576,98;UNKNOWN;UNKNOWN;YES
TRX-1073937;2026-06-13;1468,94;UNKNOWN;UNKNOWN;YES
TRX-1073940;;170,17;UNKNOWN;UNKNOWN;YES
TRX-1073943;2026-08-15;0,0;Vendor_35;Poland;YES
TRX-1073947;2026-06-25;1201,86;UNKNOWN;UNKNOWN;YES
TRX-1073948;2026-05-21;0,0;Vendor_2;China;YES
TRX-1073951;2026-05-25;0,0;Vendor_36;Poland;YES
TRX-1073955;2026-01-16;1323,59;UNKNOWN;UNKNOWN;YES
TRX-1073959;2026-02-26;0,0;Vendor_47;Netherlands;YES
TRX-1073968;2026-02-21;0,0;Vendor_33;Poland;YES
TRX-1073971;2026-01-24;1496,57;UNKNOWN;UNKNOWN;YES
TRX-1073980;2026-06-07;0,0;Vendor_42;Germany;YES
TRX-1073985;2026-07-12;0,0;Vendor_29;Netherlands;YES
TRX-1073989;2026-07-25;0,0;Vendor_19;Netherlands;YES
TRX-1073992;2026-05-24;0,0;Vendor_33;Poland;YES
TRX-1073999;2026-02-11;0,0;Vendor_13;Netherlands;YES
TRX-1074002;2026-02-22;0,0;UNKNOWN;UNKNOWN;YES
TRX-1074019;2026-02-12;0,0;Vendor_3;Poland;YES
TRX-1074026;2026-02-04;421,42;UNKNOWN;UNKNOWN;YES
TRX-1074036;2026-08-12;0,0;Vendor_24;Germany;YES
TRX-1074043;2026-04-21;0,0;Vendor_41;Germany;YES
TRX-1074050;2026-03-16;0,0;Vendor_10;China;YES
TRX-1074052;2026-04-17;0,0;Vendor_42;Germany;YES
TRX-1074067;2026-03-28;400,23;UNKNOWN;UNKNOWN;YES
TRX-1074071;2026-08-21;0,0;Vendor_7;China;YES
TRX-1074078;2026-01-02;0,0;Vendor_47;Netherlands;YES
TRX-1074082;2026-08-13;824,26;UNKNOWN;UNKNOWN;YES
TRX-1074086;2026-07-28;0,0;Vendor_27;Poland;YES
TRX-1074088;2026-01-29;1363,35;UNKNOWN;UNKNOWN;YES
TRX-1074111;2026-04-18;0,0;Vendor_22;Germany;YES
TRX-1074116;2026-05-20;0,0;Vendor_13;Netherlands;YES
TRX-1074118;2026-08-19;0,0;Vendor_22;Germany;YES
TRX-1074121;2026-05-20;0,0;Vendor_17;China;YES
TRX-1074124;2026-03-05;0,0;Vendor_3;Poland;YES
TRX-1074137;2026-09-06;0,0;Vendor_33;Poland;YES
TRX-1074139;2026-04-19;131,93;UNKNOWN;UNKNOWN;YES
TRX-1074141;2026-09-06;1114,43;UNKNOWN;UNKNOWN;YES
TRX-1074143;2026-07-20;834,9;UNKNOWN;UNKNOWN;YES
TRX-1074158;2026-05-03;0,0;Vendor_1;Germany;YES
TRX-1074168;2026-02-05;0,0;Vendor_19;Netherlands;YES
TRX-1074170;2026-03-18;533,33;UNKNOWN;UNKNOWN;YES
TRX-1074182;2026-02-15;0,0;Vendor_43;Netherlands;YES
TRX-1074192;2026-03-10;0,0;Vendor_21;Germany;YES
TRX-1074196;2026-08-09;0,0;Vendor_35;Poland;YES
TRX-1074205;;0,0;UNKNOWN;UNKNOWN;YES
TRX-1074216;2026-08-17;0,0;Vendor_50;Poland;YES
TRX-1074219;2026-05-17;780,4;UNKNOWN;UNKNOWN;YES
TRX-1074220;2026-06-26;393,02;UNKNOWN;UNKNOWN;YES
TRX-1074234;2026-02-05;0,0;Vendor_25;China;YES
TRX-1074235;;0,0;Vendor_8;Germany;YES
TRX-1074240;2026-05-21;0,0;Vendor_1;Germany;YES
TRX-1074245;2026-05-14;0,0;Vendor_2;China;YES
TRX-1074258;2026-05-04;0,0;Vendor_18;China;YES
TRX-1074264;2026-08-07;0,0;Vendor_35;Poland;YES
TRX-1074266;2026-02-06;0,0;Vendor_25;China;YES
TRX-1074284;2026-08-19;0,0;Vendor_47;Netherlands;YES
TRX-1074286;2026-03-19;0,0;Vendor_24;Germany;YES
TRX-1074291;2026-09-07;0,0;Vendor_45;Poland;YES
TRX-1074299;2026-02-26;0,0;Vendor_19;Netherlands;YES
TRX-1074309;2026-02-08;0,0;Vendor_23;Poland;YES
TRX-1074310;2026-08-21;0,0;Vendor_20;Netherlands;YES
TRX-1074311;2026-06-20;0,0;Vendor_31;Netherlands;YES
TRX-1074318;2026-07-01;0,0;Vendor_21;Germany;YES
TRX-1074323;2026-05-15;0,0;Vendor_44;Poland;YES
TRX-1074329;2026-03-23;214,73;UNKNOWN;UNKNOWN;YES
TRX-1074330;2026-04-19;0,0;Vendor_9;China;YES
TRX-1074332;2026-04-03;0,0;Vendor_48;Netherlands;YES
TRX-1074337;2026-08-20;0,0;Vendor_45;Poland;YES
TRX-1074339;2026-05-20;458,58;UNKNOWN;UNKNOWN;YES
TRX-1074347;2026-05-06;0,0;Vendor_30;Netherlands;YES
TRX-1074349;2026-08-27;0,0;Vendor_49;Poland;YES
TRX-1074379;2026-02-14;0,0;Vendor_18;China;YES
TRX-1074389;2026-01-14;0,0;Vendor_48;Netherlands;YES
TRX-1074391;2026-04-11;676,28;UNKNOWN;UNKNOWN;YES
TRX-1074396;2026-08-31;0,0;Vendor_35;Poland;YES
TRX-1074410;2026-06-23;1398,57;UNKNOWN;UNKNOWN;YES
TRX-1074418;2026-07-18;0,0;Vendor_17;China;YES
TRX-1074425;;1262,73;UNKNOWN;UNKNOWN;YES
TRX-1074438;2026-01-20;0,0;Vendor_35;Poland;YES
TRX-1074440;2026-02-01;510,04;UNKNOWN;UNKNOWN;YES
TRX-1074453;;1153,74;UNKNOWN;UNKNOWN;YES
TRX-1074456;2026-07-27;76,28;UNKNOWN;UNKNOWN;YES
TRX-1074458;2026-02-02;641,21;UNKNOWN;UNKNOWN;YES
TRX-1074462;2026-05-29;0,0;Vendor_34;China;YES
TRX-1074463;2026-08-02;0,0;Vendor_9;China;YES
TRX-1074470;2026-07-03;0,0;Vendor_9;China;YES
TRX-1074474;2026-05-04;1382,32;UNKNOWN;UNKNOWN;YES
TRX-1074475;2026-08-14;0,0;Vendor_20;Netherlands;YES
TRX-1074476;2026-08-16;0,0;Vendor_4;Netherlands;YES
TRX-1074479;2026-01-26;0,0;Vendor_37;China;YES
TRX-1074496;2026-07-29;0,0;Vendor_49;Poland;YES
TRX-1074524;2026-03-03;0,0;Vendor_40;China;YES
TRX-1074531;2026-01-05;0,0;Vendor_23;Poland;YES
TRX-1074536;2026-05-01;38,09;UNKNOWN;UNKNOWN;YES
TRX-1074547;2026-02-10;0,0;Vendor_6;China;YES
TRX-1074558;2026-01-03;556,49;UNKNOWN;UNKNOWN;YES
TRX-1074560;2026-08-12;0,0;Vendor_16;Netherlands;YES
TRX-1074562;2026-03-03;0,0;Vendor_45;Poland;YES
TRX-1074563;2026-06-08;0,0;Vendor_10;China;YES
TRX-1074566;2026-01-16;996,23;UNKNOWN;UNKNOWN;YES
TRX-1074581;2026-05-07;1480,82;UNKNOWN;UNKNOWN;YES
TRX-1074582;2026-01-05;0,0;Vendor_43;Netherlands;YES
TRX-1074588;2026-02-23;0,0;Vendor_3;Poland;YES
TRX-1074590;2026-06-19;0,0;Vendor_34;China;YES
TRX-1074601;2026-05-16;1003,93;UNKNOWN;UNKNOWN;YES
TRX-1074607;2026-05-20;0,0;Vendor_33;Poland;YES
TRX-1074608;2026-07-19;0,0;Vendor_28;Netherlands;YES
TRX-1074610;2026-06-06;0,0;Vendor_16;Netherlands;YES
TRX-1074611;2026-07-02;0,0;Vendor_20;Netherlands;YES
TRX-1074648;2026-04-24;0,0;Vendor_24;Germany;YES
TRX-1074653;;0,0;Vendor_41;Germany;YES
TRX-1074670;2026-07-07;0,0;Vendor_15;Germany;YES
TRX-1074677;2026-05-23;0,0;Vendor_42;Germany;YES
TRX-1074679;;1486,75;UNKNOWN;UNKNOWN;YES
TRX-1074681;2026-08-08;0,0;Vendor_30;Netherlands;YES
TRX-1074683;2026-03-03;0,0;Vendor_14;China;YES
TRX-1074690;;0,0;Vendor_48;Netherlands;YES
TRX-1074693;2026-02-06;668,2;UNKNOWN;UNKNOWN;YES
TRX-1074698;2026-02-09;1118,27;UNKNOWN;UNKNOWN;YES
TRX-1074709;2026-07-06;0,0;Vendor_34;China;YES
TRX-1074720;2026-07-06;0,0;Vendor_21;Germany;YES
TRX-1074726;2026-05-20;0,0;Vendor_3;Poland;YES
TRX-1074729;2026-05-24;0,0;UNKNOWN;UNKNOWN;YES
TRX-1074738;2026-08-14;0,0;Vendor_5;Poland;YES
TRX-1074747;2026-03-08;0,0;Vendor_50;Poland;YES
TRX-1074748;2026-02-19;1201,06;UNKNOWN;UNKNOWN;YES
TRX-1074762;2026-04-23;0,0;Vendor_34;China;YES
TRX-1074766;2026-06-08;0,0;Vendor_34;China;YES
TRX-1074767;2026-07-02;991,71;UNKNOWN;UNKNOWN;YES
TRX-1074769;2026-01-04;0,0;Vendor_29;Netherlands;YES
TRX-1074770;2026-07-21;0,0;Vendor_8;Germany;YES
TRX-1074773;2026-03-19;0,0;Vendor_30;Netherlands;YES
TRX-1074781;2026-04-14;0,0;Vendor_50;Poland;YES
TRX-1074797;2026-07-08;0,0;Vendor_28;Netherlands;YES
TRX-1074810;2026-06-03;1274,98;UNKNOWN;UNKNOWN;YES
TRX-1074820;2026-04-22;0,0;Vendor_49;Poland;YES
TRX-1074822;2026-04-25;0,0;Vendor_31;Netherlands;YES
TRX-1074824;;0,0;Vendor_42;Germany;YES
TRX-1074831;2026-06-19;0,0;Vendor_34;China;YES
TRX-1074833;2026-04-23;0,0;Vendor_50;Poland;YES
TRX-1074838;2026-03-16;0,0;Vendor_20;Netherlands;YES
TRX-1074843;;0,0;Vendor_13;Netherlands;YES
TRX-1074850;2026-04-02;801,06;UNKNOWN;UNKNOWN;YES
TRX-1074878;2026-08-02;0,0;Vendor_37;China;YES
TRX-1074879;2026-06-14;0,0;Vendor_22;Germany;YES
TRX-1074886;2026-05-16;1437,17;UNKNOWN;UNKNOWN;YES
TRX-1074892;;0,0;Vendor_41;Germany;YES
TRX-1074898;2026-09-03;0,0;Vendor_23;Poland;YES
TRX-1074902;2026-07-07;0,0;Vendor_19;Netherlands;YES
TRX-1074907;2026-06-25;0,0;Vendor_10;China;YES
TRX-1074911;2026-05-07;29,88;UNKNOWN;UNKNOWN;YES
TRX-1074922;2026-04-27;0,0;Vendor_19;Netherlands;YES
TRX-1074932;2026-01-08;0,0;Vendor_20;Netherlands;YES
TRX-1074946;2026-03-23;0,0;Vendor_6;China;YES
TRX-1074947;2026-04-10;0,0;Vendor_16;Netherlands;YES
TRX-1074957;2026-02-03;0,0;Vendor_35;Poland;YES
TRX-1074959;2026-02-03;199,82;UNKNOWN;UNKNOWN;YES
TRX-1074978;2026-05-30;0,0;Vendor_13;Netherlands;YES
TRX-1074984;2026-09-02;1066,63;UNKNOWN;UNKNOWN;YES
TRX-1074996;2026-05-29;1249,16;UNKNOWN;UNKNOWN;YES
TRX-1075007;2026-02-18;0,0;Vendor_12;Netherlands;YES
TRX-1075009;2026-06-28;0,0;Vendor_37;China;YES
TRX-1075012;2026-07-18;0,0;Vendor_50;Poland;YES
TRX-1075026;2026-08-08;1119,93;UNKNOWN;UNKNOWN;YES
TRX-1075031;2026-08-18;940,04;UNKNOWN;UNKNOWN;YES
TRX-1075040;;0,0;Vendor_18;China;YES
TRX-1075045;2026-08-12;0,0;Vendor_18;China;YES
TRX-1075048;2026-07-15;0,0;Vendor_16;Netherlands;YES
TRX-1075049;2026-02-12;0,0;Vendor_22;Germany;YES
TRX-1075053;2026-03-20;0,0;Vendor_9;China;YES
TRX-1075056;2026-01-16;0,0;Vendor_14;China;YES
TRX-1075060;;1178,0;UNKNOWN;UNKNOWN;YES
TRX-1075062;2026-01-16;421,59;UNKNOWN;UNKNOWN;YES
TRX-1075079;2026-01-21;581,08;UNKNOWN;UNKNOWN;YES
TRX-1075082;2026-07-23;0,0;Vendor_10;China;YES
TRX-1075083;2026-03-23;0,0;Vendor_46;Poland;YES
TRX-1075096;2026-05-03;0,0;Vendor_27;Poland;YES
TRX-1075104;2026-08-21;0,0;Vendor_19;Netherlands;YES
TRX-1075108;2026-04-11;550,45;UNKNOWN;UNKNOWN;YES
TRX-1075111;2026-07-14;0,0;Vendor_35;Poland;YES
TRX-1075112;2026-06-11;1200,36;UNKNOWN;UNKNOWN;YES
TRX-1075123;2026-05-09;1374,44;UNKNOWN;UNKNOWN;YES
TRX-1075137;2026-06-21;1283,68;UNKNOWN;UNKNOWN;YES
TRX-1075139;2026-06-06;1281,17;UNKNOWN;UNKNOWN;YES
TRX-1075143;2026-01-20;631,49;UNKNOWN;UNKNOWN;YES
TRX-1075177;2026-03-19;0,0;Vendor_10;China;YES
TRX-1075179;2026-07-03;265,35;UNKNOWN;UNKNOWN;YES
TRX-1075180;2026-04-08;0,0;Vendor_20;Netherlands;YES
TRX-1075183;2026-06-22;0,0;Vendor_26;Netherlands;YES
TRX-1075187;2026-03-08;1491,74;UNKNOWN;UNKNOWN;YES
TRX-1075200;2026-07-02;858,66;UNKNOWN;UNKNOWN;YES
TRX-1075208;2026-02-22;0,0;Vendor_40;China;YES
TRX-1075221;2026-03-05;0,0;UNKNOWN;UNKNOWN;YES
TRX-1075238;2026-08-17;0,0;Vendor_35;Poland;YES
TRX-1075240;2026-05-10;0,0;Vendor_46;Poland;YES
TRX-1075256;2026-05-15;575,22;UNKNOWN;UNKNOWN;YES
TRX-1075257;2026-08-22;0,0;Vendor_36;Poland;YES
TRX-1075258;2026-09-05;0,0;Vendor_15;Germany;YES
TRX-1075260;2026-05-03;0,0;Vendor_1;Germany;YES
TRX-1075262;2026-03-16;0,0;Vendor_38;China;YES
TRX-1075263;;1385,29;UNKNOWN;UNKNOWN;YES
TRX-1075267;2026-08-19;0,0;Vendor_10;China;YES
TRX-1075270;2026-04-16;0,0;Vendor_1;Germany;YES
TRX-1075274;2026-05-13;0,0;Vendor_30;Netherlands;YES
TRX-1075283;2026-02-02;0,0;Vendor_8;Germany;YES
TRX-1075300;2026-04-06;0,0;Vendor_1;Germany;YES
TRX-1075315;2026-01-03;0,0;Vendor_5;Poland;YES
TRX-1075325;2026-06-19;0,0;Vendor_22;Germany;YES
TRX-1075327;2026-06-14;0,0;Vendor_28;Netherlands;YES
TRX-1075345;2026-06-04;0,0;Vendor_14;China;YES
TRX-1075355;2026-06-20;613,35;UNKNOWN;UNKNOWN;YES
TRX-1075358;2026-05-02;1051,62;UNKNOWN;UNKNOWN;YES
TRX-1075376;2026-06-12;0,0;Vendor_50;Poland;YES
TRX-1075384;2026-03-29;0,0;Vendor_43;Netherlands;YES
TRX-1075394;2026-07-31;0,0;Vendor_15;Germany;YES
TRX-1075398;2026-07-08;0,0;Vendor_39;Poland;YES
TRX-1075399;2026-08-04;880,89;UNKNOWN;UNKNOWN;YES
TRX-1075409;2026-02-21;0,0;Vendor_33;Poland;YES
TRX-1075412;2026-08-02;0,0;Vendor_8;Germany;YES
TRX-1075419;2026-05-24;0,0;Vendor_47;Netherlands;YES
TRX-1075420;2026-03-24;0,0;Vendor_2;China;YES
TRX-1075432;2026-02-21;319,45;UNKNOWN;UNKNOWN;YES
TRX-1075433;2026-04-09;0,0;Vendor_28;Netherlands;YES
TRX-1075439;2026-04-13;1223,39;UNKNOWN;UNKNOWN;YES
TRX-1075443;2026-01-15;0,0;Vendor_3;Poland;YES
TRX-1075455;2026-07-12;620,02;UNKNOWN;UNKNOWN;YES
TRX-1075456;2026-05-22;1480,07;UNKNOWN;UNKNOWN;YES
TRX-1075463;2026-02-23;1499,84;UNKNOWN;UNKNOWN;YES
TRX-1075467;2026-06-17;197,76;UNKNOWN;UNKNOWN;YES
TRX-1075484;2026-06-22;953,05;UNKNOWN;UNKNOWN;YES
TRX-1075508;2026-02-06;0,0;Vendor_44;Poland;YES
TRX-1075511;2026-06-06;0,0;Vendor_12;Netherlands;YES
TRX-1075513;2026-09-02;0,0;Vendor_48;Netherlands;YES
TRX-1075515;2026-07-04;0,0;Vendor_17;China;YES
TRX-1075519;2026-04-07;1345,14;UNKNOWN;UNKNOWN;YES
TRX-1075524;2026-01-25;0,0;Vendor_15;Germany;YES
TRX-1075525;2026-05-22;0,0;Vendor_32;Germany;YES
TRX-1075537;2026-07-06;0,0;Vendor_50;Poland;YES
TRX-1075538;2026-05-25;0,0;Vendor_18;China;YES
TRX-1075542;2026-06-24;0,0;Vendor_13;Netherlands;YES
TRX-1075550;2026-04-17;0,0;Vendor_27;Poland;YES
TRX-1075552;2026-04-14;0,0;Vendor_11;Germany;YES
TRX-1075557;2026-02-18;0,0;Vendor_49;Poland;YES
TRX-1075566;2026-01-26;0,0;Vendor_4;Netherlands;YES
TRX-1075582;2026-02-20;0,0;Vendor_6;China;YES
TRX-1075584;2026-07-07;0,0;Vendor_25;China;YES
TRX-1075595;2026-05-28;1069,48;UNKNOWN;UNKNOWN;YES
TRX-1075602;2026-06-24;0,0;Vendor_50;Poland;YES
TRX-1075605;2026-05-30;64,25;UNKNOWN;UNKNOWN;YES
TRX-1075606;2026-07-29;0,0;Vendor_16;Netherlands;YES
TRX-1075615;2026-06-04;0,0;Vendor_16;Netherlands;YES
TRX-1075628;2026-06-17;729,49;UNKNOWN;UNKNOWN;YES
TRX-1075649;2026-02-26;0,0;Vendor_11;Germany;YES
TRX-1075650;2026-01-07;0,0;Vendor_18;China;YES
TRX-1075660;2026-08-03;0,0;Vendor_16;Netherlands;YES
TRX-1075664;2026-08-28;0,0;Vendor_37;China;YES
TRX-1075666;2026-02-27;982,17;UNKNOWN;UNKNOWN;YES
TRX-1075667;2026-09-03;0,0;Vendor_26;Netherlands;YES
TRX-1075671;2026-09-01;0,0;Vendor_38;China;YES
TRX-1075676;2026-08-14;1359,33;UNKNOWN;UNKNOWN;YES
TRX-1075684;2026-02-24;0,0;Vendor_23;Poland;YES
TRX-1075692;;0,0;Vendor_23;Poland;YES
TRX-1075698;2026-01-02;0,0;Vendor_44;Poland;YES
TRX-1075704;2026-08-01;0,0;Vendor_40;China;YES
TRX-1075729;2026-02-26;0,0;Vendor_40;China;YES
TRX-1075736;2026-09-02;0,0;Vendor_19;Netherlands;YES
TRX-1075740;2026-04-15;0,0;Vendor_2;China;YES
TRX-1075743;2026-06-09;0,0;Vendor_40;China;YES
TRX-1075745;2026-07-28;0,0;Vendor_33;Poland;YES
TRX-1075750;2026-01-29;0,0;Vendor_7;China;YES
TRX-1075756;2026-06-12;0,0;Vendor_5;Poland;YES
TRX-1075760;2026-07-31;0,0;Vendor_23;Poland;YES
TRX-1075763;2026-04-05;1095,59;UNKNOWN;UNKNOWN;YES
TRX-1075764;2026-05-18;0,0;Vendor_15;Germany;YES
TRX-1075773;2026-07-06;0,0;Vendor_49;Poland;YES
TRX-1075775;;0,0;Vendor_9;China;YES
TRX-1075776;2026-08-29;0,0;Vendor_44;Poland;YES
TRX-1075801;2026-04-14;0,0;Vendor_40;China;YES
TRX-1075816;2026-07-09;0,0;Vendor_24;Germany;YES
TRX-1075820;2026-03-22;1496,27;UNKNOWN;UNKNOWN;YES
TRX-1075822;2026-07-29;1397,83;UNKNOWN;UNKNOWN;YES
TRX-1075825;2026-08-11;0,0;Vendor_5;Poland;YES
TRX-1075828;2026-05-31;0,0;Vendor_29;Netherlands;YES
TRX-1075832;2026-03-04;952,91;UNKNOWN;UNKNOWN;YES
TRX-1075837;2026-07-26;946,21;UNKNOWN;UNKNOWN;YES
TRX-1075846;2026-07-12;0,0;Vendor_42;Germany;YES
TRX-1075860;2026-07-04;44,73;UNKNOWN;UNKNOWN;YES
TRX-1075863;2026-07-23;0,0;Vendor_47;Netherlands;YES
TRX-1075891;2026-08-31;0,0;Vendor_24;Germany;YES
TRX-1075894;2026-06-13;1218,67;UNKNOWN;UNKNOWN;YES
TRX-1075898;2026-08-14;0,0;Vendor_20;Netherlands;YES
TRX-1075908;2026-03-29;199,03;UNKNOWN;UNKNOWN;YES
TRX-1075910;2026-03-11;0,0;Vendor_26;Netherlands;YES
TRX-1075917;2026-08-29;576,6;UNKNOWN;UNKNOWN;YES
TRX-1075934;2026-06-10;0,0;Vendor_41;Germany;YES
TRX-1075939;2026-08-17;0,0;Vendor_16;Netherlands;YES
TRX-1075941;2026-03-03;0,0;Vendor_44;Poland;YES
TRX-1075944;2026-03-14;0,0;Vendor_42;Germany;YES
TRX-1075954;2026-05-24;331,12;UNKNOWN;UNKNOWN;YES
TRX-1075959;2026-06-12;936,81;UNKNOWN;UNKNOWN;YES
TRX-1075971;2026-04-09;0,0;Vendor_28;Netherlands;YES
TRX-1075976;;0,0;Vendor_13;Netherlands;YES
TRX-1075979;2026-03-30;877,53;UNKNOWN;UNKNOWN;YES
TRX-1076028;2026-03-18;0,0;Vendor_12;Netherlands;YES
TRX-1076030;2026-04-09;0,0;Vendor_34;China;YES
TRX-1076033;2026-08-06;0,0;Vendor_31;Netherlands;YES
TRX-1076034;2026-02-14;0,0;Vendor_2;China;YES
TRX-1076077;2026-05-21;647,24;UNKNOWN;UNKNOWN;YES
TRX-1076078;;0,0;Vendor_34;China;YES
TRX-1076084;2026-08-30;0,0;Vendor_37;China;YES
TRX-1076090;2026-03-28;0,0;UNKNOWN;UNKNOWN;YES
TRX-1076094;2026-02-11;0,0;Vendor_41;Germany;YES
TRX-1076101;2026-01-08;0,0;Vendor_2;China;YES
TRX-1076102;2026-03-27;0,0;Vendor_11;Germany;YES
TRX-1076106;2026-07-18;0,0;Vendor_18;China;YES
TRX-1076109;2026-08-06;0,0;Vendor_44;Poland;YES
TRX-1076111;2026-04-04;0,0;Vendor_17;China;YES
TRX-1076114;;0,0;Vendor_25;China;YES
TRX-1076130;2026-03-17;0,0;Vendor_19;Netherlands;YES
TRX-1076131;2026-07-13;754,99;UNKNOWN;UNKNOWN;YES
TRX-1076135;2026-05-07;0,0;Vendor_43;Netherlands;YES
TRX-1076159;2026-03-28;1233,62;UNKNOWN;UNKNOWN;YES
TRX-1076160;2026-07-02;0,0;Vendor_28;Netherlands;YES
TRX-1076161;2026-08-02;0,0;Vendor_40;China;YES
TRX-1076165;2026-07-05;0,0;Vendor_32;Germany;YES
TRX-1076166;2026-01-31;382,41;UNKNOWN;UNKNOWN;YES
TRX-1076169;2026-06-04;0,0;Vendor_50;Poland;YES
TRX-1076170;2026-02-15;513,18;UNKNOWN;UNKNOWN;YES
TRX-1076179;2026-01-26;1378,52;UNKNOWN;UNKNOWN;YES
TRX-1076194;;1178,99;UNKNOWN;UNKNOWN;YES
TRX-1076201;2026-05-28;0,0;Vendor_29;Netherlands;YES
TRX-1076206;2026-08-24;0,0;Vendor_22;Germany;YES
TRX-1076212;2026-08-01;0,0;Vendor_13;Netherlands;YES
TRX-1076233;2026-07-09;0,0;Vendor_40;China;YES
TRX-1076240;2026-01-31;0,0;Vendor_39;Poland;YES
TRX-1076243;2026-06-19;0,0;Vendor_16;Netherlands;YES
TRX-1076252;2026-06-23;0,0;Vendor_1;Germany;YES
TRX-1076256;2026-08-11;1264,77;UNKNOWN;UNKNOWN;YES
TRX-1076271;2026-02-03;1473,89;UNKNOWN;UNKNOWN;YES
TRX-1076273;2026-02-02;0,0;Vendor_9;China;YES
TRX-1076274;;1178,24;UNKNOWN;UNKNOWN;YES
TRX-1076282;2026-07-30;1286,09;UNKNOWN;UNKNOWN;YES
TRX-1076283;2026-08-09;0,0;Vendor_16;Netherlands;YES
TRX-1076298;2026-01-21;1203,54;UNKNOWN;UNKNOWN;YES
TRX-1076306;2026-02-25;0,0;Vendor_4;Netherlands;YES
TRX-1076307;2026-07-13;447,84;UNKNOWN;UNKNOWN;YES
TRX-1076308;2026-04-28;514,51;UNKNOWN;UNKNOWN;YES
TRX-1076318;2026-05-08;0,0;Vendor_33;Poland;YES
TRX-1076321;2026-05-19;0,0;Vendor_26;Netherlands;YES
TRX-1076336;2026-03-09;917,07;UNKNOWN;UNKNOWN;YES
TRX-1076337;2026-05-06;566,57;UNKNOWN;UNKNOWN;YES
TRX-1076341;2026-02-25;1040,88;UNKNOWN;UNKNOWN;YES
TRX-1076344;2026-03-06;0,0;Vendor_37;China;YES
TRX-1076345;2026-03-23;1121,19;UNKNOWN;UNKNOWN;YES
TRX-1076356;2026-08-24;0,0;Vendor_27;Poland;YES
TRX-1076357;2026-07-04;0,0;Vendor_18;China;YES
TRX-1076371;2026-07-25;1394,52;UNKNOWN;UNKNOWN;YES
TRX-1076391;2026-08-09;0,0;Vendor_43;Netherlands;YES
TRX-1076396;2026-08-14;0,0;Vendor_49;Poland;YES
TRX-1076398;2026-06-29;120,71;UNKNOWN;UNKNOWN;YES
TRX-1076402;2026-05-12;852,45;UNKNOWN;UNKNOWN;YES
TRX-1076406;2026-08-19;0,0;Vendor_27;Poland;YES
TRX-1076419;2026-07-23;0,0;Vendor_43;Netherlands;YES
TRX-1076426;2026-07-28;468,28;UNKNOWN;UNKNOWN;YES
TRX-1076432;2026-01-12;0,0;Vendor_39;Poland;YES
TRX-1076433;2026-01-27;0,0;Vendor_30;Netherlands;YES
TRX-1076438;2026-06-22;0,0;Vendor_44;Poland;YES
TRX-1076446;2026-06-15;0,0;Vendor_30;Netherlands;YES
TRX-1076461;2026-05-02;0,0;Vendor_13;Netherlands;YES
TRX-1076462;2026-03-12;0,0;Vendor_25;China;YES
TRX-1076466;2026-01-19;0,0;Vendor_14;China;YES
TRX-1076474;2026-01-04;0,0;Vendor_15;Germany;YES
TRX-1076485;2026-08-18;0,0;Vendor_17;China;YES
TRX-1076488;2026-03-08;69,05;UNKNOWN;UNKNOWN;YES
TRX-1076495;2026-03-21;542,4;UNKNOWN;UNKNOWN;YES
TRX-1076502;2026-08-01;570,84;UNKNOWN;UNKNOWN;YES
TRX-1076535;;0,0;Vendor_37;China;YES
TRX-1076549;2026-02-21;605,98;UNKNOWN;UNKNOWN;YES
TRX-1076555;2026-02-18;282,38;UNKNOWN;UNKNOWN;YES
TRX-1076565;2026-01-03;0,0;Vendor_41;Germany;YES
TRX-1076569;2026-07-13;720,45;UNKNOWN;UNKNOWN;YES
TRX-1076576;2026-07-20;1033,79;UNKNOWN;UNKNOWN;YES
TRX-1076582;2026-01-05;807,25;UNKNOWN;UNKNOWN;YES
TRX-1076583;2026-08-22;0,0;Vendor_10;China;YES
TRX-1076595;2026-08-10;0,0;Vendor_24;Germany;YES
TRX-1076601;2026-07-03;212,21;UNKNOWN;UNKNOWN;YES
TRX-1076607;2026-05-09;0,0;Vendor_22;Germany;YES
TRX-1076616;2026-01-28;0,0;UNKNOWN;UNKNOWN;YES
TRX-1076625;2026-04-14;1475,2;UNKNOWN;UNKNOWN;YES
TRX-1076649;2026-03-04;0,0;Vendor_8;Germany;YES
TRX-1076651;2026-01-28;0,0;Vendor_16;Netherlands;YES
TRX-1076653;2026-01-18;0,0;Vendor_24;Germany;YES
TRX-1076665;2026-03-10;489,4;UNKNOWN;UNKNOWN;YES
TRX-1076675;;0,0;Vendor_19;Netherlands;YES
TRX-1076688;2026-07-18;0,0;Vendor_34;China;YES
TRX-1076701;2026-04-23;523,37;UNKNOWN;UNKNOWN;YES
TRX-1076707;2026-02-18;0,0;Vendor_25;China;YES
TRX-1076710;2026-03-09;551,29;UNKNOWN;UNKNOWN;YES
TRX-1076728;2026-07-20;0,0;Vendor_10;China;YES
TRX-1076734;2026-05-18;0,0;Vendor_4;Netherlands;YES
TRX-1076736;2026-01-28;854,55;UNKNOWN;UNKNOWN;YES
TRX-1076737;2026-02-06;0,0;Vendor_36;Poland;YES
TRX-1076738;2026-05-21;0,0;Vendor_33;Poland;YES
TRX-1076740;2026-07-08;0,0;Vendor_13;Netherlands;YES
TRX-1076761;2026-05-26;0,0;Vendor_12;Netherlands;YES
TRX-1076768;2026-01-08;0,0;Vendor_6;China;YES
TRX-1076771;2026-01-24;0,0;Vendor_11;Germany;YES
TRX-1076777;2026-02-05;0,0;Vendor_9;China;YES
TRX-1076783;2026-03-08;499,24;UNKNOWN;UNKNOWN;YES
TRX-1076789;2026-08-26;1456,95;UNKNOWN;UNKNOWN;YES
TRX-1076791;2026-07-07;0,0;UNKNOWN;UNKNOWN;YES
TRX-1076795;2026-07-06;1130,75;UNKNOWN;UNKNOWN;YES
TRX-1076818;2026-06-12;0,0;Vendor_38;China;YES
TRX-1076821;2026-06-25;0,0;Vendor_23;Poland;YES
TRX-1076833;2026-02-17;0,0;Vendor_28;Netherlands;YES
TRX-1076838;2026-02-24;0,0;UNKNOWN;UNKNOWN;YES
TRX-1076850;2026-05-03;0,0;Vendor_49;Poland;YES
TRX-1076854;2026-06-22;0,0;Vendor_19;Netherlands;YES
TRX-1076883;2026-03-18;0,0;Vendor_23;Poland;YES
TRX-1076892;2026-06-23;0,0;Vendor_34;China;YES
TRX-1076894;2026-03-27;515,99;UNKNOWN;UNKNOWN;YES
TRX-1076899;2026-08-14;202,26;UNKNOWN;UNKNOWN;YES
TRX-1076904;2026-05-02;0,0;Vendor_1;Germany;YES
TRX-1076908;2026-08-25;0,0;Vendor_14;China;YES
TRX-1076911;2026-04-12;0,0;Vendor_22;Germany;YES
TRX-1076920;2026-02-25;0,0;Vendor_19;Netherlands;YES
TRX-1076947;2026-07-12;0,0;Vendor_15;Germany;YES
TRX-1076949;2026-03-23;0,0;Vendor_1;Germany;YES
TRX-1076954;2026-01-05;0,0;Vendor_19;Netherlands;YES
TRX-1076956;2026-03-30;0,0;Vendor_13;Netherlands;YES
TRX-1076957;2026-01-05;0,0;Vendor_20;Netherlands;YES
TRX-1076970;2026-07-07;1033,67;UNKNOWN;UNKNOWN;YES
TRX-1076972;2026-08-25;0,0;Vendor_9;China;YES
TRX-1076976;2026-08-10;1287,76;UNKNOWN;UNKNOWN;YES
TRX-1076985;2026-08-10;0,0;Vendor_19;Netherlands;YES
TRX-1076993;2026-05-18;455,57;UNKNOWN;UNKNOWN;YES
TRX-1077009;2026-07-24;0,0;Vendor_19;Netherlands;YES
TRX-1077011;2026-03-05;1066,88;UNKNOWN;UNKNOWN;YES
TRX-1077013;2026-03-12;0,0;Vendor_20;Netherlands;YES
TRX-1077023;2026-03-12;1465,43;UNKNOWN;UNKNOWN;YES
TRX-1077041;2026-05-08;0,0;Vendor_13;Netherlands;YES
TRX-1077042;2026-05-05;0,0;Vendor_1;Germany;YES
TRX-1077046;2026-02-10;0,0;UNKNOWN;UNKNOWN;YES
TRX-1077058;2026-09-01;0,0;Vendor_25;China;YES
TRX-1077074;2026-08-21;0,0;Vendor_1;Germany;YES
TRX-1077079;2026-05-29;0,0;Vendor_10;China;YES
TRX-1077086;2026-08-21;1287,45;UNKNOWN;UNKNOWN;YES
TRX-1077089;2026-08-25;624,46;UNKNOWN;UNKNOWN;YES
TRX-1077121;2026-07-05;0,0;Vendor_28;Netherlands;YES
TRX-1077123;2026-01-24;0,0;Vendor_22;Germany;YES
TRX-1077126;2026-03-29;0,0;Vendor_27;Poland;YES
TRX-1077161;2026-05-24;0,0;Vendor_15;Germany;YES
TRX-1077165;2026-09-01;0,0;Vendor_22;Germany;YES
TRX-1077183;2026-02-10;0,0;Vendor_10;China;YES
TRX-1077187;2026-02-22;0,0;Vendor_14;China;YES
TRX-1077189;2026-07-23;236,97;UNKNOWN;UNKNOWN;YES
TRX-1077190;2026-03-11;760,46;UNKNOWN;UNKNOWN;YES
TRX-1077192;2026-08-02;0,0;Vendor_49;Poland;YES
TRX-1077200;2026-01-05;0,0;UNKNOWN;UNKNOWN;YES
TRX-1077204;2026-01-20;0,0;Vendor_35;Poland;YES
TRX-1077209;2026-06-18;0,0;Vendor_23;Poland;YES
TRX-1077214;2026-06-17;0,0;Vendor_41;Germany;YES
TRX-1077217;2026-07-08;0,0;Vendor_11;Germany;YES
TRX-1077223;2026-04-18;475,26;UNKNOWN;UNKNOWN;YES
TRX-1077224;2026-05-28;0,0;Vendor_30;Netherlands;YES
TRX-1077229;2026-03-28;0,0;Vendor_37;China;YES
TRX-1077232;2026-05-15;0,0;Vendor_43;Netherlands;YES
TRX-1077239;;0,0;Vendor_19;Netherlands;YES
TRX-1077251;2026-07-20;0,0;Vendor_9;China;YES
TRX-1077252;2026-03-20;0,0;Vendor_3;Poland;YES
TRX-1077260;2026-08-28;0,0;Vendor_25;China;YES
TRX-1077268;2026-02-25;0,0;Vendor_22;Germany;YES
TRX-1077273;2026-02-21;0,0;Vendor_40;China;YES
TRX-1077281;2026-08-25;1320,92;UNKNOWN;UNKNOWN;YES
TRX-1077284;2026-09-01;138,46;UNKNOWN;UNKNOWN;YES
TRX-1077286;2026-04-04;0,0;Vendor_13;Netherlands;YES
TRX-1077291;2026-05-07;1173,51;UNKNOWN;UNKNOWN;YES
TRX-1077292;2026-03-03;0,0;Vendor_29;Netherlands;YES
TRX-1077293;2026-01-06;283,01;UNKNOWN;UNKNOWN;YES
TRX-1077300;2026-04-02;98,7;UNKNOWN;UNKNOWN;YES
TRX-1077315;2026-08-16;0,0;Vendor_24;Germany;YES
TRX-1077316;2026-05-26;1200,08;UNKNOWN;UNKNOWN;YES
TRX-1077324;2026-02-07;0,0;Vendor_25;China;YES
TRX-1077331;;0,0;Vendor_10;China;YES
TRX-1077333;2026-04-29;1204,32;UNKNOWN;UNKNOWN;YES
TRX-1077335;2026-09-03;677,97;UNKNOWN;UNKNOWN;YES
TRX-1077336;2026-06-11;0,0;UNKNOWN;UNKNOWN;YES
TRX-1077346;2026-03-21;0,0;UNKNOWN;UNKNOWN;YES
TRX-1077347;2026-07-11;0,0;Vendor_40;China;YES
TRX-1077366;2026-03-25;875,72;UNKNOWN;UNKNOWN;YES
TRX-1077380;2026-07-04;0,0;Vendor_31;Netherlands;YES
TRX-1077385;2026-05-03;0,0;Vendor_5;Poland;YES
TRX-1077386;2026-08-26;0,0;Vendor_15;Germany;YES
TRX-1077387;2026-07-07;0,0;Vendor_19;Netherlands;YES
TRX-1077394;2026-03-16;0,0;Vendor_31;Netherlands;YES
TRX-1077401;2026-02-07;1433,17;UNKNOWN;UNKNOWN;YES
TRX-1077405;2026-02-16;0,0;Vendor_39;Poland;YES
TRX-1077415;2026-02-26;0,0;Vendor_42;Germany;YES
TRX-1077418;2026-02-15;0,0;Vendor_25;China;YES
TRX-1077432;2026-05-17;0,0;Vendor_3;Poland;YES
TRX-1077437;2026-06-26;0,0;Vendor_13;Netherlands;YES
TRX-1077443;2026-08-28;163,39;UNKNOWN;UNKNOWN;YES
TRX-1077447;2026-08-10;0,0;Vendor_41;Germany;YES
TRX-1077451;2026-07-23;352,64;UNKNOWN;UNKNOWN;YES
TRX-1077454;2026-06-26;0,0;Vendor_12;Netherlands;YES
TRX-1077459;2026-07-17;0,0;Vendor_7;China;YES
TRX-1077463;2026-03-19;0,0;Vendor_19;Netherlands;YES
TRX-1077465;2026-02-28;498,03;UNKNOWN;UNKNOWN;YES
TRX-1077471;2026-03-24;543,64;UNKNOWN;UNKNOWN;YES
TRX-1077485;2026-05-29;0,0;Vendor_49;Poland;YES
TRX-1077486;2026-04-11;0,0;Vendor_37;China;YES
TRX-1077489;2026-02-28;0,0;Vendor_4;Netherlands;YES
TRX-1077496;2026-02-19;813,05;UNKNOWN;UNKNOWN;YES
TRX-1077510;2026-02-05;0,0;Vendor_1;Germany;YES
TRX-1077514;2026-01-02;0,0;Vendor_43;Netherlands;YES
TRX-1077524;2026-01-22;0,0;Vendor_45;Poland;YES
TRX-1077540;2026-08-03;0,0;Vendor_39;Poland;YES
TRX-1077542;2026-05-27;438,08;UNKNOWN;UNKNOWN;YES
TRX-1077547;2026-01-20;0,0;Vendor_36;Poland;YES
TRX-1077548;2026-08-29;699,81;UNKNOWN;UNKNOWN;YES
TRX-1077553;2026-04-10;1345,51;UNKNOWN;UNKNOWN;YES
TRX-1077563;2026-02-05;0,0;Vendor_19;Netherlands;YES
TRX-1077584;2026-06-17;0,0;Vendor_32;Germany;YES
TRX-1077585;2026-05-16;0,0;Vendor_36;Poland;YES
TRX-1077600;2026-06-09;0,0;Vendor_17;China;YES
TRX-1077603;2026-07-06;0,0;Vendor_23;Poland;YES
TRX-1077620;2026-01-15;0,0;Vendor_2;China;YES
TRX-1077622;2026-01-01;0,0;Vendor_6;China;YES
TRX-1077631;2026-04-03;0,0;Vendor_3;Poland;YES
TRX-1077632;2026-07-28;0,0;Vendor_16;Netherlands;YES
TRX-1077634;2026-01-03;391,05;UNKNOWN;UNKNOWN;YES
TRX-1077637;2026-05-29;146,91;UNKNOWN;UNKNOWN;YES
TRX-1077641;2026-02-11;356,92;UNKNOWN;UNKNOWN;YES
TRX-1077643;2026-07-12;445,66;UNKNOWN;UNKNOWN;YES
TRX-1077645;2026-07-14;0,0;Vendor_47;Netherlands;YES
TRX-1077680;2026-01-04;0,0;Vendor_23;Poland;YES
TRX-1077695;2026-08-28;0,0;Vendor_43;Netherlands;YES
TRX-1077696;2026-01-24;0,0;Vendor_35;Poland;YES
TRX-1077702;2026-02-06;0,0;Vendor_7;China;YES
TRX-1077704;2026-04-28;0,0;Vendor_14;China;YES
TRX-1077705;2026-03-12;0,0;Vendor_49;Poland;YES
TRX-1077706;2026-07-15;444,96;UNKNOWN;UNKNOWN;YES
TRX-1077714;2026-08-17;0,0;Vendor_22;Germany;YES
TRX-1077717;2026-08-30;725,63;UNKNOWN;UNKNOWN;YES
TRX-1077734;2026-06-25;1475,56;UNKNOWN;UNKNOWN;YES
TRX-1077735;2026-06-22;1114,86;UNKNOWN;UNKNOWN;YES
TRX-1077740;2026-01-03;0,0;Vendor_49;Poland;YES
TRX-1077747;2026-02-09;908,16;UNKNOWN;UNKNOWN;YES
TRX-1077752;2026-07-22;0,0;Vendor_23;Poland;YES
TRX-1077758;2026-07-10;0,0;UNKNOWN;UNKNOWN;YES
TRX-1077761;2026-08-02;0,0;Vendor_16;Netherlands;YES
TRX-1077768;2026-08-05;0,0;Vendor_45;Poland;YES
TRX-1077777;2026-03-08;1291,29;UNKNOWN;UNKNOWN;YES
TRX-1077778;2026-07-27;0,0;Vendor_20;Netherlands;YES
TRX-1077790;2026-06-15;1181,2;UNKNOWN;UNKNOWN;YES
TRX-1077811;2026-06-16;620,05;UNKNOWN;UNKNOWN;YES
TRX-1077818;2026-03-26;0,0;UNKNOWN;UNKNOWN;YES
TRX-1077820;2026-04-19;0,0;Vendor_43;Netherlands;YES
TRX-1077831;;0,0;UNKNOWN;UNKNOWN;YES
TRX-1077832;2026-03-11;1458,51;UNKNOWN;UNKNOWN;YES
TRX-1077835;2026-01-30;1172,2;UNKNOWN;UNKNOWN;YES
TRX-1077845;2026-08-20;544,91;UNKNOWN;UNKNOWN;YES
TRX-1077847;2026-08-03;0,0;Vendor_20;Netherlands;YES
TRX-1077868;2026-03-07;0,0;Vendor_37;China;YES
TRX-1077888;2026-07-31;184,29;UNKNOWN;UNKNOWN;YES
TRX-1077902;2026-04-18;700,78;UNKNOWN;UNKNOWN;YES
TRX-1077907;2026-08-30;0,0;Vendor_19;Netherlands;YES
TRX-1077914;2026-05-04;0,0;Vendor_21;Germany;YES
TRX-1077921;2026-05-15;0,0;Vendor_50;Poland;YES
TRX-1077927;2026-04-05;1116,88;UNKNOWN;UNKNOWN;YES
TRX-1077931;2026-08-18;0,0;Vendor_25;China;YES
TRX-1077932;2026-01-30;1316,01;UNKNOWN;UNKNOWN;YES
TRX-1077936;2026-06-09;0,0;Vendor_39;Poland;YES
TRX-1077943;2026-03-27;874,44;UNKNOWN;UNKNOWN;YES
TRX-1077950;2026-09-03;0,0;Vendor_49;Poland;YES
TRX-1077957;2026-03-08;0,0;Vendor_37;China;YES
TRX-1077964;2026-01-06;0,0;Vendor_3;Poland;YES
TRX-1077978;2026-02-04;0,0;Vendor_45;Poland;YES
TRX-1077980;2026-02-12;0,0;Vendor_7;China;YES
TRX-1077986;2026-02-10;0,0;Vendor_28;Netherlands;YES
TRX-1077999;2026-08-03;0,0;Vendor_13;Netherlands;YES
TRX-1078004;2026-02-12;0,0;Vendor_25;China;YES
TRX-1078014;2026-08-17;0,0;Vendor_44;Poland;YES
TRX-1078023;2026-01-10;933,01;UNKNOWN;UNKNOWN;YES
TRX-1078037;2026-01-26;0,0;Vendor_46;Poland;YES
TRX-1078048;2026-04-29;0,0;Vendor_26;Netherlands;YES
TRX-1078059;2026-08-25;0,0;Vendor_50;Poland;YES
TRX-1078062;;235,61;UNKNOWN;UNKNOWN;YES
TRX-1078076;2026-05-20;0,0;Vendor_11;Germany;YES
TRX-1078083;2026-02-10;0,0;Vendor_46;Poland;YES
TRX-1078087;2026-01-13;0,0;Vendor_4;Netherlands;YES
TRX-1078090;2026-07-29;0,0;Vendor_2;China;YES
TRX-1078109;2026-02-13;0,0;Vendor_16;Netherlands;YES
TRX-1078128;2026-07-12;0,0;Vendor_41;Germany;YES
TRX-1078135;2026-05-30;0,0;Vendor_4;Netherlands;YES
TRX-1078136;2026-01-04;0,0;Vendor_39;Poland;YES
TRX-1078140;2026-03-06;1428,22;UNKNOWN;UNKNOWN;YES
TRX-1078142;2026-06-15;0,0;Vendor_28;Netherlands;YES
TRX-1078144;2026-07-01;0,0;Vendor_29;Netherlands;YES
TRX-1078146;2026-03-17;0,0;Vendor_14;China;YES
TRX-1078161;2026-08-19;95,3;UNKNOWN;UNKNOWN;YES
TRX-1078167;2026-06-23;232,43;UNKNOWN;UNKNOWN;YES
TRX-1078173;2026-08-06;192,51;UNKNOWN;UNKNOWN;YES
TRX-1078175;2026-02-23;0,0;Vendor_46;Poland;YES
TRX-1078178;;677,02;UNKNOWN;UNKNOWN;YES
TRX-1078185;2026-01-20;0,0;Vendor_23;Poland;YES
TRX-1078189;2026-08-16;444,77;UNKNOWN;UNKNOWN;YES
TRX-1078195;2026-09-06;0,0;Vendor_6;China;YES
TRX-1078197;2026-04-27;0,0;Vendor_5;Poland;YES
TRX-1078205;2026-07-21;0,0;Vendor_13;Netherlands;YES
TRX-1078230;2026-04-15;0,0;Vendor_11;Germany;YES
TRX-1078235;2026-01-26;0,0;UNKNOWN;UNKNOWN;YES
TRX-1078249;2026-08-11;0,0;UNKNOWN;UNKNOWN;YES
TRX-1078266;2026-01-22;1284,04;UNKNOWN;UNKNOWN;YES
TRX-1078273;2026-01-03;0,0;Vendor_27;Poland;YES
TRX-1078275;2026-02-10;0,0;Vendor_31;Netherlands;YES
TRX-1078277;2026-06-25;348,15;UNKNOWN;UNKNOWN;YES
TRX-1078283;2026-07-30;0,0;Vendor_16;Netherlands;YES
TRX-1078285;2026-07-17;1294,9;UNKNOWN;UNKNOWN;YES
TRX-1078287;2026-02-05;0,0;Vendor_37;China;YES
TRX-1078288;2026-03-23;0,0;Vendor_44;Poland;YES
TRX-1078290;2026-06-26;0,0;Vendor_11;Germany;YES
TRX-1078297;2026-08-30;0,0;Vendor_36;Poland;YES
TRX-1078301;2026-05-18;0,0;Vendor_39;Poland;YES
TRX-1078321;2026-08-01;1301,26;UNKNOWN;UNKNOWN;YES
TRX-1078323;2026-03-21;1132,39;UNKNOWN;UNKNOWN;YES
TRX-1078337;2026-08-02;185,53;UNKNOWN;UNKNOWN;YES
TRX-1078342;2026-07-25;0,0;Vendor_26;Netherlands;YES
TRX-1078348;2026-06-29;0,0;Vendor_25;China;YES
TRX-1078355;2026-06-24;597,13;UNKNOWN;UNKNOWN;YES
TRX-1078357;2026-01-10;829,16;UNKNOWN;UNKNOWN;YES
TRX-1078363;2026-07-22;0,0;Vendor_17;China;YES
TRX-1078389;2026-05-24;1192,02;UNKNOWN;UNKNOWN;YES
TRX-1078390;2026-02-20;0,0;Vendor_21;Germany;YES
TRX-1078392;2026-07-26;571,01;UNKNOWN;UNKNOWN;YES
TRX-1078393;2026-01-13;0,0;Vendor_24;Germany;YES
TRX-1078394;2026-09-03;0,0;Vendor_24;Germany;YES
TRX-1078398;2026-05-18;0,0;Vendor_15;Germany;YES
TRX-1078407;2026-04-27;849,93;UNKNOWN;UNKNOWN;YES
TRX-1078408;2026-05-16;0,0;Vendor_19;Netherlands;YES
TRX-1078409;2026-06-30;0,0;Vendor_10;China;YES
TRX-1078413;2026-06-01;0,0;Vendor_29;Netherlands;YES
TRX-1078415;2026-08-04;0,0;Vendor_15;Germany;YES
TRX-1078416;2026-08-23;0,0;Vendor_25;China;YES
TRX-1078417;2026-07-17;0,0;Vendor_13;Netherlands;YES
TRX-1078421;2026-05-17;0,0;Vendor_23;Poland;YES
TRX-1078424;2026-02-18;0,0;Vendor_28;Netherlands;YES
TRX-1078426;2026-08-12;0,0;Vendor_25;China;YES
TRX-1078428;2026-02-11;1072,05;UNKNOWN;UNKNOWN;YES
TRX-1078430;2026-03-22;0,0;Vendor_22;Germany;YES
TRX-1078432;2026-02-06;0,0;Vendor_6;China;YES
TRX-1078437;2026-03-14;0,0;Vendor_29;Netherlands;YES
TRX-1078438;2026-05-13;0,0;Vendor_36;Poland;YES
TRX-1078445;;0,0;Vendor_23;Poland;YES
TRX-1078450;2026-05-18;0,0;Vendor_15;Germany;YES
TRX-1078454;2026-07-03;0,0;Vendor_32;Germany;YES
TRX-1078464;2026-01-25;0,0;Vendor_17;China;YES
TRX-1078469;;0,0;Vendor_31;Netherlands;YES
TRX-1078471;2026-08-14;679,25;UNKNOWN;UNKNOWN;YES
TRX-1078477;2026-03-11;1031,85;UNKNOWN;UNKNOWN;YES
TRX-1078479;2026-04-27;1492,09;UNKNOWN;UNKNOWN;YES
TRX-1078481;2026-06-06;0,0;Vendor_29;Netherlands;YES
TRX-1078500;2026-07-16;0,0;Vendor_42;Germany;YES
TRX-1078505;2026-05-31;653,14;UNKNOWN;UNKNOWN;YES
TRX-1078513;2026-01-15;0,0;Vendor_22;Germany;YES
TRX-1078516;2026-02-28;0,0;Vendor_26;Netherlands;YES
TRX-1078524;2026-08-09;269,15;UNKNOWN;UNKNOWN;YES
TRX-1078534;2026-07-09;0,0;Vendor_27;Poland;YES
TRX-1078535;2026-07-25;0,0;Vendor_34;China;YES
TRX-1078543;2026-05-02;0,0;Vendor_8;Germany;YES
TRX-1078545;2026-07-11;0,0;Vendor_1;Germany;YES
TRX-1078562;2026-08-26;0,0;Vendor_44;Poland;YES
TRX-1078565;2026-03-09;1177,87;UNKNOWN;UNKNOWN;YES
TRX-1078570;2026-01-19;540,0;UNKNOWN;UNKNOWN;YES
TRX-1078579;2026-01-03;58,5;UNKNOWN;UNKNOWN;YES
TRX-1078588;2026-08-28;453,23;UNKNOWN;UNKNOWN;YES
TRX-1078590;2026-05-17;0,0;Vendor_41;Germany;YES
TRX-1078593;2026-02-06;1210,25;UNKNOWN;UNKNOWN;YES
TRX-1078600;2026-06-19;225,1;UNKNOWN;UNKNOWN;YES
TRX-1078602;2026-02-04;0,0;Vendor_28;Netherlands;YES
TRX-1078604;2026-05-10;909,4;UNKNOWN;UNKNOWN;YES
TRX-1078647;2026-06-30;969,59;UNKNOWN;UNKNOWN;YES
TRX-1078652;2026-06-29;0,0;Vendor_24;Germany;YES
TRX-1078654;2026-08-07;0,0;Vendor_19;Netherlands;YES
TRX-1078659;2026-02-21;0,0;Vendor_21;Germany;YES
TRX-1078686;2026-01-29;0,0;Vendor_48;Netherlands;YES
TRX-1078690;2026-05-22;832,27;UNKNOWN;UNKNOWN;YES
TRX-1078693;2026-04-05;0,0;Vendor_33;Poland;YES
TRX-1078701;2026-08-04;0,0;Vendor_9;China;YES
TRX-1078706;2026-05-03;1196,93;UNKNOWN;UNKNOWN;YES
TRX-1078718;2026-01-30;0,0;Vendor_8;Germany;YES
TRX-1078727;2026-02-10;220,31;UNKNOWN;UNKNOWN;YES
TRX-1078739;2026-04-16;0,0;Vendor_42;Germany;YES
TRX-1078753;2026-02-21;0,0;Vendor_48;Netherlands;YES
TRX-1078759;2026-01-10;0,0;Vendor_29;Netherlands;YES
TRX-1078764;2026-05-01;0,0;Vendor_33;Poland;YES
TRX-1078770;2026-01-17;989,19;UNKNOWN;UNKNOWN;YES
TRX-1078773;2026-07-20;0,0;Vendor_5;Poland;YES
TRX-1078774;2026-05-05;0,0;Vendor_47;Netherlands;YES
TRX-1078778;2026-04-13;0,0;Vendor_20;Netherlands;YES
TRX-1078812;2026-06-12;0,0;Vendor_16;Netherlands;YES
TRX-1078818;2026-06-20;0,0;Vendor_37;China;YES
TRX-1078824;2026-07-13;336,95;UNKNOWN;UNKNOWN;YES
TRX-1078828;2026-08-03;0,0;Vendor_1;Germany;YES
TRX-1078833;2026-03-01;0,0;Vendor_36;Poland;YES
TRX-1078835;2026-02-23;0,0;UNKNOWN;UNKNOWN;YES
TRX-1078842;2026-03-21;0,0;Vendor_12;Netherlands;YES
TRX-1078848;2026-04-27;0,0;Vendor_40;China;YES
TRX-1078851;2026-03-14;0,0;Vendor_37;China;YES
TRX-1078857;2026-07-13;0,0;Vendor_2;China;YES
TRX-1078859;2026-06-14;0,0;Vendor_27;Poland;YES
TRX-1078864;2026-03-07;1300,86;UNKNOWN;UNKNOWN;YES
TRX-1078866;2026-05-18;0,0;Vendor_32;Germany;YES
TRX-1078874;2026-01-21;0,0;Vendor_45;Poland;YES
TRX-1078908;2026-02-12;810,58;UNKNOWN;UNKNOWN;YES
TRX-1078912;2026-01-16;0,0;Vendor_27;Poland;YES
TRX-1078917;2026-03-28;467,21;UNKNOWN;UNKNOWN;YES
TRX-1078922;2026-02-03;0,0;Vendor_24;Germany;YES
TRX-1078930;2026-07-06;0,0;Vendor_3;Poland;YES
TRX-1078945;2026-08-01;568,98;UNKNOWN;UNKNOWN;YES
TRX-1078962;2026-08-25;544,35;UNKNOWN;UNKNOWN;YES
TRX-1078972;2026-04-20;0,0;Vendor_36;Poland;YES
TRX-1078976;2026-06-22;0,0;Vendor_19;Netherlands;YES
TRX-1078988;2026-04-06;0,0;Vendor_38;China;YES
TRX-1078993;2026-09-04;73,98;UNKNOWN;UNKNOWN;YES
TRX-1078998;2026-06-03;0,0;Vendor_50;Poland;YES
TRX-1079011;2026-05-12;285,78;UNKNOWN;UNKNOWN;YES
TRX-1079023;2026-01-18;0,0;UNKNOWN;UNKNOWN;YES
TRX-1079029;2026-06-24;0,0;Vendor_48;Netherlands;YES
TRX-1079033;2026-03-09;0,0;Vendor_39;Poland;YES
TRX-1079038;2026-08-13;397,9;UNKNOWN;UNKNOWN;YES
TRX-1079039;2026-02-01;1493,75;UNKNOWN;UNKNOWN;YES
TRX-1079040;2026-08-28;0,0;Vendor_2;China;YES
TRX-1079044;2026-07-19;60,09;UNKNOWN;UNKNOWN;YES
TRX-1079054;2026-06-28;0,0;Vendor_10;China;YES
TRX-1079058;2026-02-05;0,0;Vendor_18;China;YES
TRX-1079059;2026-01-17;0,0;Vendor_14;China;YES
TRX-1079065;2026-04-01;0,0;Vendor_20;Netherlands;YES
TRX-1079067;2026-04-09;0,0;Vendor_33;Poland;YES
TRX-1079068;2026-03-11;0,0;Vendor_40;China;YES
TRX-1079069;2026-02-19;0,0;Vendor_12;Netherlands;YES
TRX-1079080;2026-05-22;0,0;Vendor_46;Poland;YES
TRX-1079087;2026-01-14;0,0;Vendor_20;Netherlands;YES
TRX-1079091;2026-02-10;0,0;Vendor_16;Netherlands;YES
TRX-1079094;2026-04-24;0,0;Vendor_11;Germany;YES
TRX-1079103;2026-05-13;0,0;Vendor_26;Netherlands;YES
TRX-1079104;2026-08-23;0,0;UNKNOWN;UNKNOWN;YES
TRX-1079142;2026-06-22;0,0;Vendor_46;Poland;YES
TRX-1079143;;0,0;Vendor_31;Netherlands;YES
TRX-1079166;2026-05-20;0,0;Vendor_14;China;YES
TRX-1079177;2026-05-31;0,0;Vendor_22;Germany;YES
TRX-1079183;2026-01-05;448,39;UNKNOWN;UNKNOWN;YES
TRX-1079196;2026-05-19;0,0;Vendor_42;Germany;YES
TRX-1079223;2026-06-02;0,0;Vendor_29;Netherlands;YES
TRX-1079232;2026-07-12;730,71;UNKNOWN;UNKNOWN;YES
TRX-1079240;;0,0;Vendor_12;Netherlands;YES
TRX-1079243;2026-05-14;0,0;Vendor_26;Netherlands;YES
TRX-1079250;2026-03-29;1368,23;UNKNOWN;UNKNOWN;YES
TRX-1079251;2026-06-02;0,0;Vendor_43;Netherlands;YES
TRX-1079261;2026-08-08;0,0;Vendor_5;Poland;YES
TRX-1079268;2026-05-12;937,75;UNKNOWN;UNKNOWN;YES
TRX-1079272;2026-03-30;10,77;UNKNOWN;UNKNOWN;YES
TRX-1079274;2026-06-23;0,0;Vendor_16;Netherlands;YES
TRX-1079278;2026-07-08;0,0;Vendor_35;Poland;YES
TRX-1079291;;0,0;Vendor_30;Netherlands;YES
TRX-1079301;2026-04-14;0,0;Vendor_27;Poland;YES
TRX-1079303;2026-08-03;729,61;UNKNOWN;UNKNOWN;YES
TRX-1079316;2026-04-10;724,7;UNKNOWN;UNKNOWN;YES
TRX-1079331;2026-04-28;0,0;Vendor_45;Poland;YES
TRX-1079336;2026-06-11;207,59;UNKNOWN;UNKNOWN;YES
TRX-1079337;2026-01-04;0,0;Vendor_35;Poland;YES
TRX-1079343;2026-05-30;241,47;UNKNOWN;UNKNOWN;YES
TRX-1079346;2026-07-22;0,0;Vendor_23;Poland;YES
TRX-1079360;2026-03-19;481,06;UNKNOWN;UNKNOWN;YES
TRX-1079362;2026-04-23;0,0;Vendor_22;Germany;YES
TRX-1079372;2026-05-27;0,0;Vendor_47;Netherlands;YES
TRX-1079379;2026-06-02;0,0;Vendor_16;Netherlands;YES
TRX-1079383;2026-05-02;17,57;UNKNOWN;UNKNOWN;YES
TRX-1079384;2026-03-05;0,0;Vendor_6;China;YES
TRX-1079388;2026-05-12;0,0;Vendor_31;Netherlands;YES
TRX-1079394;2026-09-04;0,0;Vendor_25;China;YES
TRX-1079395;2026-04-16;0,0;Vendor_41;Germany;YES
TRX-1079397;2026-04-23;0,0;Vendor_34;China;YES
TRX-1079411;2026-04-10;0,0;Vendor_22;Germany;YES
TRX-1079418;2026-02-28;0,0;Vendor_41;Germany;YES
TRX-1079423;2026-07-04;0,0;Vendor_14;China;YES
TRX-1079429;2026-08-01;0,0;Vendor_35;Poland;YES
TRX-1079434;2026-01-09;1455,76;UNKNOWN;UNKNOWN;YES
TRX-1079435;2026-07-27;0,0;UNKNOWN;UNKNOWN;YES
TRX-1079439;2026-01-16;0,0;Vendor_19;Netherlands;YES
TRX-1079440;2026-06-25;0,0;Vendor_49;Poland;YES
TRX-1079455;2026-07-17;0,0;Vendor_50;Poland;YES
TRX-1079470;2026-03-20;1389,65;UNKNOWN;UNKNOWN;YES
TRX-1079478;2026-03-31;220,11;UNKNOWN;UNKNOWN;YES
TRX-1079482;;0,0;Vendor_10;China;YES
TRX-1079483;2026-05-20;0,0;Vendor_13;Netherlands;YES
TRX-1079484;2026-07-26;0,0;Vendor_3;Poland;YES
TRX-1079486;2026-02-13;1464,93;UNKNOWN;UNKNOWN;YES
TRX-1079495;2026-01-05;0,0;Vendor_2;China;YES
TRX-1079506;2026-04-06;424,97;UNKNOWN;UNKNOWN;YES
TRX-1079514;2026-02-16;724,02;UNKNOWN;UNKNOWN;YES
TRX-1079518;;1493,44;UNKNOWN;UNKNOWN;YES
TRX-1079520;2026-08-12;0,0;Vendor_8;Germany;YES
TRX-1079524;2026-01-06;0,0;Vendor_6;China;YES
TRX-1079534;2026-03-17;0,0;UNKNOWN;UNKNOWN;YES
TRX-1079536;;1249,38;UNKNOWN;UNKNOWN;YES
TRX-1079539;2026-03-25;1404,1;UNKNOWN;UNKNOWN;YES
TRX-1079544;2026-06-04;0,0;Vendor_7;China;YES
TRX-1079553;2026-05-26;640,49;UNKNOWN;UNKNOWN;YES
TRX-1079559;2026-08-06;0,0;Vendor_4;Netherlands;YES
TRX-1079563;2026-07-23;1377,71;UNKNOWN;UNKNOWN;YES
TRX-1079569;2026-07-06;64,83;UNKNOWN;UNKNOWN;YES
TRX-1079595;2026-08-21;0,0;Vendor_17;China;YES
TRX-1079596;2026-04-05;0,0;Vendor_12;Netherlands;YES
TRX-1079597;2026-07-14;0,0;Vendor_26;Netherlands;YES
TRX-1079616;2026-03-23;0,0;Vendor_8;Germany;YES
TRX-1079626;2026-04-25;0,0;Vendor_49;Poland;YES
TRX-1079628;2026-02-26;0,0;Vendor_23;Poland;YES
TRX-1079632;2026-05-28;0,0;Vendor_12;Netherlands;YES
TRX-1079642;2026-05-27;0,0;Vendor_21;Germany;YES
TRX-1079656;2026-01-31;0,0;Vendor_39;Poland;YES
TRX-1079667;;0,0;Vendor_3;Poland;YES
TRX-1079668;2026-06-30;0,0;Vendor_36;Poland;YES
TRX-1079671;2026-06-17;25,25;UNKNOWN;UNKNOWN;YES
TRX-1079673;2026-09-03;0,0;Vendor_7;China;YES
TRX-1079689;2026-09-07;676,82;UNKNOWN;UNKNOWN;YES
TRX-1079690;2026-04-05;0,0;Vendor_25;China;YES
TRX-1079693;2026-05-22;0,0;Vendor_21;Germany;YES
TRX-1079699;2026-01-13;0,0;UNKNOWN;UNKNOWN;YES
TRX-1079703;2026-04-01;35,75;UNKNOWN;UNKNOWN;YES
TRX-1079715;2026-06-07;998,14;UNKNOWN;UNKNOWN;YES
TRX-1079720;2026-01-18;0,0;Vendor_28;Netherlands;YES
TRX-1079736;2026-05-05;971,87;UNKNOWN;UNKNOWN;YES
TRX-1079738;2026-05-11;0,0;Vendor_17;China;YES
TRX-1079740;;10,89;UNKNOWN;UNKNOWN;YES
TRX-1079744;2026-03-06;474,4;UNKNOWN;UNKNOWN;YES
TRX-1079751;2026-08-10;177,99;UNKNOWN;UNKNOWN;YES
TRX-1079757;2026-09-04;378,56;UNKNOWN;UNKNOWN;YES
TRX-1079773;2026-07-04;1359,28;UNKNOWN;UNKNOWN;YES
TRX-1079804;2026-07-24;0,0;Vendor_6;China;YES
TRX-1079807;2026-07-17;0,0;Vendor_21;Germany;YES
TRX-1079829;2026-08-22;302,76;UNKNOWN;UNKNOWN;YES
TRX-1079830;2026-02-02;634,31;UNKNOWN;UNKNOWN;YES
TRX-1079839;2026-04-04;998,25;UNKNOWN;UNKNOWN;YES
TRX-1079844;2026-03-29;0,0;Vendor_12;Netherlands;YES
TRX-1079849;2026-05-08;0,0;Vendor_36;Poland;YES
TRX-1079862;2026-01-05;0,0;Vendor_3;Poland;YES
TRX-1079864;2026-06-04;0,0;Vendor_19;Netherlands;YES
TRX-1079869;2026-04-11;0,0;Vendor_25;China;YES
TRX-1079874;2026-04-08;0,0;Vendor_37;China;YES
TRX-1079876;2026-03-16;0,0;Vendor_18;China;YES
TRX-1079884;2026-05-01;0,0;Vendor_39;Poland;YES
TRX-1079900;2026-03-03;0,0;Vendor_35;Poland;YES
TRX-1079905;2026-05-24;507,46;UNKNOWN;UNKNOWN;YES
TRX-1079907;2026-08-17;0,0;Vendor_43;Netherlands;YES
TRX-1079930;2026-06-02;0,0;Vendor_38;China;YES
TRX-1079935;2026-05-08;0,0;Vendor_14;China;YES
TRX-1079937;2026-09-07;541,24;UNKNOWN;UNKNOWN;YES
TRX-1079945;2026-01-26;0,0;Vendor_33;Poland;YES
TRX-1079949;2026-06-04;0,0;Vendor_5;Poland;YES
TRX-1079979;2026-03-17;933,55;UNKNOWN;UNKNOWN;YES
TRX-1079989;2026-02-03;774,83;UNKNOWN;UNKNOWN;YES
TRX-1079996;2026-08-26;494,52;UNKNOWN;UNKNOWN;YES
TRX-1079997;2026-03-08;0,0;Vendor_23;Poland;YES
TRX-1080000;2026-03-09;794,72;UNKNOWN;UNKNOWN;YES
TRX-1080004;2026-03-31;0,0;Vendor_35;Poland;YES
TRX-1080007;2026-03-29;0,0;Vendor_24;Germany;YES
TRX-1080027;2026-01-27;0,0;Vendor_18;China;YES
TRX-1080028;2026-06-30;0,0;Vendor_42;Germany;YES
TRX-1080030;2026-01-05;0,0;Vendor_11;Germany;YES
TRX-1080045;2026-06-25;0,0;Vendor_23;Poland;YES
TRX-1080051;2026-03-04;0,0;Vendor_14;China;YES
TRX-1080053;2026-02-24;0,0;Vendor_50;Poland;YES
TRX-1080058;2026-05-04;388,07;UNKNOWN;UNKNOWN;YES
TRX-1080072;2026-03-22;0,0;Vendor_35;Poland;YES
TRX-1080081;2026-05-29;0,0;Vendor_4;Netherlands;YES
TRX-1080082;2026-05-27;264,75;UNKNOWN;UNKNOWN;YES
TRX-1080101;2026-06-02;424,46;UNKNOWN;UNKNOWN;YES
TRX-1080107;2026-07-02;0,0;Vendor_29;Netherlands;YES
TRX-1080108;2026-06-18;0,0;Vendor_3;Poland;YES
TRX-1080117;2026-05-25;0,0;Vendor_48;Netherlands;YES
TRX-1080119;2026-04-18;0,0;Vendor_38;China;YES
TRX-1080123;2026-02-25;0,0;Vendor_32;Germany;YES
TRX-1080129;;0,0;Vendor_42;Germany;YES
TRX-1080130;2026-04-08;0,0;Vendor_39;Poland;YES
TRX-1080131;2026-02-12;1410,73;UNKNOWN;UNKNOWN;YES
TRX-1080132;2026-03-10;0,0;Vendor_6;China;YES
TRX-1080147;2026-02-24;0,0;Vendor_22;Germany;YES
TRX-1080148;2026-03-13;0,0;Vendor_9;China;YES
TRX-1080149;2026-02-13;585,87;UNKNOWN;UNKNOWN;YES
TRX-1080157;2026-01-07;136,21;UNKNOWN;UNKNOWN;YES
TRX-1080164;2026-05-23;0,0;Vendor_29;Netherlands;YES
TRX-1080174;2026-08-09;532,64;UNKNOWN;UNKNOWN;YES
TRX-1080184;2026-05-15;0,0;Vendor_13;Netherlands;YES
TRX-1080188;2026-08-02;0,0;Vendor_8;Germany;YES
TRX-1080190;2026-08-01;0,0;Vendor_16;Netherlands;YES
TRX-1080193;2026-01-15;292,54;UNKNOWN;UNKNOWN;YES
TRX-1080196;2026-07-17;0,0;Vendor_13;Netherlands;YES
TRX-1080204;2026-05-08;0,0;Vendor_46;Poland;YES
TRX-1080208;2026-04-25;0,0;Vendor_16;Netherlands;YES
TRX-1080223;2026-05-12;744,69;UNKNOWN;UNKNOWN;YES
TRX-1080245;2026-01-03;0,0;Vendor_13;Netherlands;YES
TRX-1080247;2026-04-13;0,0;Vendor_23;Poland;YES
TRX-1080249;2026-05-16;0,0;Vendor_23;Poland;YES
TRX-1080252;2026-04-17;0,0;Vendor_20;Netherlands;YES
TRX-1080258;2026-01-17;1407,64;UNKNOWN;UNKNOWN;YES
TRX-1080262;2026-04-24;195,03;UNKNOWN;UNKNOWN;YES
TRX-1080275;2026-01-18;0,0;Vendor_22;Germany;YES
TRX-1080277;2026-07-10;0,0;Vendor_25;China;YES
TRX-1080284;2026-01-25;1147,6;UNKNOWN;UNKNOWN;YES
TRX-1080303;2026-04-26;1356,18;UNKNOWN;UNKNOWN;YES
TRX-1080306;2026-06-22;0,0;Vendor_18;China;YES
TRX-1080311;2026-02-17;1077,09;UNKNOWN;UNKNOWN;YES
TRX-1080320;2026-02-19;0,0;Vendor_4;Netherlands;YES
TRX-1080331;2026-06-01;0,0;UNKNOWN;UNKNOWN;YES
TRX-1080334;2026-03-25;0,0;Vendor_14;China;YES
TRX-1080339;2026-03-07;0,0;Vendor_19;Netherlands;YES
TRX-1080344;2026-05-21;0,0;Vendor_5;Poland;YES
TRX-1080346;2026-02-26;0,0;Vendor_21;Germany;YES
TRX-1080351;;1353,56;UNKNOWN;UNKNOWN;YES
TRX-1080365;2026-05-19;951,68;UNKNOWN;UNKNOWN;YES
TRX-1080371;2026-04-18;0,0;Vendor_16;Netherlands;YES
TRX-1080375;2026-08-02;458,67;UNKNOWN;UNKNOWN;YES
TRX-1080377;2026-07-19;0,0;Vendor_48;Netherlands;YES
TRX-1080385;2026-05-26;0,0;Vendor_45;Poland;YES
TRX-1080390;2026-03-04;0,0;Vendor_29;Netherlands;YES
TRX-1080391;2026-01-16;0,0;UNKNOWN;UNKNOWN;YES
TRX-1080396;2026-04-21;1070,33;UNKNOWN;UNKNOWN;YES
TRX-1080397;2026-09-05;0,0;Vendor_16;Netherlands;YES
TRX-1080423;2026-06-19;266,03;UNKNOWN;UNKNOWN;YES
TRX-1080432;2026-08-12;0,0;Vendor_34;China;YES
TRX-1080437;2026-08-28;0,0;Vendor_3;Poland;YES
TRX-1080440;2026-05-28;0,0;Vendor_37;China;YES
TRX-1080447;2026-06-03;728,17;UNKNOWN;UNKNOWN;YES
TRX-1080448;2026-06-09;711,57;UNKNOWN;UNKNOWN;YES
TRX-1080451;2026-08-30;0,0;Vendor_2;China;YES
TRX-1080465;2026-09-05;1083,79;UNKNOWN;UNKNOWN;YES
TRX-1080471;2026-08-10;0,0;Vendor_40;China;YES
TRX-1080489;2026-06-15;0,0;Vendor_2;China;YES
TRX-1080495;2026-03-18;823,26;UNKNOWN;UNKNOWN;YES
TRX-1080503;2026-03-01;1352,0;UNKNOWN;UNKNOWN;YES
TRX-1080508;2026-07-21;0,0;Vendor_44;Poland;YES
TRX-1080509;2026-03-19;466,78;UNKNOWN;UNKNOWN;YES
TRX-1080513;2026-07-26;0,0;Vendor_2;China;YES
TRX-1080519;2026-03-28;0,0;Vendor_33;Poland;YES
TRX-1080522;;0,0;Vendor_4;Netherlands;YES
TRX-1080532;2026-06-24;0,0;Vendor_39;Poland;YES
TRX-1080540;2026-08-08;0,0;Vendor_38;China;YES
TRX-1080541;2026-09-03;440,12;UNKNOWN;UNKNOWN;YES
TRX-1080546;2026-04-13;0,0;Vendor_36;Poland;YES
TRX-1080556;2026-07-19;0,0;Vendor_25;China;YES
TRX-1080568;2026-06-29;0,0;Vendor_21;Germany;YES
TRX-1080569;2026-04-22;0,0;Vendor_17;China;YES
TRX-1080570;2026-06-03;0,0;UNKNOWN;UNKNOWN;YES
TRX-1080576;2026-01-17;339,05;UNKNOWN;UNKNOWN;YES
TRX-1080594;2026-09-05;988,27;UNKNOWN;UNKNOWN;YES
TRX-1080598;2026-01-09;864,23;UNKNOWN;UNKNOWN;YES
TRX-1080599;2026-04-02;1308,36;UNKNOWN;UNKNOWN;YES
TRX-1080607;2026-03-14;0,0;Vendor_47;Netherlands;YES
TRX-1080608;2026-04-30;1477,16;UNKNOWN;UNKNOWN;YES
TRX-1080619;;0,0;Vendor_2;China;YES
TRX-1080634;2026-03-31;1344,96;UNKNOWN;UNKNOWN;YES
TRX-1080635;2026-07-10;847,96;UNKNOWN;UNKNOWN;YES
TRX-1080637;2026-07-08;1068,71;UNKNOWN;UNKNOWN;YES
TRX-1080646;2026-04-25;1467,57;UNKNOWN;UNKNOWN;YES
TRX-1080648;2026-04-08;0,0;Vendor_31;Netherlands;YES
TRX-1080649;2026-08-11;0,0;Vendor_39;Poland;YES
TRX-1080652;;131,08;UNKNOWN;UNKNOWN;YES
TRX-1080662;2026-06-22;0,0;Vendor_33;Poland;YES
TRX-1080667;2026-06-15;858,22;UNKNOWN;UNKNOWN;YES
TRX-1080672;2026-02-02;0,0;Vendor_36;Poland;YES
TRX-1080689;2026-03-08;0,0;Vendor_48;Netherlands;YES
TRX-1080696;2026-01-07;0,0;Vendor_8;Germany;YES
TRX-1080699;2026-03-15;1292,21;UNKNOWN;UNKNOWN;YES
TRX-1080705;2026-08-02;865,12;UNKNOWN;UNKNOWN;YES
TRX-1080709;2026-04-07;264,35;UNKNOWN;UNKNOWN;YES
TRX-1080712;2026-05-14;0,0;Vendor_44;Poland;YES
TRX-1080719;2026-01-20;0,0;Vendor_41;Germany;YES
TRX-1080726;2026-06-23;0,0;Vendor_34;China;YES
TRX-1080732;2026-07-18;1012,14;UNKNOWN;UNKNOWN;YES
TRX-1080745;2026-07-19;0,0;Vendor_31;Netherlands;YES
TRX-1080748;2026-06-13;321,88;UNKNOWN;UNKNOWN;YES
TRX-1080749;2026-09-06;0,0;Vendor_24;Germany;YES
TRX-1080750;2026-08-11;0,0;Vendor_40;China;YES
TRX-1080756;2026-08-09;710,56;UNKNOWN;UNKNOWN;YES
TRX-1080759;2026-04-10;254,99;UNKNOWN;UNKNOWN;YES
TRX-1080773;2026-04-20;0,0;UNKNOWN;UNKNOWN;YES
TRX-1080776;2026-06-21;0,0;Vendor_9;China;YES
TRX-1080779;2026-03-27;506,95;UNKNOWN;UNKNOWN;YES
TRX-1080782;2026-02-21;0,0;Vendor_5;Poland;YES
TRX-1080798;2026-01-25;0,0;Vendor_50;Poland;YES
TRX-1080806;2026-07-30;0,0;Vendor_37;China;YES
TRX-1080815;2026-03-19;237,76;UNKNOWN;UNKNOWN;YES
TRX-1080820;2026-08-26;678,27;UNKNOWN;UNKNOWN;YES
TRX-1080841;2026-06-28;1259,38;UNKNOWN;UNKNOWN;YES
TRX-1080854;2026-01-26;608,98;UNKNOWN;UNKNOWN;YES
TRX-1080858;2026-04-10;0,0;Vendor_19;Netherlands;YES
TRX-1080867;2026-08-29;0,0;Vendor_1;Germany;YES
TRX-1080869;2026-06-16;0,0;Vendor_24;Germany;YES
TRX-1080871;2026-03-08;790,59;UNKNOWN;UNKNOWN;YES
TRX-1080888;2026-06-17;0,0;Vendor_36;Poland;YES
TRX-1080906;2026-06-16;619,13;UNKNOWN;UNKNOWN;YES
TRX-1080910;2026-04-02;525,18;UNKNOWN;UNKNOWN;YES
TRX-1080918;2026-06-26;0,0;Vendor_6;China;YES
TRX-1080919;2026-03-03;0,0;Vendor_36;Poland;YES
TRX-1080921;2026-07-06;0,0;Vendor_8;Germany;YES
TRX-1080929;2026-03-25;0,0;Vendor_20;Netherlands;YES
TRX-1080931;2026-06-25;622,11;UNKNOWN;UNKNOWN;YES
TRX-1080934;;0,0;Vendor_26;Netherlands;YES
TRX-1080951;2026-07-28;0,0;Vendor_43;Netherlands;YES
TRX-1080953;2026-03-19;1383,62;UNKNOWN;UNKNOWN;YES
TRX-1080966;2026-01-19;0,0;Vendor_13;Netherlands;YES
TRX-1080974;2026-05-29;395,57;UNKNOWN;UNKNOWN;YES
TRX-1080978;2026-08-05;1208,1;UNKNOWN;UNKNOWN;YES
TRX-1080980;2026-09-03;0,0;Vendor_27;Poland;YES
TRX-1080985;2026-04-16;706,92;UNKNOWN;UNKNOWN;YES
TRX-1080986;2026-03-11;0,0;Vendor_35;Poland;YES
TRX-1080990;2026-03-27;0,0;Vendor_12;Netherlands;YES
TRX-1080996;2026-08-26;0,0;Vendor_27;Poland;YES
TRX-1081000;2026-03-11;660,5;UNKNOWN;UNKNOWN;YES
TRX-1081003;2026-07-18;0,0;Vendor_27;Poland;YES
TRX-1081007;2026-05-06;602,16;UNKNOWN;UNKNOWN;YES
TRX-1081008;2026-06-18;0,0;Vendor_4;Netherlands;YES
TRX-1081013;2026-02-08;0,0;Vendor_8;Germany;YES
TRX-1081017;2026-04-19;0,0;Vendor_20;Netherlands;YES
TRX-1081030;2026-05-15;0,0;Vendor_17;China;YES
TRX-1081033;2026-06-20;0,0;Vendor_5;Poland;YES
TRX-1081035;2026-05-18;0,0;Vendor_7;China;YES
TRX-1081040;2026-09-04;0,0;Vendor_30;Netherlands;YES
TRX-1081041;;834,37;UNKNOWN;UNKNOWN;YES
TRX-1081046;2026-06-04;1222,23;UNKNOWN;UNKNOWN;YES
TRX-1081048;2026-03-13;779,0;UNKNOWN;UNKNOWN;YES
TRX-1081067;2026-04-29;0,0;Vendor_24;Germany;YES
TRX-1081076;2026-06-22;0,0;Vendor_12;Netherlands;YES
TRX-1081078;2026-01-24;1365,24;UNKNOWN;UNKNOWN;YES
TRX-1081079;2026-04-09;1392,65;UNKNOWN;UNKNOWN;YES
TRX-1081081;2026-05-03;0,0;Vendor_1;Germany;YES
TRX-1081085;2026-05-07;1432,0;UNKNOWN;UNKNOWN;YES
TRX-1081106;2026-04-22;0,0;Vendor_33;Poland;YES
TRX-1081108;2026-02-28;854,85;UNKNOWN;UNKNOWN;YES
TRX-1081112;2026-02-23;0,0;Vendor_12;Netherlands;YES
TRX-1081123;2026-04-13;0,0;Vendor_15;Germany;YES
TRX-1081127;2026-09-02;0,0;Vendor_22;Germany;YES
TRX-1081132;;1341,42;UNKNOWN;UNKNOWN;YES
TRX-1081143;2026-04-11;0,0;Vendor_36;Poland;YES
TRX-1081145;2026-08-01;0,0;Vendor_44;Poland;YES
TRX-1081151;2026-07-18;0,0;Vendor_27;Poland;YES
TRX-1081157;2026-05-12;0,0;UNKNOWN;UNKNOWN;YES
TRX-1081158;2026-03-21;0,0;Vendor_15;Germany;YES
TRX-1081161;2026-02-27;0,0;Vendor_36;Poland;YES
TRX-1081173;2026-05-02;0,0;Vendor_15;Germany;YES
TRX-1081185;2026-08-09;0,0;Vendor_37;China;YES
TRX-1081198;2026-08-12;253,76;UNKNOWN;UNKNOWN;YES
TRX-1081204;2026-06-29;0,0;Vendor_4;Netherlands;YES
TRX-1081209;2026-01-22;1262,21;UNKNOWN;UNKNOWN;YES
TRX-1081214;2026-08-02;0,0;Vendor_30;Netherlands;YES
TRX-1081218;2026-07-14;0,0;Vendor_9;China;YES
TRX-1081219;2026-03-06;0,0;Vendor_20;Netherlands;YES
TRX-1081220;2026-01-02;0,0;Vendor_16;Netherlands;YES
TRX-1081229;2026-05-06;64,23;UNKNOWN;UNKNOWN;YES
TRX-1081238;2026-08-27;738,4;UNKNOWN;UNKNOWN;YES
TRX-1081242;2026-05-21;1168,15;UNKNOWN;UNKNOWN;YES
TRX-1081249;2026-01-29;0,0;Vendor_47;Netherlands;YES
TRX-1081253;;0,0;Vendor_48;Netherlands;YES
TRX-1081291;2026-06-03;0,0;Vendor_28;Netherlands;YES
TRX-1081295;2026-07-17;0,0;Vendor_50;Poland;YES
TRX-1081325;2026-05-21;0,0;Vendor_39;Poland;YES
TRX-1081328;2026-04-13;0,0;Vendor_38;China;YES
TRX-1081329;2026-08-14;0,0;Vendor_26;Netherlands;YES
TRX-1081336;2026-03-24;0,0;Vendor_16;Netherlands;YES
TRX-1081346;2026-05-29;0,0;Vendor_35;Poland;YES
TRX-1081355;;1381,79;UNKNOWN;UNKNOWN;YES
TRX-1081358;2026-08-06;624,4;UNKNOWN;UNKNOWN;YES
TRX-1081360;2026-05-30;65,2;UNKNOWN;UNKNOWN;YES
TRX-1081362;2026-04-20;0,0;Vendor_48;Netherlands;YES
TRX-1081365;2026-02-05;0,0;Vendor_22;Germany;YES
TRX-1081371;2026-03-28;0,0;Vendor_18;China;YES
TRX-1081378;2026-08-02;0,0;Vendor_49;Poland;YES
TRX-1081388;2026-08-27;0,0;Vendor_17;China;YES
TRX-1081397;2026-08-19;0,0;Vendor_50;Poland;YES
TRX-1081400;2026-01-31;0,0;Vendor_40;China;YES
TRX-1081404;2026-06-25;145,76;UNKNOWN;UNKNOWN;YES
TRX-1081410;2026-05-02;398,01;UNKNOWN;UNKNOWN;YES
TRX-1081430;2026-06-07;0,0;Vendor_22;Germany;YES
TRX-1081432;2026-01-16;0,0;Vendor_26;Netherlands;YES
TRX-1081436;2026-07-25;0,0;UNKNOWN;UNKNOWN;YES
TRX-1081440;2026-04-20;0,0;Vendor_25;China;YES
TRX-1081453;2026-09-08;0,0;Vendor_5;Poland;YES
TRX-1081457;2026-02-10;0,0;Vendor_20;Netherlands;YES
TRX-1081459;2026-06-22;332,24;UNKNOWN;UNKNOWN;YES
TRX-1081463;2026-02-01;0,0;Vendor_11;Germany;YES
TRX-1081475;2026-08-25;0,0;Vendor_50;Poland;YES
TRX-1081484;2026-05-09;493,45;UNKNOWN;UNKNOWN;YES
TRX-1081496;2026-08-02;377,42;UNKNOWN;UNKNOWN;YES
TRX-1081499;;650,8;UNKNOWN;UNKNOWN;YES
TRX-1081507;2026-02-04;0,0;Vendor_37;China;YES
TRX-1081512;2026-07-17;0,0;Vendor_47;Netherlands;YES
TRX-1081524;2026-07-21;0,0;Vendor_13;Netherlands;YES
TRX-1081527;2026-05-06;0,0;Vendor_42;Germany;YES
TRX-1081528;2026-04-28;782,92;UNKNOWN;UNKNOWN;YES
TRX-1081539;2026-04-01;0,0;Vendor_34;China;YES
TRX-1081546;2026-02-08;635,48;UNKNOWN;UNKNOWN;YES
TRX-1081553;;0,0;Vendor_45;Poland;YES
TRX-1081555;;935,48;UNKNOWN;UNKNOWN;YES
TRX-1081561;2026-06-25;0,0;Vendor_11;Germany;YES
TRX-1081567;2026-04-21;0,0;Vendor_8;Germany;YES
TRX-1081572;2026-02-27;0,0;Vendor_38;China;YES
TRX-1081578;2026-06-23;0,0;Vendor_48;Netherlands;YES
TRX-1081590;2026-06-10;0,0;Vendor_15;Germany;YES
TRX-1081596;2026-02-06;0,0;Vendor_46;Poland;YES
TRX-1081618;2026-08-26;0,0;Vendor_22;Germany;YES
TRX-1081620;2026-01-21;0,0;Vendor_50;Poland;YES
TRX-1081623;2026-04-19;0,0;Vendor_35;Poland;YES
TRX-1081642;2026-05-02;940,83;UNKNOWN;UNKNOWN;YES
TRX-1081648;2026-08-02;468,92;UNKNOWN;UNKNOWN;YES
TRX-1081654;2026-02-15;0,0;Vendor_23;Poland;YES
TRX-1081655;2026-03-04;520,73;UNKNOWN;UNKNOWN;YES
TRX-1081656;2026-03-26;0,0;Vendor_42;Germany;YES
TRX-1081669;2026-04-29;657,53;UNKNOWN;UNKNOWN;YES
TRX-1081673;2026-02-18;0,0;Vendor_35;Poland;YES
TRX-1081674;2026-06-30;0,0;Vendor_40;China;YES
TRX-1081676;2026-03-25;0,0;Vendor_28;Netherlands;YES
TRX-1081692;2026-05-15;0,0;Vendor_47;Netherlands;YES
TRX-1081696;2026-09-08;0,0;UNKNOWN;UNKNOWN;YES
TRX-1081702;2026-03-17;0,0;Vendor_5;Poland;YES
TRX-1081708;2026-01-24;138,8;UNKNOWN;UNKNOWN;YES
TRX-1081709;2026-04-01;0,0;Vendor_31;Netherlands;YES
TRX-1081713;2026-02-26;0,0;Vendor_15;Germany;YES
TRX-1081717;2026-04-23;0,0;UNKNOWN;UNKNOWN;YES
TRX-1081721;2026-08-14;0,0;Vendor_21;Germany;YES
TRX-1081729;2026-04-01;1118,12;UNKNOWN;UNKNOWN;YES
TRX-1081737;2026-06-19;369,24;UNKNOWN;UNKNOWN;YES
TRX-1081746;2026-06-09;0,0;Vendor_7;China;YES
TRX-1081756;2026-08-05;0,0;Vendor_24;Germany;YES
TRX-1081761;2026-04-19;586,58;UNKNOWN;UNKNOWN;YES
TRX-1081763;2026-06-02;0,0;Vendor_37;China;YES
TRX-1081766;2026-05-16;0,0;Vendor_29;Netherlands;YES
TRX-1081768;2026-02-12;0,0;Vendor_50;Poland;YES
TRX-1081778;2026-08-14;0,0;Vendor_48;Netherlands;YES
TRX-1081785;2026-05-24;0,0;Vendor_40;China;YES
TRX-1081786;2026-05-26;0,0;Vendor_6;China;YES
TRX-1081800;2026-08-11;0,0;Vendor_12;Netherlands;YES
TRX-1081806;2026-01-13;0,0;Vendor_15;Germany;YES
TRX-1081810;2026-04-03;0,0;Vendor_16;Netherlands;YES
TRX-1081814;2026-02-23;0,0;Vendor_32;Germany;YES
TRX-1081821;2026-03-09;676,21;UNKNOWN;UNKNOWN;YES
TRX-1081829;2026-03-02;612,03;UNKNOWN;UNKNOWN;YES
TRX-1081836;2026-07-22;0,0;Vendor_30;Netherlands;YES
TRX-1081837;2026-06-29;0,0;Vendor_13;Netherlands;YES
TRX-1081840;2026-05-18;0,0;Vendor_16;Netherlands;YES
TRX-1081843;2026-07-19;491,49;UNKNOWN;UNKNOWN;YES
TRX-1081845;;1125,12;UNKNOWN;UNKNOWN;YES
TRX-1081846;2026-04-24;1045,11;UNKNOWN;UNKNOWN;YES
TRX-1081852;2026-03-01;427,47;UNKNOWN;UNKNOWN;YES
TRX-1081859;2026-07-14;0,0;Vendor_38;China;YES
TRX-1081860;2026-01-19;1235,95;UNKNOWN;UNKNOWN;YES
TRX-1081861;2026-01-26;0,0;Vendor_29;Netherlands;YES
TRX-1081868;2026-05-26;0,0;Vendor_28;Netherlands;YES
TRX-1081882;2026-07-15;0,0;Vendor_47;Netherlands;YES
TRX-1081895;2026-08-29;0,0;UNKNOWN;UNKNOWN;YES
TRX-1081896;2026-08-26;0,0;Vendor_38;China;YES
TRX-1081907;2026-02-22;0,0;Vendor_19;Netherlands;YES
TRX-1081921;2026-05-04;0,0;Vendor_1;Germany;YES
TRX-1081926;2026-01-30;0,0;Vendor_50;Poland;YES
TRX-1081929;2026-02-04;0,0;Vendor_2;China;YES
TRX-1081936;2026-06-24;0,0;Vendor_42;Germany;YES
TRX-1081953;2026-09-08;0,0;Vendor_13;Netherlands;YES
TRX-1081958;2026-02-01;0,0;Vendor_23;Poland;YES
TRX-1081964;2026-06-24;0,0;Vendor_45;Poland;YES
TRX-1081967;2026-04-11;0,0;Vendor_28;Netherlands;YES
TRX-1081968;2026-01-06;831,83;UNKNOWN;UNKNOWN;YES
TRX-1081969;2026-06-18;0,0;Vendor_47;Netherlands;YES
TRX-1081973;2026-07-20;1496,54;UNKNOWN;UNKNOWN;YES
TRX-1081976;2026-01-25;0,0;Vendor_9;China;YES
TRX-1081978;2026-03-21;1028,38;UNKNOWN;UNKNOWN;YES
TRX-1081986;2026-05-02;506,34;UNKNOWN;UNKNOWN;YES
TRX-1081993;2026-08-16;0,0;Vendor_20;Netherlands;YES
TRX-1081994;2026-03-03;826,77;UNKNOWN;UNKNOWN;YES
TRX-1082009;2026-07-30;0,0;Vendor_7;China;YES
TRX-1082023;2026-03-05;0,0;Vendor_6;China;YES
TRX-1082026;2026-06-13;0,0;Vendor_19;Netherlands;YES
TRX-1082034;2026-05-31;0,0;Vendor_3;Poland;YES
TRX-1082043;2026-03-09;0,0;Vendor_22;Germany;YES
TRX-1082047;2026-01-26;0,0;Vendor_9;China;YES
TRX-1082049;2026-06-23;0,0;Vendor_25;China;YES
TRX-1082053;2026-06-09;1438,74;UNKNOWN;UNKNOWN;YES
TRX-1082061;2026-06-01;435,8;UNKNOWN;UNKNOWN;YES
TRX-1082065;2026-06-08;0,0;Vendor_23;Poland;YES
TRX-1082070;;0,0;Vendor_33;Poland;YES
TRX-1082074;2026-04-11;0,0;UNKNOWN;UNKNOWN;YES
TRX-1082089;2026-02-21;0,0;Vendor_24;Germany;YES
TRX-1082090;2026-05-19;0,0;Vendor_17;China;YES
TRX-1082096;2026-02-03;0,0;UNKNOWN;UNKNOWN;YES
TRX-1082098;2026-07-02;0,0;Vendor_28;Netherlands;YES
TRX-1082101;2026-03-01;0,0;Vendor_26;Netherlands;YES
TRX-1082102;2026-03-25;1449,11;UNKNOWN;UNKNOWN;YES
TRX-1082105;2026-03-03;733,33;UNKNOWN;UNKNOWN;YES
TRX-1082113;2026-06-09;0,0;Vendor_47;Netherlands;YES
TRX-1082115;2026-01-10;0,0;Vendor_34;China;YES
TRX-1082120;2026-03-30;0,0;Vendor_23;Poland;YES
TRX-1082149;2026-01-12;567,43;UNKNOWN;UNKNOWN;YES
TRX-1082150;2026-08-30;205,52;UNKNOWN;UNKNOWN;YES
TRX-1082151;2026-05-02;120,96;UNKNOWN;UNKNOWN;YES
TRX-1082157;2026-06-14;900,21;UNKNOWN;UNKNOWN;YES
TRX-1082158;2026-04-26;0,0;Vendor_1;Germany;YES
TRX-1082161;2026-09-08;473,91;UNKNOWN;UNKNOWN;YES
TRX-1082174;2026-02-06;522,54;UNKNOWN;UNKNOWN;YES
TRX-1082179;;0,0;UNKNOWN;UNKNOWN;YES
TRX-1082182;;0,0;Vendor_7;China;YES
TRX-1082184;2026-06-03;0,0;Vendor_25;China;YES
TRX-1082191;;0,0;Vendor_43;Netherlands;YES
TRX-1082193;2026-01-11;0,0;Vendor_27;Poland;YES
TRX-1082194;2026-05-16;0,0;Vendor_46;Poland;YES
TRX-1082197;2026-01-19;0,0;UNKNOWN;UNKNOWN;YES
TRX-1082202;2026-05-19;0,0;Vendor_36;Poland;YES
TRX-1082205;2026-06-30;0,0;Vendor_44;Poland;YES
TRX-1082208;2026-01-31;0,0;Vendor_44;Poland;YES
TRX-1082214;2026-06-05;952,96;UNKNOWN;UNKNOWN;YES
TRX-1082219;2026-08-26;0,0;Vendor_34;China;YES
TRX-1082225;2026-07-01;0,0;Vendor_3;Poland;YES
TRX-1082228;2026-01-01;690,61;UNKNOWN;UNKNOWN;YES
TRX-1082237;2026-09-03;425,78;UNKNOWN;UNKNOWN;YES
TRX-1082256;2026-06-21;0,0;Vendor_16;Netherlands;YES
TRX-1082269;2026-08-08;0,0;Vendor_38;China;YES
TRX-1082276;2026-09-03;0,0;Vendor_5;Poland;YES
TRX-1082293;2026-03-02;393,35;UNKNOWN;UNKNOWN;YES
TRX-1082298;2026-04-15;0,0;Vendor_4;Netherlands;YES
TRX-1082302;2026-02-09;938,8;UNKNOWN;UNKNOWN;YES
TRX-1082305;2026-01-17;0,0;Vendor_20;Netherlands;YES
TRX-1082311;2026-03-18;0,0;Vendor_3;Poland;YES
TRX-1082322;2026-06-16;0,0;Vendor_48;Netherlands;YES
TRX-1082325;2026-02-08;159,48;UNKNOWN;UNKNOWN;YES
TRX-1082332;2026-09-04;698,56;UNKNOWN;UNKNOWN;YES
TRX-1082337;2026-05-22;0,0;Vendor_24;Germany;YES
TRX-1082340;2026-03-16;1131,61;UNKNOWN;UNKNOWN;YES
TRX-1082343;2026-05-16;0,0;Vendor_48;Netherlands;YES
TRX-1082352;2026-01-20;597,19;UNKNOWN;UNKNOWN;YES
TRX-1082359;2026-01-08;0,0;Vendor_23;Poland;YES
TRX-1082364;2026-04-28;0,0;Vendor_23;Poland;YES
TRX-1082366;2026-02-25;0,0;Vendor_50;Poland;YES
TRX-1082375;2026-08-02;1319,66;UNKNOWN;UNKNOWN;YES
TRX-1082379;2026-03-04;0,0;Vendor_35;Poland;YES
TRX-1082384;2026-07-05;0,0;Vendor_47;Netherlands;YES
TRX-1082395;2026-09-03;684,7;UNKNOWN;UNKNOWN;YES
TRX-1082404;2026-06-07;1086,63;UNKNOWN;UNKNOWN;YES
TRX-1082407;2026-07-06;0,0;Vendor_15;Germany;YES
TRX-1082413;2026-08-27;0,0;Vendor_3;Poland;YES
TRX-1082417;2026-04-05;0,0;Vendor_16;Netherlands;YES
TRX-1082421;2026-02-27;772,02;UNKNOWN;UNKNOWN;YES
TRX-1082430;2026-02-01;0,0;UNKNOWN;UNKNOWN;YES
TRX-1082440;2026-01-07;0,0;UNKNOWN;UNKNOWN;YES
TRX-1082441;;1346,95;UNKNOWN;UNKNOWN;YES
TRX-1082452;;0,0;Vendor_8;Germany;YES
TRX-1082463;2026-02-12;1252,18;UNKNOWN;UNKNOWN;YES
TRX-1082474;2026-02-20;809,44;UNKNOWN;UNKNOWN;YES
TRX-1082482;2026-06-28;232,24;UNKNOWN;UNKNOWN;YES
TRX-1082495;2026-07-20;0,0;Vendor_3;Poland;YES
TRX-1082505;2026-09-06;0,0;Vendor_12;Netherlands;YES
TRX-1082507;2026-03-05;0,0;Vendor_33;Poland;YES
TRX-1082513;2026-05-07;0,0;Vendor_3;Poland;YES
TRX-1082527;2026-02-20;489,22;UNKNOWN;UNKNOWN;YES
TRX-1082532;2026-01-14;0,0;Vendor_33;Poland;YES
TRX-1082547;2026-05-20;0,0;Vendor_9;China;YES
TRX-1082551;2026-07-21;0,0;Vendor_18;China;YES
TRX-1082555;2026-06-26;0,0;Vendor_43;Netherlands;YES
TRX-1082559;2026-01-10;0,0;Vendor_1;Germany;YES
TRX-1082573;;233,63;UNKNOWN;UNKNOWN;YES
TRX-1082577;2026-09-06;0,0;Vendor_41;Germany;YES
TRX-1082579;2026-05-28;0,0;Vendor_41;Germany;YES
TRX-1082582;2026-03-26;0,0;Vendor_22;Germany;YES
TRX-1082591;2026-03-05;1199,09;UNKNOWN;UNKNOWN;YES
TRX-1082616;2026-07-26;0,0;Vendor_44;Poland;YES
TRX-1082629;2026-05-27;0,0;Vendor_5;Poland;YES
TRX-1082636;2026-01-29;0,0;Vendor_34;China;YES
TRX-1082645;2026-07-02;0,0;Vendor_26;Netherlands;YES
TRX-1082646;2026-01-11;0,0;Vendor_31;Netherlands;YES
TRX-1082650;2026-06-23;0,0;Vendor_1;Germany;YES
TRX-1082663;2026-01-14;1424,55;UNKNOWN;UNKNOWN;YES
TRX-1082666;2026-04-15;0,0;Vendor_20;Netherlands;YES
TRX-1082670;2026-01-24;0,0;Vendor_39;Poland;YES
TRX-1082671;2026-07-21;0,0;Vendor_2;China;YES
TRX-1082693;2026-07-17;0,0;Vendor_27;Poland;YES
TRX-1082699;2026-06-27;0,0;Vendor_4;Netherlands;YES
TRX-1082701;2026-07-24;0,0;Vendor_30;Netherlands;YES
TRX-1082707;2026-08-20;0,0;Vendor_8;Germany;YES
TRX-1082722;2026-07-09;0,0;Vendor_48;Netherlands;YES
TRX-1082731;2026-07-09;1225,63;UNKNOWN;UNKNOWN;YES
TRX-1082752;2026-05-21;420,79;UNKNOWN;UNKNOWN;YES
TRX-1082753;2026-06-27;0,0;Vendor_27;Poland;YES
TRX-1082763;2026-07-26;0,0;Vendor_13;Netherlands;YES
TRX-1082771;2026-01-26;500,86;UNKNOWN;UNKNOWN;YES
TRX-1082794;2026-06-12;0,0;Vendor_12;Netherlands;YES
TRX-1082799;2026-02-05;0,0;Vendor_9;China;YES
TRX-1082800;2026-05-04;0,0;Vendor_10;China;YES
TRX-1082801;2026-01-26;0,0;Vendor_45;Poland;YES
TRX-1082807;2026-03-10;0,0;Vendor_48;Netherlands;YES
TRX-1082811;2026-02-25;0,0;Vendor_6;China;YES
TRX-1082826;2026-06-11;0,0;Vendor_31;Netherlands;YES
TRX-1082831;2026-09-03;738,47;UNKNOWN;UNKNOWN;YES
TRX-1082832;2026-02-19;131,68;UNKNOWN;UNKNOWN;YES
TRX-1082840;2026-09-04;651,69;UNKNOWN;UNKNOWN;YES
TRX-1082845;2026-03-24;0,0;Vendor_17;China;YES
TRX-1082847;2026-05-05;921,19;UNKNOWN;UNKNOWN;YES
TRX-1082871;2026-01-06;0,0;Vendor_21;Germany;YES
TRX-1082895;2026-08-16;0,0;Vendor_47;Netherlands;YES
TRX-1082908;2026-03-03;0,0;Vendor_16;Netherlands;YES
TRX-1082921;2026-08-10;0,0;Vendor_34;China;YES
TRX-1082925;2026-06-13;0,0;Vendor_46;Poland;YES
TRX-1082930;2026-08-13;720,32;UNKNOWN;UNKNOWN;YES
TRX-1082934;;0,0;Vendor_28;Netherlands;YES
TRX-1082935;2026-08-15;1013,96;UNKNOWN;UNKNOWN;YES
TRX-1082942;2026-07-31;0,0;Vendor_20;Netherlands;YES
TRX-1082973;2026-08-28;584,74;UNKNOWN;UNKNOWN;YES
TRX-1082991;2026-01-25;524,76;UNKNOWN;UNKNOWN;YES
TRX-1083000;2026-07-03;0,0;Vendor_22;Germany;YES
TRX-1083002;2026-01-30;0,0;Vendor_38;China;YES
TRX-1083003;2026-05-06;1261,44;UNKNOWN;UNKNOWN;YES
TRX-1083008;2026-04-28;0,0;Vendor_5;Poland;YES
TRX-1083022;2026-03-08;0,0;Vendor_33;Poland;YES
TRX-1083036;2026-05-13;0,0;Vendor_17;China;YES
TRX-1083056;2026-07-31;0,0;Vendor_44;Poland;YES
TRX-1083057;2026-05-24;173,1;UNKNOWN;UNKNOWN;YES
TRX-1083088;2026-01-12;1183,04;UNKNOWN;UNKNOWN;YES
TRX-1083092;2026-03-26;0,0;Vendor_18;China;YES
TRX-1083098;2026-03-22;0,0;Vendor_50;Poland;YES
TRX-1083099;2026-06-14;0,0;Vendor_31;Netherlands;YES
TRX-1083119;2026-03-29;0,0;Vendor_6;China;YES
TRX-1083123;2026-02-20;0,0;Vendor_21;Germany;YES
TRX-1083125;2026-06-15;0,0;Vendor_39;Poland;YES
TRX-1083136;;0,0;Vendor_38;China;YES
TRX-1083140;2026-04-29;0,0;Vendor_42;Germany;YES
TRX-1083147;2026-03-25;0,0;Vendor_29;Netherlands;YES
TRX-1083159;2026-06-26;0,0;Vendor_5;Poland;YES
TRX-1083170;2026-03-24;862,52;UNKNOWN;UNKNOWN;YES
TRX-1083172;2026-06-05;0,0;Vendor_28;Netherlands;YES
TRX-1083175;2026-01-27;0,0;Vendor_6;China;YES
TRX-1083177;2026-03-13;0,0;Vendor_49;Poland;YES
TRX-1083182;2026-07-27;0,0;Vendor_24;Germany;YES
TRX-1083189;2026-02-28;0,0;UNKNOWN;UNKNOWN;YES
TRX-1083200;2026-09-07;968,91;UNKNOWN;UNKNOWN;YES
TRX-1083207;2026-02-25;0,0;Vendor_42;Germany;YES
TRX-1083213;2026-04-12;872,44;UNKNOWN;UNKNOWN;YES
TRX-1083219;2026-04-02;0,0;Vendor_39;Poland;YES
TRX-1083221;2026-05-08;0,0;Vendor_16;Netherlands;YES
TRX-1083236;2026-07-07;412,54;UNKNOWN;UNKNOWN;YES
TRX-1083237;2026-06-22;0,0;Vendor_19;Netherlands;YES
TRX-1083252;2026-08-20;213,68;UNKNOWN;UNKNOWN;YES
TRX-1083253;2026-02-19;0,0;Vendor_33;Poland;YES
TRX-1083259;2026-08-18;0,0;Vendor_36;Poland;YES
TRX-1083260;2026-09-06;0,0;Vendor_40;China;YES
TRX-1083261;2026-08-01;0,0;Vendor_7;China;YES
TRX-1083268;2026-04-19;848,68;UNKNOWN;UNKNOWN;YES
TRX-1083287;2026-04-23;96,02;UNKNOWN;UNKNOWN;YES
TRX-1083292;2026-01-08;0,0;Vendor_4;Netherlands;YES
TRX-1083294;2026-08-07;0,0;Vendor_3;Poland;YES
TRX-1083317;2026-07-19;184,79;UNKNOWN;UNKNOWN;YES
TRX-1083318;2026-02-25;0,0;Vendor_13;Netherlands;YES
TRX-1083330;2026-02-07;0,0;Vendor_29;Netherlands;YES
TRX-1083341;;0,0;Vendor_25;China;YES
TRX-1083356;2026-05-24;0,0;Vendor_26;Netherlands;YES
TRX-1083369;2026-02-23;0,0;Vendor_15;Germany;YES
TRX-1083384;2026-02-14;0,0;Vendor_17;China;YES
TRX-1083394;2026-05-19;256,04;UNKNOWN;UNKNOWN;YES
TRX-1083402;2026-08-08;1065,39;UNKNOWN;UNKNOWN;YES
TRX-1083409;2026-03-09;1125,24;UNKNOWN;UNKNOWN;YES
TRX-1083419;2026-04-13;0,0;Vendor_5;Poland;YES
TRX-1083421;2026-04-15;0,0;Vendor_39;Poland;YES
TRX-1083428;2026-07-20;0,0;Vendor_50;Poland;YES
TRX-1083453;2026-09-07;0,0;Vendor_31;Netherlands;YES
TRX-1083463;2026-05-05;398,11;UNKNOWN;UNKNOWN;YES
TRX-1083464;2026-02-11;0,0;Vendor_12;Netherlands;YES
TRX-1083472;2026-01-05;311,65;UNKNOWN;UNKNOWN;YES
TRX-1083479;2026-03-04;0,0;Vendor_29;Netherlands;YES
TRX-1083485;2026-03-06;0,0;Vendor_27;Poland;YES
TRX-1083501;2026-05-05;0,0;Vendor_16;Netherlands;YES
TRX-1083506;2026-03-23;0,0;Vendor_31;Netherlands;YES
TRX-1083507;2026-08-22;0,0;Vendor_10;China;YES
TRX-1083518;2026-02-27;0,0;Vendor_40;China;YES
TRX-1083539;2026-01-14;0,0;Vendor_40;China;YES
TRX-1083540;2026-07-27;0,0;Vendor_40;China;YES
TRX-1083543;2026-06-19;586,75;UNKNOWN;UNKNOWN;YES
TRX-1083547;2026-09-06;0,0;Vendor_30;Netherlands;YES
TRX-1083549;2026-07-29;0,0;Vendor_26;Netherlands;YES
TRX-1083554;2026-07-01;1377,61;UNKNOWN;UNKNOWN;YES
TRX-1083566;2026-02-13;0,0;Vendor_43;Netherlands;YES
TRX-1083571;;0,0;Vendor_11;Germany;YES
TRX-1083574;2026-02-15;808,14;UNKNOWN;UNKNOWN;YES
TRX-1083585;2026-03-11;0,0;Vendor_34;China;YES
TRX-1083587;2026-04-22;0,0;Vendor_45;Poland;YES
TRX-1083605;2026-04-26;0,0;Vendor_17;China;YES
TRX-1083613;2026-03-19;0,0;Vendor_48;Netherlands;YES
TRX-1083615;2026-04-29;0,0;Vendor_26;Netherlands;YES
TRX-1083630;2026-05-06;0,0;Vendor_11;Germany;YES
TRX-1083634;2026-01-21;112,52;UNKNOWN;UNKNOWN;YES
TRX-1083641;2026-05-01;0,0;Vendor_44;Poland;YES
TRX-1083644;2026-08-05;800,27;UNKNOWN;UNKNOWN;YES
TRX-1083645;2026-01-27;0,0;Vendor_21;Germany;YES
TRX-1083657;2026-07-07;0,0;Vendor_32;Germany;YES
TRX-1083696;2026-01-13;0,0;UNKNOWN;UNKNOWN;YES
TRX-1083698;2026-05-24;0,0;Vendor_39;Poland;YES
TRX-1083700;2026-02-09;0,0;Vendor_49;Poland;YES
TRX-1083705;2026-07-29;0,0;Vendor_10;China;YES
TRX-1083712;2026-03-26;0,0;Vendor_36;Poland;YES
TRX-1083717;2026-04-25;0,0;Vendor_22;Germany;YES
TRX-1083728;2026-01-19;0,0;Vendor_43;Netherlands;YES
TRX-1083736;2026-08-15;0,0;Vendor_30;Netherlands;YES
TRX-1083746;;0,0;Vendor_33;Poland;YES
TRX-1083748;2026-04-10;0,0;Vendor_26;Netherlands;YES
TRX-1083758;2026-03-19;30,4;UNKNOWN;UNKNOWN;YES
TRX-1083759;2026-07-03;0,0;Vendor_1;Germany;YES
TRX-1083766;2026-04-17;0,0;Vendor_12;Netherlands;YES
TRX-1083768;2026-03-30;1190,72;UNKNOWN;UNKNOWN;YES
TRX-1083769;2026-07-15;0,0;Vendor_45;Poland;YES
TRX-1083782;2026-06-02;411,61;UNKNOWN;UNKNOWN;YES
TRX-1083784;;609,17;UNKNOWN;UNKNOWN;YES
TRX-1083794;2026-05-11;23,67;UNKNOWN;UNKNOWN;YES
TRX-1083797;2026-02-06;0,0;Vendor_30;Netherlands;YES
TRX-1083798;;701,46;UNKNOWN;UNKNOWN;YES
TRX-1083803;2026-03-15;0,0;Vendor_13;Netherlands;YES
TRX-1083804;2026-05-26;782,16;UNKNOWN;UNKNOWN;YES
TRX-1083809;2026-08-28;0,0;Vendor_28;Netherlands;YES
TRX-1083829;2026-08-07;0,0;Vendor_3;Poland;YES
TRX-1083831;2026-03-06;0,0;Vendor_47;Netherlands;YES
TRX-1083842;2026-03-29;0,0;Vendor_37;China;YES
TRX-1083866;2026-07-29;0,0;Vendor_23;Poland;YES
TRX-1083871;2026-06-21;0,0;Vendor_16;Netherlands;YES
TRX-1083873;2026-05-30;0,0;Vendor_39;Poland;YES
TRX-1083881;2026-04-21;0,0;Vendor_31;Netherlands;YES
TRX-1083886;2026-03-19;0,0;Vendor_30;Netherlands;YES
TRX-1083895;2026-06-17;0,0;Vendor_27;Poland;YES
TRX-1083899;2026-05-25;0,0;Vendor_23;Poland;YES
TRX-1083902;2026-08-26;87,3;UNKNOWN;UNKNOWN;YES
TRX-1083903;;0,0;Vendor_22;Germany;YES
TRX-1083907;2026-07-12;0,0;UNKNOWN;UNKNOWN;YES
TRX-1083923;2026-02-12;0,0;Vendor_50;Poland;YES
TRX-1083926;2026-03-20;0,0;Vendor_19;Netherlands;YES
TRX-1083931;2026-08-03;0,0;Vendor_26;Netherlands;YES
TRX-1083932;2026-05-27;0,0;Vendor_24;Germany;YES
TRX-1083942;2026-06-04;0,0;Vendor_16;Netherlands;YES
TRX-1083945;2026-01-23;0,0;Vendor_2;China;YES
TRX-1083948;2026-07-31;1479,54;UNKNOWN;UNKNOWN;YES
TRX-1083959;2026-02-01;0,0;Vendor_50;Poland;YES
TRX-1083965;2026-08-13;835,11;UNKNOWN;UNKNOWN;YES
TRX-1083967;2026-03-02;0,0;Vendor_7;China;YES
TRX-1083980;2026-08-05;806,62;UNKNOWN;UNKNOWN;YES
TRX-1083981;2026-02-19;0,0;Vendor_48;Netherlands;YES
TRX-1083984;2026-05-05;0,0;Vendor_38;China;YES
TRX-1083988;2026-08-01;0,0;Vendor_10;China;YES
TRX-1083992;2026-03-30;0,0;Vendor_14;China;YES
TRX-1083993;2026-05-25;0,0;Vendor_26;Netherlands;YES
TRX-1083996;2026-04-19;0,0;Vendor_34;China;YES
TRX-1084001;2026-08-03;0,0;Vendor_23;Poland;YES
TRX-1084003;2026-02-07;0,0;Vendor_26;Netherlands;YES
TRX-1084006;2026-06-29;0,0;Vendor_6;China;YES
TRX-1084017;2026-03-31;1478,42;UNKNOWN;UNKNOWN;YES
TRX-1084019;2026-06-02;0,0;Vendor_39;Poland;YES
TRX-1084027;2026-05-10;0,0;Vendor_4;Netherlands;YES
TRX-1084042;2026-06-23;784,1;UNKNOWN;UNKNOWN;YES
TRX-1084044;2026-05-22;0,0;Vendor_50;Poland;YES
TRX-1084047;2026-04-12;0,0;Vendor_26;Netherlands;YES
TRX-1084052;2026-03-29;653,1;UNKNOWN;UNKNOWN;YES
TRX-1084056;2026-09-06;0,0;Vendor_46;Poland;YES
TRX-1084061;2026-02-05;0,0;Vendor_6;China;YES
TRX-1084062;2026-08-14;0,0;Vendor_20;Netherlands;YES
TRX-1084072;2026-05-25;0,0;Vendor_1;Germany;YES
TRX-1084074;2026-06-12;1419,63;UNKNOWN;UNKNOWN;YES
TRX-1084077;2026-07-30;224,99;UNKNOWN;UNKNOWN;YES
TRX-1084090;2026-05-18;0,0;Vendor_13;Netherlands;YES
TRX-1084097;2026-04-12;41,62;UNKNOWN;UNKNOWN;YES
TRX-1084100;2026-05-12;1444,13;UNKNOWN;UNKNOWN;YES
TRX-1084114;;0,0;Vendor_21;Germany;YES
TRX-1084123;2026-06-06;387,89;UNKNOWN;UNKNOWN;YES
TRX-1084134;2026-05-17;0,0;Vendor_37;China;YES
TRX-1084140;2026-09-01;0,0;Vendor_13;Netherlands;YES
TRX-1084147;2026-06-22;0,0;Vendor_24;Germany;YES
TRX-1084150;2026-06-09;1358,56;UNKNOWN;UNKNOWN;YES
TRX-1084151;2026-07-05;0,0;Vendor_29;Netherlands;YES
TRX-1084155;2026-09-04;168,48;UNKNOWN;UNKNOWN;YES
TRX-1084157;2026-08-29;0,0;Vendor_17;China;YES
TRX-1084161;2026-07-03;0,0;Vendor_17;China;YES
TRX-1084175;2026-08-15;0,0;Vendor_41;Germany;YES
TRX-1084176;2026-09-02;534,0;UNKNOWN;UNKNOWN;YES
TRX-1084180;2026-02-02;0,0;Vendor_15;Germany;YES
TRX-1084195;2026-07-31;0,0;Vendor_6;China;YES
TRX-1084198;2026-02-11;0,0;Vendor_21;Germany;YES
TRX-1084202;2026-08-17;1087,65;UNKNOWN;UNKNOWN;YES
TRX-1084212;2026-06-30;0,0;Vendor_23;Poland;YES
TRX-1084213;2026-02-18;0,0;Vendor_44;Poland;YES
TRX-1084214;2026-01-06;1265,94;UNKNOWN;UNKNOWN;YES
TRX-1084228;2026-08-14;0,0;Vendor_29;Netherlands;YES
TRX-1084235;2026-02-17;0,0;Vendor_42;Germany;YES
TRX-1084245;2026-09-05;0,0;Vendor_21;Germany;YES
TRX-1084246;2026-01-14;1201,66;UNKNOWN;UNKNOWN;YES
TRX-1084256;2026-03-16;0,0;Vendor_30;Netherlands;YES
TRX-1084267;2026-07-28;0,0;Vendor_19;Netherlands;YES
TRX-1084268;2026-02-22;0,0;Vendor_3;Poland;YES
TRX-1084269;2026-06-27;0,0;Vendor_46;Poland;YES
TRX-1084270;2026-06-15;675,49;UNKNOWN;UNKNOWN;YES
TRX-1084275;2026-06-26;233,24;UNKNOWN;UNKNOWN;YES
TRX-1084280;2026-03-28;1240,3;UNKNOWN;UNKNOWN;YES
TRX-1084281;2026-07-10;950,86;UNKNOWN;UNKNOWN;YES
TRX-1084303;2026-01-17;0,0;Vendor_42;Germany;YES
TRX-1084309;2026-02-16;976,87;UNKNOWN;UNKNOWN;YES
TRX-1084319;2026-02-01;0,0;Vendor_12;Netherlands;YES
TRX-1084320;2026-06-21;413,07;UNKNOWN;UNKNOWN;YES
TRX-1084335;2026-01-13;0,0;Vendor_36;Poland;YES
TRX-1084336;2026-04-07;0,0;Vendor_20;Netherlands;YES
TRX-1084354;2026-07-19;0,0;Vendor_15;Germany;YES
TRX-1084355;2026-07-28;0,0;Vendor_2;China;YES
TRX-1084363;2026-08-30;618,85;UNKNOWN;UNKNOWN;YES
TRX-1084364;2026-03-24;0,0;Vendor_7;China;YES
TRX-1084365;2026-07-18;0,0;Vendor_21;Germany;YES
TRX-1084368;2026-08-18;1411,15;UNKNOWN;UNKNOWN;YES
TRX-1084372;2026-08-10;0,0;Vendor_45;Poland;YES
TRX-1084384;2026-09-06;309,49;UNKNOWN;UNKNOWN;YES
TRX-1084391;2026-03-05;231,52;UNKNOWN;UNKNOWN;YES
TRX-1084394;2026-08-20;592,33;UNKNOWN;UNKNOWN;YES
TRX-1084397;2026-02-24;0,0;Vendor_4;Netherlands;YES
TRX-1084405;2026-07-12;0,0;Vendor_15;Germany;YES
TRX-1084406;2026-04-20;0,0;Vendor_37;China;YES
TRX-1084409;2026-07-14;0,0;Vendor_36;Poland;YES
TRX-1084413;2026-05-29;0,0;Vendor_30;Netherlands;YES
TRX-1084417;2026-07-06;0,0;Vendor_6;China;YES
TRX-1084428;2026-02-21;0,0;Vendor_15;Germany;YES
TRX-1084431;2026-09-05;0,0;Vendor_39;Poland;YES
TRX-1084440;2026-01-18;152,43;UNKNOWN;UNKNOWN;YES
TRX-1084442;2026-06-30;0,0;Vendor_30;Netherlands;YES
TRX-1084459;2026-03-09;0,0;Vendor_24;Germany;YES
TRX-1084463;2026-04-09;1393,15;UNKNOWN;UNKNOWN;YES
TRX-1084465;2026-01-10;0,0;Vendor_7;China;YES
TRX-1084470;2026-04-12;0,0;Vendor_41;Germany;YES
TRX-1084487;2026-09-03;0,0;Vendor_47;Netherlands;YES
TRX-1084494;2026-08-08;304,9;UNKNOWN;UNKNOWN;YES
TRX-1084496;2026-05-30;357,67;UNKNOWN;UNKNOWN;YES
TRX-1084509;2026-01-15;0,0;Vendor_50;Poland;YES
TRX-1084511;2026-08-08;0,0;Vendor_36;Poland;YES
TRX-1084515;2026-04-04;0,0;Vendor_44;Poland;YES
TRX-1084518;2026-02-20;872,57;UNKNOWN;UNKNOWN;YES
TRX-1084523;2026-03-09;0,0;Vendor_39;Poland;YES
TRX-1084528;2026-04-05;0,0;Vendor_24;Germany;YES
TRX-1084529;2026-06-07;0,0;Vendor_6;China;YES
TRX-1084532;2026-01-18;0,0;Vendor_20;Netherlands;YES
TRX-1084535;2026-09-06;0,0;Vendor_17;China;YES
TRX-1084541;2026-04-05;0,0;Vendor_3;Poland;YES
TRX-1084542;2026-06-01;326,93;UNKNOWN;UNKNOWN;YES
TRX-1084550;2026-07-15;0,0;Vendor_2;China;YES
TRX-1084553;2026-06-21;1460,06;UNKNOWN;UNKNOWN;YES
TRX-1084562;2026-06-03;0,0;Vendor_13;Netherlands;YES
TRX-1084567;2026-08-29;827,16;UNKNOWN;UNKNOWN;YES
TRX-1084568;2026-07-06;366,12;UNKNOWN;UNKNOWN;YES
TRX-1084577;2026-02-19;0,0;Vendor_45;Poland;YES
TRX-1084586;2026-08-27;0,0;UNKNOWN;UNKNOWN;YES
TRX-1084599;2026-07-23;0,0;Vendor_11;Germany;YES
TRX-1084614;2026-01-18;896,64;UNKNOWN;UNKNOWN;YES
TRX-1084630;2026-04-20;0,0;Vendor_7;China;YES
TRX-1084650;2026-02-05;0,0;Vendor_30;Netherlands;YES
TRX-1084651;2026-02-14;0,0;Vendor_16;Netherlands;YES
TRX-1084654;2026-05-06;0,0;Vendor_12;Netherlands;YES
TRX-1084657;2026-06-11;0,0;Vendor_36;Poland;YES
TRX-1084670;2026-08-23;1378,06;UNKNOWN;UNKNOWN;YES
TRX-1084679;2026-08-26;0,0;Vendor_15;Germany;YES
TRX-1084681;2026-07-14;0,0;Vendor_38;China;YES
TRX-1084682;2026-05-08;0,0;Vendor_36;Poland;YES
TRX-1084687;2026-03-11;0,0;Vendor_40;China;YES
TRX-1084690;2026-07-07;0,0;Vendor_32;Germany;YES
TRX-1084691;2026-03-28;243,81;UNKNOWN;UNKNOWN;YES
TRX-1084697;2026-05-11;0,0;Vendor_20;Netherlands;YES
TRX-1084700;2026-02-21;1442,33;UNKNOWN;UNKNOWN;YES
TRX-1084702;2026-03-26;0,0;Vendor_21;Germany;YES
TRX-1084716;2026-06-15;695,14;UNKNOWN;UNKNOWN;YES
TRX-1084722;2026-02-12;0,0;Vendor_23;Poland;YES
TRX-1084730;2026-01-01;247,92;UNKNOWN;UNKNOWN;YES
TRX-1084747;2026-06-07;0,0;Vendor_45;Poland;YES
TRX-1084755;2026-01-04;0,0;Vendor_14;China;YES
TRX-1084764;2026-02-07;0,0;Vendor_40;China;YES
TRX-1084768;2026-05-03;0,0;Vendor_10;China;YES
TRX-1084770;2026-05-22;0,0;Vendor_4;Netherlands;YES
TRX-1084771;2026-05-18;283,85;UNKNOWN;UNKNOWN;YES
TRX-1084773;2026-08-26;0,0;Vendor_30;Netherlands;YES
TRX-1084777;2026-01-17;0,0;Vendor_33;Poland;YES
TRX-1084780;2026-03-25;517,27;UNKNOWN;UNKNOWN;YES
TRX-1084801;2026-09-07;0,0;Vendor_20;Netherlands;YES
TRX-1084812;;0,0;Vendor_40;China;YES
TRX-1084816;2026-05-22;0,0;Vendor_35;Poland;YES
TRX-1084832;2026-04-09;1483,74;UNKNOWN;UNKNOWN;YES
TRX-1084834;2026-05-12;0,0;Vendor_46;Poland;YES
TRX-1084836;2026-08-19;0,0;Vendor_20;Netherlands;YES
TRX-1084857;2026-03-23;628,8;UNKNOWN;UNKNOWN;YES
TRX-1084867;2026-02-11;1234,21;UNKNOWN;UNKNOWN;YES
TRX-1084879;2026-04-22;0,0;Vendor_22;Germany;YES
TRX-1084885;2026-06-06;0,0;Vendor_46;Poland;YES
TRX-1084892;2026-08-31;598,98;UNKNOWN;UNKNOWN;YES
TRX-1084898;2026-02-13;0,0;Vendor_48;Netherlands;YES
TRX-1084901;2026-06-03;0,0;Vendor_41;Germany;YES
TRX-1084910;;0,0;Vendor_31;Netherlands;YES
TRX-1084926;2026-01-19;0,0;Vendor_2;China;YES
TRX-1084932;2026-02-08;0,0;Vendor_39;Poland;YES
TRX-1084937;;0,0;Vendor_5;Poland;YES
TRX-1084958;2026-07-31;0,0;Vendor_10;China;YES
TRX-1084959;2026-07-17;0,0;Vendor_48;Netherlands;YES
TRX-1084964;2026-05-29;0,0;Vendor_37;China;YES
TRX-1084981;2026-03-17;154,49;UNKNOWN;UNKNOWN;YES
TRX-1085001;2026-02-22;870,16;UNKNOWN;UNKNOWN;YES
TRX-1085012;2026-07-20;1134,64;UNKNOWN;UNKNOWN;YES
TRX-1085013;2026-02-05;734,83;UNKNOWN;UNKNOWN;YES
TRX-1085030;2026-01-20;0,0;Vendor_13;Netherlands;YES
TRX-1085033;2026-03-11;0,0;Vendor_8;Germany;YES
TRX-1085034;2026-01-06;0,0;Vendor_21;Germany;YES
TRX-1085037;2026-03-19;0,0;Vendor_16;Netherlands;YES
TRX-1085047;2026-08-07;0,0;Vendor_48;Netherlands;YES
TRX-1085048;2026-06-25;0,0;Vendor_23;Poland;YES
TRX-1085066;2026-03-28;260,84;UNKNOWN;UNKNOWN;YES
TRX-1085076;2026-01-07;0,0;Vendor_1;Germany;YES
TRX-1085077;2026-07-28;1140,93;UNKNOWN;UNKNOWN;YES
TRX-1085080;2026-01-18;0,0;Vendor_24;Germany;YES
TRX-1085081;2026-02-27;1457,02;UNKNOWN;UNKNOWN;YES
TRX-1085082;2026-07-13;0,0;Vendor_49;Poland;YES
TRX-1085084;2026-05-14;0,0;Vendor_11;Germany;YES
TRX-1085090;2026-02-18;786,65;UNKNOWN;UNKNOWN;YES
TRX-1085094;2026-07-26;1028,6;UNKNOWN;UNKNOWN;YES
TRX-1085096;;0,0;Vendor_31;Netherlands;YES
TRX-1085100;2026-02-26;0,0;Vendor_15;Germany;YES
TRX-1085102;2026-03-19;394,02;UNKNOWN;UNKNOWN;YES
TRX-1085120;2026-01-27;0,0;Vendor_12;Netherlands;YES
TRX-1085124;2026-02-14;1216,94;UNKNOWN;UNKNOWN;YES
TRX-1085140;;0,0;Vendor_28;Netherlands;YES
TRX-1085142;2026-02-13;0,0;Vendor_10;China;YES
TRX-1085143;2026-07-05;155,2;UNKNOWN;UNKNOWN;YES
TRX-1085147;2026-08-11;0,0;Vendor_44;Poland;YES
TRX-1085152;2026-05-22;683,25;UNKNOWN;UNKNOWN;YES
TRX-1085159;2026-04-07;0,0;Vendor_18;China;YES
TRX-1085166;;431,12;UNKNOWN;UNKNOWN;YES
TRX-1085171;2026-06-16;1024,2;UNKNOWN;UNKNOWN;YES
TRX-1085186;2026-04-25;0,0;Vendor_12;Netherlands;YES
TRX-1085195;2026-03-01;857,49;UNKNOWN;UNKNOWN;YES
TRX-1085200;2026-05-01;0,0;Vendor_3;Poland;YES
TRX-1085206;;0,0;Vendor_35;Poland;YES
TRX-1085209;2026-05-11;0,0;Vendor_11;Germany;YES
TRX-1085232;2026-08-27;0,0;Vendor_18;China;YES
TRX-1085234;2026-02-15;0,0;Vendor_24;Germany;YES
TRX-1085251;2026-05-05;0,0;Vendor_25;China;YES
TRX-1085264;;844,01;UNKNOWN;UNKNOWN;YES
TRX-1085266;;638,39;UNKNOWN;UNKNOWN;YES
TRX-1085267;2026-07-17;0,0;UNKNOWN;UNKNOWN;YES
TRX-1085280;;0,0;Vendor_1;Germany;YES
TRX-1085312;2026-07-31;0,0;Vendor_29;Netherlands;YES
TRX-1085320;2026-07-02;0,0;Vendor_7;China;YES
TRX-1085324;2026-01-05;0,0;Vendor_19;Netherlands;YES
TRX-1085325;2026-02-23;0,0;Vendor_15;Germany;YES
TRX-1085331;2026-04-29;0,0;Vendor_20;Netherlands;YES
TRX-1085340;2026-04-01;0,0;Vendor_13;Netherlands;YES
TRX-1085349;2026-08-26;0,0;Vendor_36;Poland;YES
TRX-1085356;2026-01-18;0,0;Vendor_44;Poland;YES
TRX-1085359;2026-03-14;0,0;Vendor_25;China;YES
TRX-1085362;2026-03-20;0,0;Vendor_47;Netherlands;YES
TRX-1085391;2026-03-13;0,0;Vendor_18;China;YES
TRX-1085398;2026-08-14;0,0;Vendor_46;Poland;YES
TRX-1085401;2026-07-05;311,42;UNKNOWN;UNKNOWN;YES
TRX-1085403;2026-01-22;0,0;Vendor_20;Netherlands;YES
TRX-1085406;2026-05-17;0,0;Vendor_12;Netherlands;YES
TRX-1085431;2026-05-15;0,0;Vendor_49;Poland;YES
TRX-1085444;2026-02-02;0,0;Vendor_42;Germany;YES
TRX-1085461;2026-07-14;855,38;UNKNOWN;UNKNOWN;YES
TRX-1085465;2026-01-05;0,0;Vendor_20;Netherlands;YES
TRX-1085467;2026-07-28;0,0;Vendor_5;Poland;YES
TRX-1085471;2026-08-02;1208,52;UNKNOWN;UNKNOWN;YES
TRX-1085480;2026-01-31;0,0;Vendor_39;Poland;YES
TRX-1085484;2026-05-17;777,65;UNKNOWN;UNKNOWN;YES
TRX-1085486;2026-06-28;0,0;Vendor_15;Germany;YES
TRX-1085493;2026-01-23;654,73;UNKNOWN;UNKNOWN;YES
TRX-1085494;2026-08-30;621,57;UNKNOWN;UNKNOWN;YES
TRX-1085537;;0,0;Vendor_45;Poland;YES
TRX-1085543;2026-02-17;0,0;Vendor_46;Poland;YES
TRX-1085547;2026-07-23;0,0;Vendor_2;China;YES
TRX-1085550;2026-04-30;0,0;Vendor_5;Poland;YES
TRX-1085551;2026-01-08;653,67;UNKNOWN;UNKNOWN;YES
TRX-1085552;2026-07-29;0,0;Vendor_17;China;YES
TRX-1085557;2026-05-21;0,0;UNKNOWN;UNKNOWN;YES
TRX-1085569;2026-07-23;295,63;UNKNOWN;UNKNOWN;YES
TRX-1085578;2026-07-19;1313,85;UNKNOWN;UNKNOWN;YES
TRX-1085580;2026-06-14;952,86;UNKNOWN;UNKNOWN;YES
TRX-1085582;;0,0;Vendor_3;Poland;YES
TRX-1085589;2026-03-09;0,0;Vendor_10;China;YES
TRX-1085597;;428,71;UNKNOWN;UNKNOWN;YES
TRX-1085602;2026-04-24;0,0;Vendor_32;Germany;YES
TRX-1085605;2026-04-17;0,0;Vendor_37;China;YES
TRX-1085607;2026-06-07;697,66;UNKNOWN;UNKNOWN;YES
TRX-1085609;2026-02-01;814,02;UNKNOWN;UNKNOWN;YES
TRX-1085610;2026-04-13;824,81;UNKNOWN;UNKNOWN;YES
TRX-1085613;2026-08-28;146,95;UNKNOWN;UNKNOWN;YES
TRX-1085616;2026-02-25;0,0;Vendor_3;Poland;YES
TRX-1085618;2026-02-23;0,0;Vendor_2;China;YES
TRX-1085648;2026-01-02;0,0;Vendor_27;Poland;YES
TRX-1085655;2026-06-19;514,24;UNKNOWN;UNKNOWN;YES
TRX-1085657;2026-02-18;946,05;UNKNOWN;UNKNOWN;YES
TRX-1085659;2026-04-15;0,0;Vendor_35;Poland;YES
TRX-1085661;2026-02-14;1449,47;UNKNOWN;UNKNOWN;YES
TRX-1085663;2026-05-22;0,0;Vendor_40;China;YES
TRX-1085666;2026-07-20;0,0;Vendor_9;China;YES
TRX-1085669;2026-09-07;0,0;Vendor_39;Poland;YES
TRX-1085671;2026-06-11;749,95;UNKNOWN;UNKNOWN;YES
TRX-1085673;2026-07-20;221,33;UNKNOWN;UNKNOWN;YES
TRX-1085681;2026-05-27;956,56;UNKNOWN;UNKNOWN;YES
TRX-1085687;2026-08-21;519,06;UNKNOWN;UNKNOWN;YES
TRX-1085704;2026-07-16;502,43;UNKNOWN;UNKNOWN;YES
TRX-1085709;2026-05-02;0,0;Vendor_38;China;YES
TRX-1085710;2026-04-23;0,0;Vendor_22;Germany;YES
TRX-1085718;2026-08-26;0,0;Vendor_43;Netherlands;YES
TRX-1085723;2026-07-29;1394,98;UNKNOWN;UNKNOWN;YES
TRX-1085727;2026-05-19;0,0;Vendor_6;China;YES
TRX-1085738;2026-04-28;415,81;UNKNOWN;UNKNOWN;YES
TRX-1085743;2026-05-21;0,0;Vendor_5;Poland;YES
TRX-1085746;2026-01-07;1447,39;UNKNOWN;UNKNOWN;YES
TRX-1085754;2026-08-31;0,0;Vendor_12;Netherlands;YES
TRX-1085762;2026-06-24;0,0;Vendor_36;Poland;YES
TRX-1085766;2026-08-24;857,7;UNKNOWN;UNKNOWN;YES
TRX-1085767;2026-07-15;313,17;UNKNOWN;UNKNOWN;YES
TRX-1085768;2026-06-15;0,0;Vendor_20;Netherlands;YES
TRX-1085769;2026-06-02;99,98;UNKNOWN;UNKNOWN;YES
TRX-1085782;2026-06-21;0,0;Vendor_34;China;YES
TRX-1085785;2026-08-27;0,0;Vendor_8;Germany;YES
TRX-1085787;2026-05-03;0,0;Vendor_40;China;YES
TRX-1085789;2026-02-22;0,0;Vendor_4;Netherlands;YES
TRX-1085790;2026-03-08;402,07;UNKNOWN;UNKNOWN;YES
TRX-1085793;2026-04-10;0,0;Vendor_7;China;YES
TRX-1085798;2026-02-27;0,0;Vendor_49;Poland;YES
TRX-1085801;2026-07-19;0,0;Vendor_14;China;YES
TRX-1085803;2026-03-16;591,51;UNKNOWN;UNKNOWN;YES
TRX-1085808;2026-07-02;0,0;Vendor_31;Netherlands;YES
TRX-1085810;2026-02-03;0,0;Vendor_22;Germany;YES
TRX-1085819;2026-03-12;0,0;Vendor_14;China;YES
TRX-1085820;2026-02-23;0,0;Vendor_23;Poland;YES
TRX-1085827;2026-03-20;0,0;Vendor_17;China;YES
TRX-1085834;2026-07-24;289,77;UNKNOWN;UNKNOWN;YES
TRX-1085855;2026-03-27;0,0;Vendor_38;China;YES
TRX-1085858;2026-08-23;796,46;UNKNOWN;UNKNOWN;YES
TRX-1085859;2026-03-17;0,0;Vendor_33;Poland;YES
TRX-1085862;2026-01-30;0,0;UNKNOWN;UNKNOWN;YES
TRX-1085876;2026-06-26;497,19;UNKNOWN;UNKNOWN;YES
TRX-1085883;2026-08-24;0,0;Vendor_23;Poland;YES
TRX-1085884;2026-06-21;0,0;Vendor_19;Netherlands;YES
TRX-1085903;2026-02-17;0,0;Vendor_5;Poland;YES
TRX-1085912;2026-01-07;0,0;Vendor_26;Netherlands;YES
TRX-1085914;2026-01-13;0,0;Vendor_13;Netherlands;YES
TRX-1085920;2026-02-02;0,0;Vendor_17;China;YES
TRX-1085922;2026-07-26;709,17;UNKNOWN;UNKNOWN;YES
TRX-1085928;2026-04-30;1277,44;UNKNOWN;UNKNOWN;YES
TRX-1085949;2026-06-07;0,0;Vendor_10;China;YES
TRX-1085952;2026-02-11;0,0;Vendor_8;Germany;YES
TRX-1085964;2026-06-02;0,0;Vendor_5;Poland;YES
TRX-1085975;2026-01-16;361,89;UNKNOWN;UNKNOWN;YES
TRX-1085997;2026-06-20;345,45;UNKNOWN;UNKNOWN;YES
TRX-1086000;2026-05-25;0,0;Vendor_46;Poland;YES
TRX-1086008;2026-03-03;492,48;UNKNOWN;UNKNOWN;YES
TRX-1086011;2026-08-26;0,0;Vendor_40;China;YES
TRX-1086012;2026-07-28;0,0;Vendor_19;Netherlands;YES
TRX-1086015;2026-08-29;0,0;Vendor_8;Germany;YES
TRX-1086020;2026-03-27;0,0;Vendor_34;China;YES
TRX-1086023;2026-08-12;750,19;UNKNOWN;UNKNOWN;YES
TRX-1086035;2026-02-11;104,58;UNKNOWN;UNKNOWN;YES
TRX-1086039;2026-06-13;0,0;Vendor_50;Poland;YES
TRX-1086040;2026-07-30;0,0;Vendor_10;China;YES
TRX-1086041;2026-03-06;0,0;Vendor_29;Netherlands;YES
TRX-1086042;2026-02-28;1079,03;UNKNOWN;UNKNOWN;YES
TRX-1086046;2026-05-15;0,0;Vendor_35;Poland;YES
TRX-1086057;2026-08-21;1471,6;UNKNOWN;UNKNOWN;YES
TRX-1086059;2026-02-23;0,0;Vendor_5;Poland;YES
TRX-1086066;2026-04-04;0,0;Vendor_3;Poland;YES
TRX-1086067;2026-08-16;0,0;Vendor_11;Germany;YES
TRX-1086068;;0,0;Vendor_1;Germany;YES
TRX-1086073;2026-05-01;0,0;Vendor_5;Poland;YES
TRX-1086075;2026-05-04;0,0;Vendor_44;Poland;YES
TRX-1086082;2026-05-14;0,0;Vendor_28;Netherlands;YES
TRX-1086093;2026-01-03;0,0;UNKNOWN;UNKNOWN;YES
TRX-1086095;2026-03-23;0,0;Vendor_1;Germany;YES
TRX-1086100;2026-08-21;0,0;UNKNOWN;UNKNOWN;YES
TRX-1086103;2026-08-16;611,84;UNKNOWN;UNKNOWN;YES
TRX-1086104;2026-09-08;0,0;Vendor_18;China;YES
TRX-1086106;2026-04-01;0,0;Vendor_45;Poland;YES
TRX-1086112;;0,0;Vendor_4;Netherlands;YES
TRX-1086119;2026-05-30;0,0;Vendor_35;Poland;YES
TRX-1086124;2026-01-03;0,0;Vendor_21;Germany;YES
TRX-1086134;2026-09-07;0,0;Vendor_29;Netherlands;YES
TRX-1086139;2026-01-04;1017,3;UNKNOWN;UNKNOWN;YES
TRX-1086153;2026-05-25;1257,45;UNKNOWN;UNKNOWN;YES
TRX-1086155;2026-08-17;689,09;UNKNOWN;UNKNOWN;YES
TRX-1086157;2026-02-12;0,0;Vendor_44;Poland;YES
TRX-1086171;2026-04-30;379,37;UNKNOWN;UNKNOWN;YES
TRX-1086179;2026-06-14;0,0;Vendor_26;Netherlands;YES
TRX-1086180;2026-01-15;0,0;Vendor_28;Netherlands;YES
TRX-1086182;2026-07-27;0,0;Vendor_12;Netherlands;YES
TRX-1086202;2026-05-29;0,0;Vendor_13;Netherlands;YES
TRX-1086204;2026-06-23;0,0;Vendor_2;China;YES
TRX-1086209;2026-08-05;0,0;Vendor_18;China;YES
TRX-1086214;2026-03-21;1052,29;UNKNOWN;UNKNOWN;YES
TRX-1086228;2026-01-24;0,0;Vendor_19;Netherlands;YES
TRX-1086263;2026-07-14;1093,06;UNKNOWN;UNKNOWN;YES
TRX-1086269;2026-04-13;0,0;Vendor_41;Germany;YES
TRX-1086271;2026-04-19;499,9;UNKNOWN;UNKNOWN;YES
TRX-1086287;2026-07-26;0,0;Vendor_46;Poland;YES
TRX-1086290;2026-04-15;0,0;Vendor_47;Netherlands;YES
TRX-1086301;2026-01-03;0,0;Vendor_5;Poland;YES
TRX-1086304;2026-01-02;0,0;Vendor_49;Poland;YES
TRX-1086308;2026-08-29;0,0;Vendor_28;Netherlands;YES
TRX-1086316;2026-05-29;0,0;Vendor_36;Poland;YES
TRX-1086325;2026-06-15;962,75;UNKNOWN;UNKNOWN;YES
TRX-1086348;2026-02-02;0,0;Vendor_4;Netherlands;YES
TRX-1086350;2026-08-16;869,83;UNKNOWN;UNKNOWN;YES
TRX-1086362;2026-08-16;0,0;UNKNOWN;UNKNOWN;YES
TRX-1086365;2026-01-04;0,0;Vendor_16;Netherlands;YES
TRX-1086370;2026-04-17;35,98;UNKNOWN;UNKNOWN;YES
TRX-1086371;2026-01-21;351,27;UNKNOWN;UNKNOWN;YES
TRX-1086376;2026-02-07;0,0;Vendor_7;China;YES
TRX-1086379;2026-04-12;0,0;Vendor_16;Netherlands;YES
TRX-1086380;2026-04-13;0,0;Vendor_14;China;YES
TRX-1086382;2026-02-22;802,8;UNKNOWN;UNKNOWN;YES
TRX-1086397;;0,0;Vendor_31;Netherlands;YES
TRX-1086416;2026-08-08;0,0;Vendor_35;Poland;YES
TRX-1086420;2026-04-10;0,0;Vendor_21;Germany;YES
TRX-1086422;2026-03-01;0,0;Vendor_21;Germany;YES
TRX-1086425;2026-08-25;0,0;Vendor_41;Germany;YES
TRX-1086430;2026-02-28;0,0;Vendor_42;Germany;YES
TRX-1086439;2026-01-22;0,0;Vendor_26;Netherlands;YES
TRX-1086444;2026-05-21;0,0;Vendor_8;Germany;YES
TRX-1086445;2026-09-01;0,0;Vendor_1;Germany;YES
TRX-1086448;2026-07-07;0,0;Vendor_27;Poland;YES
TRX-1086459;2026-05-30;321,18;UNKNOWN;UNKNOWN;YES
TRX-1086460;2026-04-11;117,53;UNKNOWN;UNKNOWN;YES
TRX-1086469;2026-09-04;0,0;Vendor_46;Poland;YES
TRX-1086470;2026-07-14;772,14;UNKNOWN;UNKNOWN;YES
TRX-1086472;;44,39;UNKNOWN;UNKNOWN;YES
TRX-1086481;2026-04-05;0,0;Vendor_39;Poland;YES
TRX-1086499;2026-08-04;965,51;UNKNOWN;UNKNOWN;YES
TRX-1086506;2026-03-22;1116,43;UNKNOWN;UNKNOWN;YES
TRX-1086517;2026-06-23;0,0;Vendor_21;Germany;YES
TRX-1086523;2026-04-11;0,0;Vendor_35;Poland;YES
TRX-1086528;2026-06-19;0,0;Vendor_28;Netherlands;YES
TRX-1086530;2026-07-03;0,0;Vendor_40;China;YES
TRX-1086531;2026-01-08;0,0;Vendor_3;Poland;YES
TRX-1086536;2026-04-13;0,0;Vendor_31;Netherlands;YES
TRX-1086539;2026-02-01;0,0;Vendor_20;Netherlands;YES
TRX-1086563;2026-05-31;900,98;UNKNOWN;UNKNOWN;YES
TRX-1086565;2026-08-31;0,0;Vendor_25;China;YES
TRX-1086571;2026-05-24;0,0;Vendor_5;Poland;YES
TRX-1086583;2026-02-21;0,0;Vendor_39;Poland;YES
TRX-1086587;2026-03-10;0,0;Vendor_45;Poland;YES
TRX-1086597;2026-02-16;0,0;Vendor_39;Poland;YES
TRX-1086601;2026-06-12;0,0;Vendor_13;Netherlands;YES
TRX-1086602;2026-04-17;0,0;Vendor_13;Netherlands;YES
TRX-1086607;;842,49;UNKNOWN;UNKNOWN;YES
TRX-1086611;2026-08-13;83,71;UNKNOWN;UNKNOWN;YES
TRX-1086619;;0,0;UNKNOWN;UNKNOWN;YES
TRX-1086634;2026-01-09;1227,6;UNKNOWN;UNKNOWN;YES
TRX-1086677;2026-04-16;0,0;Vendor_36;Poland;YES
TRX-1086679;2026-03-29;0,0;Vendor_28;Netherlands;YES
TRX-1086694;2026-08-11;0,0;Vendor_23;Poland;YES
TRX-1086697;2026-04-03;0,0;Vendor_2;China;YES
TRX-1086699;2026-05-15;0,0;Vendor_36;Poland;YES
TRX-1086713;;0,0;Vendor_45;Poland;YES
TRX-1086716;2026-05-25;0,0;Vendor_19;Netherlands;YES
TRX-1086720;2026-08-31;0,0;Vendor_32;Germany;YES
TRX-1086722;2026-07-05;0,0;Vendor_50;Poland;YES
TRX-1086758;2026-07-24;0,0;Vendor_18;China;YES
TRX-1086759;2026-02-10;0,0;Vendor_41;Germany;YES
TRX-1086761;;635,94;UNKNOWN;UNKNOWN;YES
TRX-1086767;2026-06-27;363,29;UNKNOWN;UNKNOWN;YES
TRX-1086792;2026-07-12;0,0;Vendor_3;Poland;YES
TRX-1086794;2026-05-20;1015,06;UNKNOWN;UNKNOWN;YES
TRX-1086805;2026-01-16;0,0;Vendor_6;China;YES
TRX-1086809;2026-05-01;0,0;Vendor_16;Netherlands;YES
TRX-1086810;2026-05-05;0,0;Vendor_11;Germany;YES
TRX-1086814;2026-05-23;939,64;UNKNOWN;UNKNOWN;YES
TRX-1086821;2026-02-26;0,0;Vendor_5;Poland;YES
TRX-1086826;2026-05-15;0,0;UNKNOWN;UNKNOWN;YES
TRX-1086833;2026-06-17;0,0;Vendor_18;China;YES
TRX-1086835;2026-01-17;717,11;UNKNOWN;UNKNOWN;YES
TRX-1086846;2026-05-05;0,0;Vendor_26;Netherlands;YES
TRX-1086847;2026-01-13;0,0;Vendor_27;Poland;YES
TRX-1086849;2026-01-03;176,74;UNKNOWN;UNKNOWN;YES
TRX-1086852;2026-01-29;0,0;Vendor_26;Netherlands;YES
TRX-1086853;2026-01-19;0,0;Vendor_44;Poland;YES
TRX-1086865;2026-01-03;1326,47;UNKNOWN;UNKNOWN;YES
TRX-1086870;2026-03-02;620,55;UNKNOWN;UNKNOWN;YES
TRX-1086874;2026-01-11;0,0;Vendor_22;Germany;YES
TRX-1086880;2026-06-12;557,5;UNKNOWN;UNKNOWN;YES
TRX-1086885;;130,87;UNKNOWN;UNKNOWN;YES
TRX-1086897;2026-01-09;0,0;Vendor_49;Poland;YES
TRX-1086898;2026-09-04;0,0;Vendor_16;Netherlands;YES
TRX-1086902;2026-01-01;486,55;UNKNOWN;UNKNOWN;YES
TRX-1086905;2026-05-20;0,0;Vendor_28;Netherlands;YES
TRX-1086917;2026-07-22;1414,17;UNKNOWN;UNKNOWN;YES
TRX-1086937;2026-08-20;0,0;Vendor_49;Poland;YES
TRX-1086938;;0,0;Vendor_48;Netherlands;YES
TRX-1086940;2026-02-10;0,0;Vendor_42;Germany;YES
TRX-1086949;2026-08-27;0,0;Vendor_16;Netherlands;YES
TRX-1086952;2026-07-21;872,41;UNKNOWN;UNKNOWN;YES
TRX-1086965;2026-01-16;0,0;Vendor_36;Poland;YES
TRX-1086971;2026-03-13;529,98;UNKNOWN;UNKNOWN;YES
TRX-1086974;2026-01-27;0,0;Vendor_19;Netherlands;YES
TRX-1086978;2026-05-28;0,0;Vendor_5;Poland;YES
TRX-1086979;2026-08-25;1045,55;UNKNOWN;UNKNOWN;YES
TRX-1086983;2026-01-28;0,0;Vendor_45;Poland;YES
TRX-1086987;2026-01-15;0,0;Vendor_19;Netherlands;YES
TRX-1086988;2026-05-29;0,0;Vendor_43;Netherlands;YES
TRX-1086990;2026-07-27;544,24;UNKNOWN;UNKNOWN;YES
TRX-1086993;2026-01-28;0,0;Vendor_26;Netherlands;YES
TRX-1086994;2026-04-14;719,87;UNKNOWN;UNKNOWN;YES
TRX-1086995;2026-07-16;926,33;UNKNOWN;UNKNOWN;YES
TRX-1086996;2026-04-11;0,0;Vendor_47;Netherlands;YES
TRX-1087012;2026-05-15;0,0;Vendor_39;Poland;YES
TRX-1087023;2026-06-23;0,0;Vendor_33;Poland;YES
TRX-1087025;2026-07-25;0,0;Vendor_15;Germany;YES
TRX-1087031;2026-08-29;759,74;UNKNOWN;UNKNOWN;YES
TRX-1087034;2026-08-10;0,0;Vendor_34;China;YES
TRX-1087037;2026-08-25;0,0;Vendor_36;Poland;YES
TRX-1087041;2026-08-25;0,0;Vendor_4;Netherlands;YES
TRX-1087054;2026-03-05;648,02;UNKNOWN;UNKNOWN;YES
TRX-1087058;2026-07-17;274,24;UNKNOWN;UNKNOWN;YES
TRX-1087059;2026-04-27;519,2;UNKNOWN;UNKNOWN;YES
TRX-1087068;2026-02-03;0,0;Vendor_14;China;YES
TRX-1087101;2026-02-14;0,0;Vendor_15;Germany;YES
TRX-1087103;2026-04-24;1440,22;UNKNOWN;UNKNOWN;YES
TRX-1087104;2026-04-19;0,0;UNKNOWN;UNKNOWN;YES
TRX-1087105;2026-03-09;541,54;UNKNOWN;UNKNOWN;YES
TRX-1087109;2026-05-24;0,0;Vendor_17;China;YES
TRX-1087121;2026-03-19;839,56;UNKNOWN;UNKNOWN;YES
TRX-1087123;2026-04-13;0,0;Vendor_43;Netherlands;YES
TRX-1087140;2026-06-03;0,0;Vendor_14;China;YES
TRX-1087141;2026-08-12;0,0;Vendor_29;Netherlands;YES
TRX-1087144;2026-06-07;1152,93;UNKNOWN;UNKNOWN;YES
TRX-1087146;2026-01-22;0,0;Vendor_19;Netherlands;YES
TRX-1087147;2026-05-27;0,0;Vendor_29;Netherlands;YES
TRX-1087156;2026-06-25;0,0;Vendor_6;China;YES
TRX-1087176;2026-03-04;0,0;Vendor_6;China;YES
TRX-1087180;2026-03-19;0,0;Vendor_19;Netherlands;YES
TRX-1087181;2026-07-20;0,0;Vendor_20;Netherlands;YES
TRX-1087193;2026-08-11;658,95;UNKNOWN;UNKNOWN;YES
TRX-1087204;2026-03-23;0,0;Vendor_49;Poland;YES
TRX-1087207;2026-07-12;0,0;Vendor_21;Germany;YES
TRX-1087210;2026-08-09;0,0;Vendor_49;Poland;YES
TRX-1087217;2026-02-13;0,0;Vendor_17;China;YES
TRX-1087221;2026-07-28;0,0;Vendor_44;Poland;YES
TRX-1087223;2026-08-04;0,0;Vendor_42;Germany;YES
TRX-1087233;2026-01-27;0,0;Vendor_38;China;YES
TRX-1087245;2026-08-12;0,0;Vendor_42;Germany;YES
TRX-1087247;2026-08-21;0,0;Vendor_49;Poland;YES
TRX-1087255;2026-02-02;519,11;UNKNOWN;UNKNOWN;YES
TRX-1087261;2026-05-18;0,0;Vendor_16;Netherlands;YES
TRX-1087264;2026-05-28;0,0;UNKNOWN;UNKNOWN;YES
TRX-1087267;;0,0;Vendor_28;Netherlands;YES
TRX-1087283;2026-06-07;0,0;Vendor_14;China;YES
TRX-1087292;2026-05-10;14,01;UNKNOWN;UNKNOWN;YES
TRX-1087293;;0,0;Vendor_30;Netherlands;YES
TRX-1087302;2026-04-13;0,0;Vendor_12;Netherlands;YES
TRX-1087311;;0,0;Vendor_50;Poland;YES
TRX-1087320;2026-09-02;0,0;Vendor_3;Poland;YES
TRX-1087325;2026-03-16;0,0;Vendor_45;Poland;YES
TRX-1087341;2026-05-01;0,0;Vendor_47;Netherlands;YES
TRX-1087352;2026-06-15;0,0;Vendor_20;Netherlands;YES
TRX-1087354;2026-01-04;0,0;Vendor_5;Poland;YES
TRX-1087356;2026-08-13;1174,51;UNKNOWN;UNKNOWN;YES
TRX-1087360;2026-04-29;0,0;Vendor_42;Germany;YES
TRX-1087362;2026-06-01;0,0;Vendor_1;Germany;YES
TRX-1087367;2026-02-28;0,0;Vendor_45;Poland;YES
TRX-1087373;2026-08-09;1034,23;UNKNOWN;UNKNOWN;YES
TRX-1087377;;0,0;Vendor_11;Germany;YES
TRX-1087383;2026-01-22;0,0;Vendor_29;Netherlands;YES
TRX-1087388;2026-01-20;0,0;Vendor_25;China;YES
TRX-1087389;2026-08-09;0,0;Vendor_8;Germany;YES
TRX-1087401;2026-03-01;0,0;Vendor_36;Poland;YES
TRX-1087410;2026-01-01;1274,33;UNKNOWN;UNKNOWN;YES
TRX-1087412;2026-04-16;0,0;UNKNOWN;UNKNOWN;YES
TRX-1087417;2026-04-16;0,0;Vendor_33;Poland;YES
TRX-1087420;2026-01-10;0,0;Vendor_16;Netherlands;YES
TRX-1087431;2026-06-23;0,0;Vendor_41;Germany;YES
TRX-1087437;2026-01-18;0,0;Vendor_47;Netherlands;YES
TRX-1087440;2026-03-28;0,0;Vendor_29;Netherlands;YES
TRX-1087445;2026-04-30;0,0;Vendor_34;China;YES
TRX-1087448;2026-08-06;0,0;Vendor_49;Poland;YES
TRX-1087466;2026-04-14;0,0;Vendor_10;China;YES
TRX-1087467;2026-08-27;710,03;UNKNOWN;UNKNOWN;YES
TRX-1087481;;0,0;Vendor_2;China;YES
TRX-1087482;2026-08-05;0,0;Vendor_1;Germany;YES
TRX-1087483;2026-05-12;0,0;Vendor_37;China;YES
TRX-1087502;2026-04-08;0,0;Vendor_7;China;YES
TRX-1087506;2026-08-10;0,0;Vendor_39;Poland;YES
TRX-1087510;2026-03-12;0,0;Vendor_29;Netherlands;YES
TRX-1087524;2026-07-30;0,0;Vendor_27;Poland;YES
TRX-1087535;2026-03-01;1359,71;UNKNOWN;UNKNOWN;YES
TRX-1087542;2026-07-14;0,0;Vendor_5;Poland;YES
TRX-1087547;;0,0;Vendor_24;Germany;YES
TRX-1087548;2026-03-21;0,0;Vendor_34;China;YES
TRX-1087565;2026-04-30;0,0;Vendor_41;Germany;YES
TRX-1087570;;0,0;Vendor_15;Germany;YES
TRX-1087574;2026-01-25;0,0;Vendor_9;China;YES
TRX-1087578;2026-04-28;795,89;UNKNOWN;UNKNOWN;YES
TRX-1087579;2026-01-20;0,0;Vendor_44;Poland;YES
TRX-1087587;2026-05-08;0,0;Vendor_20;Netherlands;YES
TRX-1087595;2026-05-30;0,0;Vendor_1;Germany;YES
TRX-1087600;2026-08-09;0,0;Vendor_27;Poland;YES
TRX-1087605;2026-08-28;0,0;UNKNOWN;UNKNOWN;YES
TRX-1087609;2026-04-23;150,57;UNKNOWN;UNKNOWN;YES
TRX-1087618;2026-03-14;0,0;Vendor_49;Poland;YES
TRX-1087625;2026-03-22;0,0;Vendor_18;China;YES
TRX-1087636;2026-07-18;0,0;Vendor_14;China;YES
TRX-1087646;2026-03-25;0,0;Vendor_24;Germany;YES
TRX-1087648;2026-02-21;0,0;Vendor_46;Poland;YES
TRX-1087651;2026-08-16;858,05;UNKNOWN;UNKNOWN;YES
TRX-1087653;2026-02-25;0,0;Vendor_1;Germany;YES
TRX-1087659;2026-06-28;0,0;Vendor_44;Poland;YES
TRX-1087667;2026-04-27;0,0;Vendor_35;Poland;YES
TRX-1087683;2026-02-05;0,0;Vendor_21;Germany;YES
TRX-1087685;2026-04-10;0,0;Vendor_44;Poland;YES
TRX-1087716;2026-09-04;0,0;Vendor_49;Poland;YES
TRX-1087739;2026-06-04;0,0;Vendor_37;China;YES
TRX-1087740;2026-01-25;0,0;Vendor_49;Poland;YES
TRX-1087748;2026-04-23;0,0;Vendor_15;Germany;YES
TRX-1087759;2026-01-21;198,06;UNKNOWN;UNKNOWN;YES
TRX-1087764;2026-06-27;985,7;UNKNOWN;UNKNOWN;YES
TRX-1087767;2026-06-08;363,37;UNKNOWN;UNKNOWN;YES
TRX-1087781;2026-07-08;0,0;Vendor_46;Poland;YES
TRX-1087790;2026-08-24;993,19;UNKNOWN;UNKNOWN;YES
TRX-1087795;2026-04-14;0,0;Vendor_27;Poland;YES
TRX-1087798;2026-02-21;0,0;Vendor_25;China;YES
TRX-1087803;2026-08-01;0,0;Vendor_5;Poland;YES
TRX-1087804;2026-04-23;673,3;UNKNOWN;UNKNOWN;YES
TRX-1087822;2026-05-12;1294,18;UNKNOWN;UNKNOWN;YES
TRX-1087826;2026-04-28;0,0;UNKNOWN;UNKNOWN;YES
TRX-1087834;;0,0;Vendor_45;Poland;YES
TRX-1087845;2026-02-02;0,0;Vendor_49;Poland;YES
TRX-1087855;2026-01-09;635,53;UNKNOWN;UNKNOWN;YES
TRX-1087861;2026-02-16;885,7;UNKNOWN;UNKNOWN;YES
TRX-1087862;2026-04-23;0,0;Vendor_12;Netherlands;YES
TRX-1087864;2026-03-26;0,0;Vendor_35;Poland;YES
TRX-1087865;2026-03-09;803,69;UNKNOWN;UNKNOWN;YES
TRX-1087866;2026-03-19;0,0;Vendor_11;Germany;YES
TRX-1087875;2026-03-10;390,79;UNKNOWN;UNKNOWN;YES
TRX-1087877;2026-05-26;0,0;Vendor_41;Germany;YES
TRX-1087878;2026-02-14;208,07;UNKNOWN;UNKNOWN;YES
TRX-1087888;2026-04-02;0,0;Vendor_3;Poland;YES
TRX-1087889;2026-05-19;1229,48;UNKNOWN;UNKNOWN;YES
TRX-1087891;2026-01-08;0,0;Vendor_40;China;YES
TRX-1087898;2026-03-21;1129,62;UNKNOWN;UNKNOWN;YES
TRX-1087900;2026-02-22;0,0;Vendor_45;Poland;YES
TRX-1087924;2026-04-01;0,0;Vendor_8;Germany;YES
TRX-1087925;2026-01-08;1193,05;UNKNOWN;UNKNOWN;YES
TRX-1087948;2026-08-05;1330,87;UNKNOWN;UNKNOWN;YES
TRX-1087959;2026-02-13;0,0;Vendor_2;China;YES
TRX-1087964;2026-08-22;0,0;Vendor_18;China;YES
TRX-1087967;2026-03-14;0,0;Vendor_14;China;YES
TRX-1087972;2026-06-28;1250,53;UNKNOWN;UNKNOWN;YES
TRX-1087974;2026-06-11;0,0;Vendor_2;China;YES
TRX-1087978;2026-05-11;0,0;Vendor_43;Netherlands;YES
TRX-1087980;2026-03-12;548,35;UNKNOWN;UNKNOWN;YES
TRX-1087981;2026-05-17;366,31;UNKNOWN;UNKNOWN;YES
TRX-1087985;2026-02-02;225,65;UNKNOWN;UNKNOWN;YES
TRX-1087988;2026-07-02;0,0;Vendor_36;Poland;YES
TRX-1088013;2026-06-14;0,0;Vendor_19;Netherlands;YES
TRX-1088023;2026-08-06;0,0;Vendor_14;China;YES
TRX-1088029;2026-02-09;734,96;UNKNOWN;UNKNOWN;YES
TRX-1088032;2026-01-07;0,0;Vendor_1;Germany;YES
TRX-1088049;2026-08-01;170,42;UNKNOWN;UNKNOWN;YES
TRX-1088054;2026-07-25;453,3;UNKNOWN;UNKNOWN;YES
TRX-1088069;;0,0;Vendor_31;Netherlands;YES
TRX-1088074;2026-05-20;0,0;Vendor_25;China;YES
TRX-1088075;2026-08-17;0,0;Vendor_27;Poland;YES
TRX-1088076;2026-05-21;1094,62;UNKNOWN;UNKNOWN;YES
TRX-1088090;2026-08-02;1269,81;UNKNOWN;UNKNOWN;YES
TRX-1088096;2026-04-26;0,0;Vendor_30;Netherlands;YES
TRX-1088116;2026-08-25;0,0;Vendor_19;Netherlands;YES
TRX-1088117;2026-07-22;0,0;Vendor_29;Netherlands;YES
TRX-1088119;2026-03-30;299,08;UNKNOWN;UNKNOWN;YES
TRX-1088120;2026-04-23;0,0;Vendor_48;Netherlands;YES
TRX-1088125;2026-05-27;1046,83;UNKNOWN;UNKNOWN;YES
TRX-1088129;2026-04-11;0,0;Vendor_45;Poland;YES
TRX-1088132;2026-03-16;571,78;UNKNOWN;UNKNOWN;YES
TRX-1088133;2026-04-22;0,0;Vendor_30;Netherlands;YES
TRX-1088137;;0,0;Vendor_8;Germany;YES
TRX-1088140;2026-03-21;0,0;Vendor_17;China;YES
TRX-1088145;2026-07-07;0,0;UNKNOWN;UNKNOWN;YES
TRX-1088149;2026-03-10;0,0;Vendor_42;Germany;YES
TRX-1088151;;0,0;Vendor_12;Netherlands;YES
TRX-1088162;2026-04-10;1311,5;UNKNOWN;UNKNOWN;YES
TRX-1088166;2026-04-20;0,0;Vendor_12;Netherlands;YES
TRX-1088169;2026-03-18;0,0;Vendor_4;Netherlands;YES
TRX-1088177;2026-05-25;0,0;Vendor_19;Netherlands;YES
TRX-1088180;2026-01-31;0,0;Vendor_10;China;YES
TRX-1088181;2026-02-16;0,0;Vendor_5;Poland;YES
TRX-1088194;;581,79;UNKNOWN;UNKNOWN;YES
TRX-1088200;2026-07-21;0,0;Vendor_30;Netherlands;YES
TRX-1088206;2026-01-23;982,88;UNKNOWN;UNKNOWN;YES
TRX-1088216;2026-07-29;0,0;Vendor_32;Germany;YES
TRX-1088219;2026-08-26;0,0;Vendor_26;Netherlands;YES
TRX-1088221;2026-03-22;0,0;Vendor_23;Poland;YES
TRX-1088227;2026-02-26;0,0;Vendor_38;China;YES
TRX-1088229;;0,0;Vendor_20;Netherlands;YES
TRX-1088237;2026-05-16;0,0;Vendor_28;Netherlands;YES
TRX-1088252;2026-03-19;763,15;UNKNOWN;UNKNOWN;YES
TRX-1088253;2026-08-11;0,0;Vendor_28;Netherlands;YES
TRX-1088256;2026-05-12;1026,84;UNKNOWN;UNKNOWN;YES
TRX-1088259;2026-09-02;0,0;Vendor_33;Poland;YES
TRX-1088265;2026-08-15;0,0;Vendor_47;Netherlands;YES
TRX-1088279;2026-05-28;0,0;Vendor_8;Germany;YES
TRX-1088283;2026-01-08;0,0;Vendor_13;Netherlands;YES
TRX-1088284;2026-02-05;110,89;UNKNOWN;UNKNOWN;YES
TRX-1088287;2026-03-22;0,0;Vendor_3;Poland;YES
TRX-1088289;2026-05-14;995,92;UNKNOWN;UNKNOWN;YES
TRX-1088293;2026-05-21;1270,25;UNKNOWN;UNKNOWN;YES
TRX-1088295;2026-04-05;0,0;Vendor_17;China;YES
TRX-1088314;2026-05-31;0,0;Vendor_10;China;YES
TRX-1088357;2026-03-03;0,0;Vendor_31;Netherlands;YES
TRX-1088370;2026-06-21;0,0;Vendor_38;China;YES
TRX-1088373;2026-05-16;0,0;Vendor_2;China;YES
TRX-1088377;2026-07-08;0,0;Vendor_30;Netherlands;YES
TRX-1088378;2026-07-07;0,0;Vendor_27;Poland;YES
TRX-1088388;2026-04-23;0,0;Vendor_24;Germany;YES
TRX-1088406;2026-07-24;1425,38;UNKNOWN;UNKNOWN;YES
TRX-1088416;2026-03-26;729,95;UNKNOWN;UNKNOWN;YES
TRX-1088424;2026-01-17;0,0;Vendor_14;China;YES
TRX-1088444;2026-07-20;0,0;Vendor_35;Poland;YES
TRX-1088447;2026-01-01;0,0;Vendor_21;Germany;YES
TRX-1088449;;1182,29;UNKNOWN;UNKNOWN;YES
TRX-1088463;2026-02-08;385,47;UNKNOWN;UNKNOWN;YES
TRX-1088473;2026-02-26;0,0;Vendor_22;Germany;YES
TRX-1088476;2026-07-27;0,0;Vendor_3;Poland;YES
TRX-1088483;2026-05-04;755,68;UNKNOWN;UNKNOWN;YES
TRX-1088487;2026-05-23;713,88;UNKNOWN;UNKNOWN;YES
TRX-1088494;2026-03-06;0,0;Vendor_34;China;YES
TRX-1088508;2026-08-15;0,0;UNKNOWN;UNKNOWN;YES
TRX-1088513;2026-01-21;0,0;Vendor_6;China;YES
TRX-1088514;2026-02-05;0,0;Vendor_14;China;YES
TRX-1088521;2026-02-21;0,0;Vendor_22;Germany;YES
TRX-1088524;2026-07-24;0,0;Vendor_44;Poland;YES
TRX-1088525;2026-07-16;0,0;Vendor_36;Poland;YES
TRX-1088535;2026-02-27;0,0;UNKNOWN;UNKNOWN;YES
TRX-1088538;2026-07-02;0,0;Vendor_1;Germany;YES
TRX-1088540;;251,7;UNKNOWN;UNKNOWN;YES
TRX-1088549;2026-03-13;1157,77;UNKNOWN;UNKNOWN;YES
TRX-1088556;2026-07-12;0,0;Vendor_6;China;YES
TRX-1088557;2026-03-12;1486,0;UNKNOWN;UNKNOWN;YES
TRX-1088570;2026-03-04;1063,06;UNKNOWN;UNKNOWN;YES
TRX-1088575;2026-01-09;959,13;UNKNOWN;UNKNOWN;YES
TRX-1088592;2026-03-27;989,1;UNKNOWN;UNKNOWN;YES
TRX-1088597;2026-01-26;0,0;Vendor_10;China;YES
TRX-1088601;2026-01-18;0,0;Vendor_41;Germany;YES
TRX-1088606;2026-03-31;1091,98;UNKNOWN;UNKNOWN;YES
TRX-1088609;2026-07-01;0,0;Vendor_32;Germany;YES
TRX-1088612;2026-07-17;426,64;UNKNOWN;UNKNOWN;YES
TRX-1088620;2026-04-22;1250,01;UNKNOWN;UNKNOWN;YES
TRX-1088622;2026-04-22;0,0;Vendor_12;Netherlands;YES
TRX-1088623;2026-06-13;0,0;Vendor_2;China;YES
TRX-1088627;2026-04-19;0,0;Vendor_19;Netherlands;YES
TRX-1088632;2026-08-19;430,49;UNKNOWN;UNKNOWN;YES
TRX-1088640;2026-02-19;0,0;Vendor_14;China;YES
TRX-1088641;2026-08-12;0,0;UNKNOWN;UNKNOWN;YES
TRX-1088655;2026-03-30;0,0;Vendor_39;Poland;YES
TRX-1088683;2026-05-17;0,0;Vendor_47;Netherlands;YES
TRX-1088712;2026-05-16;0,0;Vendor_11;Germany;YES
TRX-1088732;2026-01-27;0,0;Vendor_10;China;YES
TRX-1088734;2026-07-24;0,0;Vendor_16;Netherlands;YES
TRX-1088735;2026-01-06;0,0;Vendor_47;Netherlands;YES
TRX-1088737;2026-05-20;0,0;Vendor_23;Poland;YES
TRX-1088746;2026-08-18;0,0;Vendor_44;Poland;YES
TRX-1088752;2026-04-06;51,07;UNKNOWN;UNKNOWN;YES
TRX-1088754;2026-01-03;0,0;Vendor_17;China;YES
TRX-1088777;2026-07-16;0,0;Vendor_5;Poland;YES
TRX-1088783;2026-08-07;0,0;Vendor_19;Netherlands;YES
TRX-1088797;2026-04-21;479,53;UNKNOWN;UNKNOWN;YES
TRX-1088813;2026-09-03;0,0;Vendor_35;Poland;YES
TRX-1088818;2026-02-07;1412,58;UNKNOWN;UNKNOWN;YES
TRX-1088819;2026-01-28;0,0;Vendor_6;China;YES
TRX-1088824;2026-07-22;0,0;Vendor_8;Germany;YES
TRX-1088828;2026-02-22;11,41;UNKNOWN;UNKNOWN;YES
TRX-1088833;2026-01-16;0,0;Vendor_41;Germany;YES
TRX-1088842;2026-01-21;0,0;Vendor_21;Germany;YES
TRX-1088877;2026-08-28;811,59;UNKNOWN;UNKNOWN;YES
TRX-1088878;2026-01-18;947,33;UNKNOWN;UNKNOWN;YES
TRX-1088879;2026-03-10;0,0;Vendor_18;China;YES
TRX-1088886;2026-08-13;0,0;Vendor_5;Poland;YES
TRX-1088888;2026-02-19;0,0;Vendor_38;China;YES
TRX-1088893;2026-08-07;1350,99;UNKNOWN;UNKNOWN;YES
TRX-1088900;2026-01-21;1118,66;UNKNOWN;UNKNOWN;YES
TRX-1088907;2026-05-05;0,0;Vendor_40;China;YES
TRX-1088926;2026-08-13;0,0;Vendor_46;Poland;YES
TRX-1088930;2026-03-16;392,18;UNKNOWN;UNKNOWN;YES
TRX-1088943;2026-05-29;0,0;Vendor_14;China;YES
TRX-1088945;2026-02-09;0,0;UNKNOWN;UNKNOWN;YES
TRX-1088948;2026-07-22;0,0;Vendor_19;Netherlands;YES
TRX-1088959;2026-07-31;0,0;Vendor_48;Netherlands;YES
TRX-1088960;2026-01-10;0,0;Vendor_50;Poland;YES
TRX-1088979;2026-07-19;610,97;UNKNOWN;UNKNOWN;YES
TRX-1088989;2026-07-22;0,0;Vendor_17;China;YES
TRX-1088992;2026-05-13;0,0;Vendor_35;Poland;YES
TRX-1088996;2026-02-25;462,33;UNKNOWN;UNKNOWN;YES
TRX-1089001;2026-01-29;0,0;Vendor_49;Poland;YES
TRX-1089003;2026-05-17;1163,76;UNKNOWN;UNKNOWN;YES
TRX-1089013;2026-07-05;976,22;UNKNOWN;UNKNOWN;YES
TRX-1089043;;0,0;Vendor_11;Germany;YES
TRX-1089052;2026-06-21;0,0;Vendor_7;China;YES
TRX-1089073;2026-01-09;0,0;Vendor_26;Netherlands;YES
TRX-1089076;2026-08-17;0,0;Vendor_40;China;YES
TRX-1089087;2026-07-11;0,0;Vendor_8;Germany;YES
TRX-1089123;2026-06-19;492,91;UNKNOWN;UNKNOWN;YES
TRX-1089130;2026-05-02;0,0;Vendor_8;Germany;YES
TRX-1089132;2026-05-04;0,0;Vendor_13;Netherlands;YES
TRX-1089139;2026-08-19;813,18;UNKNOWN;UNKNOWN;YES
TRX-1089145;2026-02-12;0,0;Vendor_3;Poland;YES
TRX-1089148;2026-04-17;0,0;Vendor_31;Netherlands;YES
TRX-1089150;2026-08-24;0,0;Vendor_45;Poland;YES
TRX-1089156;2026-06-27;0,0;Vendor_27;Poland;YES
TRX-1089161;2026-08-20;0,0;Vendor_40;China;YES
TRX-1089170;2026-02-05;0,0;Vendor_46;Poland;YES
TRX-1089172;2026-02-17;0,0;Vendor_48;Netherlands;YES
TRX-1089174;2026-02-04;0,0;UNKNOWN;UNKNOWN;YES
TRX-1089178;2026-05-25;0,0;Vendor_43;Netherlands;YES
TRX-1089180;2026-04-04;207,65;UNKNOWN;UNKNOWN;YES
TRX-1089192;2026-02-05;0,0;Vendor_37;China;YES
TRX-1089198;2026-02-20;0,0;Vendor_40;China;YES
TRX-1089201;2026-06-08;0,0;Vendor_42;Germany;YES
TRX-1089202;2026-01-02;0,0;Vendor_44;Poland;YES
TRX-1089206;2026-02-21;0,0;Vendor_19;Netherlands;YES
TRX-1089214;2026-03-18;81,18;UNKNOWN;UNKNOWN;YES
TRX-1089217;2026-08-25;20,51;UNKNOWN;UNKNOWN;YES
TRX-1089219;2026-02-21;1383,86;UNKNOWN;UNKNOWN;YES
TRX-1089224;2026-02-01;0,0;Vendor_30;Netherlands;YES
TRX-1089238;2026-06-17;0,0;Vendor_14;China;YES
TRX-1089242;2026-02-04;0,0;Vendor_44;Poland;YES
TRX-1089245;2026-08-02;0,0;Vendor_21;Germany;YES
TRX-1089253;2026-05-25;0,0;Vendor_27;Poland;YES
TRX-1089268;2026-01-25;0,0;Vendor_36;Poland;YES
TRX-1089272;2026-01-04;0,0;Vendor_15;Germany;YES
TRX-1089277;2026-06-20;0,0;Vendor_13;Netherlands;YES
TRX-1089280;2026-04-30;0,0;Vendor_17;China;YES
TRX-1089282;2026-01-06;0,0;Vendor_8;Germany;YES
TRX-1089283;2026-07-16;0,0;Vendor_29;Netherlands;YES
TRX-1089284;2026-08-23;0,0;UNKNOWN;UNKNOWN;YES
TRX-1089286;2026-08-11;1452,74;UNKNOWN;UNKNOWN;YES
TRX-1089289;2026-06-21;0,0;Vendor_25;China;YES
TRX-1089291;2026-01-02;872,79;UNKNOWN;UNKNOWN;YES
TRX-1089298;2026-04-30;0,0;Vendor_49;Poland;YES
TRX-1089299;2026-07-01;0,0;Vendor_8;Germany;YES
TRX-1089301;2026-05-29;0,0;Vendor_43;Netherlands;YES
TRX-1089305;2026-08-25;0,0;Vendor_5;Poland;YES
TRX-1089307;2026-04-15;0,0;Vendor_26;Netherlands;YES
TRX-1089309;2026-03-24;0,0;Vendor_4;Netherlands;YES
TRX-1089312;2026-03-17;251,12;UNKNOWN;UNKNOWN;YES
TRX-1089313;2026-03-18;0,0;Vendor_4;Netherlands;YES
TRX-1089314;2026-01-01;0,0;Vendor_35;Poland;YES
TRX-1089320;2026-09-06;0,0;Vendor_50;Poland;YES
TRX-1089334;2026-05-04;0,0;Vendor_18;China;YES
TRX-1089338;;0,0;Vendor_49;Poland;YES
TRX-1089340;2026-01-03;1228,23;UNKNOWN;UNKNOWN;YES
TRX-1089344;2026-02-09;1165,02;UNKNOWN;UNKNOWN;YES
TRX-1089354;2026-03-09;0,0;Vendor_28;Netherlands;YES
TRX-1089365;2026-09-06;961,73;UNKNOWN;UNKNOWN;YES
TRX-1089371;2026-06-19;268,16;UNKNOWN;UNKNOWN;YES
TRX-1089373;2026-09-05;0,0;UNKNOWN;UNKNOWN;YES
TRX-1089374;2026-05-29;0,0;Vendor_43;Netherlands;YES
TRX-1089378;2026-01-19;0,0;Vendor_31;Netherlands;YES
TRX-1089383;2026-06-09;0,0;UNKNOWN;UNKNOWN;YES
TRX-1089387;2026-07-18;0,0;Vendor_32;Germany;YES
TRX-1089393;2026-07-16;0,0;Vendor_30;Netherlands;YES
TRX-1089395;2026-01-14;1348,85;UNKNOWN;UNKNOWN;YES
TRX-1089402;2026-06-02;0,0;Vendor_49;Poland;YES
TRX-1089403;2026-03-29;15,39;UNKNOWN;UNKNOWN;YES
TRX-1089404;2026-03-02;0,0;Vendor_28;Netherlands;YES
TRX-1089407;2026-01-11;0,0;Vendor_49;Poland;YES
TRX-1089413;2026-01-07;0,0;Vendor_50;Poland;YES
TRX-1089415;2026-01-02;586,83;UNKNOWN;UNKNOWN;YES
TRX-1089426;2026-05-11;234,65;UNKNOWN;UNKNOWN;YES
TRX-1089427;2026-02-13;0,0;Vendor_43;Netherlands;YES
TRX-1089428;2026-03-04;187,29;UNKNOWN;UNKNOWN;YES
TRX-1089435;2026-06-17;0,0;Vendor_40;China;YES
TRX-1089462;2026-02-28;0,0;Vendor_22;Germany;YES
TRX-1089477;2026-04-12;1271,28;UNKNOWN;UNKNOWN;YES
TRX-1089479;2026-04-22;751,54;UNKNOWN;UNKNOWN;YES
TRX-1089490;2026-02-19;0,0;Vendor_12;Netherlands;YES
TRX-1089492;2026-05-25;0,0;UNKNOWN;UNKNOWN;YES
TRX-1089507;2026-03-31;0,0;Vendor_9;China;YES
TRX-1089514;2026-04-13;0,0;Vendor_36;Poland;YES
TRX-1089517;2026-07-28;1124,18;UNKNOWN;UNKNOWN;YES
TRX-1089518;2026-06-16;0,0;Vendor_6;China;YES
TRX-1089526;2026-06-04;0,0;Vendor_48;Netherlands;YES
TRX-1089528;2026-06-22;0,0;UNKNOWN;UNKNOWN;YES
TRX-1089530;2026-03-25;1042,47;UNKNOWN;UNKNOWN;YES
TRX-1089537;2026-02-18;0,0;Vendor_28;Netherlands;YES
TRX-1089540;2026-03-05;0,0;Vendor_38;China;YES
TRX-1089560;2026-02-05;1420,15;UNKNOWN;UNKNOWN;YES
TRX-1089566;2026-03-15;0,0;Vendor_33;Poland;YES
TRX-1089578;2026-08-29;0,0;Vendor_44;Poland;YES
TRX-1089588;2026-01-19;0,0;Vendor_3;Poland;YES
TRX-1089597;2026-06-11;0,0;Vendor_19;Netherlands;YES
TRX-1089602;2026-03-10;0,0;UNKNOWN;UNKNOWN;YES
TRX-1089610;2026-06-09;0,0;Vendor_5;Poland;YES
TRX-1089623;2026-04-05;0,0;Vendor_43;Netherlands;YES
TRX-1089646;2026-08-18;394,68;UNKNOWN;UNKNOWN;YES
TRX-1089653;2026-08-04;0,0;Vendor_50;Poland;YES
TRX-1089667;2026-05-16;0,0;UNKNOWN;UNKNOWN;YES
TRX-1089677;2026-05-27;203,2;UNKNOWN;UNKNOWN;YES
TRX-1089679;;0,0;Vendor_21;Germany;YES
TRX-1089685;2026-04-20;0,0;Vendor_3;Poland;YES
TRX-1089686;2026-01-31;0,0;Vendor_17;China;YES
TRX-1089689;2026-07-26;0,0;Vendor_39;Poland;YES
TRX-1089703;2026-02-08;899,82;UNKNOWN;UNKNOWN;YES
TRX-1089708;2026-06-22;354,49;UNKNOWN;UNKNOWN;YES
TRX-1089715;2026-06-20;685,84;UNKNOWN;UNKNOWN;YES
TRX-1089716;2026-06-05;0,0;Vendor_50;Poland;YES
TRX-1089719;;908,11;UNKNOWN;UNKNOWN;YES
TRX-1089722;2026-05-28;0,0;Vendor_17;China;YES
TRX-1089733;;905,77;UNKNOWN;UNKNOWN;YES
TRX-1089742;2026-06-23;0,0;Vendor_47;Netherlands;YES
TRX-1089754;2026-05-19;0,0;Vendor_44;Poland;YES
TRX-1089757;2026-08-13;0,0;Vendor_13;Netherlands;YES
TRX-1089785;2026-03-25;0,0;Vendor_35;Poland;YES
TRX-1089786;2026-04-27;1204,07;UNKNOWN;UNKNOWN;YES
TRX-1089790;2026-07-22;0,0;Vendor_44;Poland;YES
TRX-1089797;;0,0;Vendor_8;Germany;YES
TRX-1089799;2026-05-10;0,0;Vendor_23;Poland;YES
TRX-1089801;2026-05-07;0,0;UNKNOWN;UNKNOWN;YES
TRX-1089805;2026-05-16;0,0;Vendor_26;Netherlands;YES
TRX-1089811;2026-02-14;0,0;Vendor_40;China;YES
TRX-1089822;2026-02-08;0,0;Vendor_38;China;YES
TRX-1089828;2026-05-28;0,0;Vendor_28;Netherlands;YES
TRX-1089832;2026-02-11;0,0;Vendor_30;Netherlands;YES
TRX-1089834;2026-01-16;0,0;Vendor_29;Netherlands;YES
TRX-1089841;2026-01-11;0,0;Vendor_25;China;YES
TRX-1089844;2026-07-06;798,94;UNKNOWN;UNKNOWN;YES
TRX-1089850;2026-03-18;0,0;Vendor_44;Poland;YES
TRX-1089861;2026-07-14;0,0;Vendor_28;Netherlands;YES
TRX-1089865;2026-01-11;0,0;Vendor_35;Poland;YES
TRX-1089873;2026-02-17;1337,76;UNKNOWN;UNKNOWN;YES
TRX-1089881;2026-01-05;0,0;Vendor_22;Germany;YES
TRX-1089889;;0,0;Vendor_18;China;YES
TRX-1089891;2026-06-10;0,0;Vendor_12;Netherlands;YES
TRX-1089905;2026-08-09;0,0;Vendor_16;Netherlands;YES
TRX-1089916;2026-07-14;0,0;Vendor_6;China;YES
TRX-1089917;2026-02-25;730,74;UNKNOWN;UNKNOWN;YES
TRX-1089926;;0,0;Vendor_1;Germany;YES
TRX-1089933;2026-08-18;0,0;UNKNOWN;UNKNOWN;YES
TRX-1089935;2026-04-27;0,0;Vendor_40;China;YES
TRX-1089936;2026-04-19;0,0;Vendor_37;China;YES
TRX-1089939;2026-06-05;0,0;Vendor_18;China;YES
TRX-1089948;2026-06-09;0,0;Vendor_37;China;YES
TRX-1089957;2026-06-26;567,54;UNKNOWN;UNKNOWN;YES
TRX-1089961;2026-04-06;246,44;UNKNOWN;UNKNOWN;YES
TRX-1089963;2026-08-08;0,0;Vendor_3;Poland;YES
TRX-1089970;2026-03-03;859,24;UNKNOWN;UNKNOWN;YES
TRX-1089973;2026-05-08;0,0;Vendor_26;Netherlands;YES
TRX-1089976;2026-08-21;0,0;Vendor_42;Germany;YES
TRX-1089979;2026-05-26;0,0;Vendor_20;Netherlands;YES
TRX-1089983;2026-08-19;0,0;Vendor_25;China;YES
TRX-1089994;2026-08-15;1176,97;UNKNOWN;UNKNOWN;YES
TRX-1090010;2026-06-25;523,4;UNKNOWN;UNKNOWN;YES
TRX-1090013;2026-03-30;0,0;Vendor_4;Netherlands;YES
TRX-1090019;2026-02-22;0,0;Vendor_12;Netherlands;YES
TRX-1090045;2026-05-12;0,0;Vendor_28;Netherlands;YES
TRX-1090048;2026-06-28;377,47;UNKNOWN;UNKNOWN;YES
TRX-1090052;2026-04-08;0,0;Vendor_42;Germany;YES
TRX-1090054;2026-06-17;578,52;UNKNOWN;UNKNOWN;YES
TRX-1090055;2026-07-28;651,97;UNKNOWN;UNKNOWN;YES
TRX-1090060;2026-09-02;0,0;UNKNOWN;UNKNOWN;YES
TRX-1090066;2026-03-18;355,25;UNKNOWN;UNKNOWN;YES
TRX-1090067;2026-01-20;0,0;Vendor_22;Germany;YES
TRX-1090071;2026-08-02;0,0;UNKNOWN;UNKNOWN;YES
TRX-1090075;2026-04-17;0,0;UNKNOWN;UNKNOWN;YES
TRX-1090081;2026-07-22;684,39;UNKNOWN;UNKNOWN;YES
TRX-1090100;2026-01-08;0,0;Vendor_24;Germany;YES
TRX-1090109;2026-03-17;380,41;UNKNOWN;UNKNOWN;YES
TRX-1090112;2026-04-24;1139,33;UNKNOWN;UNKNOWN;YES
TRX-1090113;2026-08-04;0,0;Vendor_30;Netherlands;YES
TRX-1090132;2026-05-05;0,0;Vendor_1;Germany;YES
TRX-1090135;2026-01-24;1031,08;UNKNOWN;UNKNOWN;YES
TRX-1090136;2026-04-03;329,31;UNKNOWN;UNKNOWN;YES
TRX-1090147;2026-07-20;967,76;UNKNOWN;UNKNOWN;YES
TRX-1090158;2026-08-19;0,0;Vendor_7;China;YES
TRX-1090161;2026-04-14;0,0;Vendor_29;Netherlands;YES
TRX-1090171;2026-05-04;205,46;UNKNOWN;UNKNOWN;YES
TRX-1090176;2026-03-08;1124,24;UNKNOWN;UNKNOWN;YES
TRX-1090183;2026-04-18;0,0;Vendor_34;China;YES
TRX-1090187;2026-06-14;506,61;UNKNOWN;UNKNOWN;YES
TRX-1090188;2026-05-09;1088,55;UNKNOWN;UNKNOWN;YES
TRX-1090189;2026-02-03;0,0;Vendor_1;Germany;YES
TRX-1090206;;0,0;Vendor_42;Germany;YES
TRX-1090208;2026-04-10;0,0;Vendor_41;Germany;YES
TRX-1090218;2026-03-22;1446,73;UNKNOWN;UNKNOWN;YES
TRX-1090220;2026-07-15;0,0;Vendor_16;Netherlands;YES
TRX-1090228;;0,0;Vendor_9;China;YES
TRX-1090232;2026-08-15;0,0;Vendor_13;Netherlands;YES
TRX-1090237;2026-03-24;188,89;UNKNOWN;UNKNOWN;YES
TRX-1090244;;1067,23;UNKNOWN;UNKNOWN;YES
TRX-1090255;2026-04-12;0,0;Vendor_23;Poland;YES
TRX-1090267;2026-01-18;0,0;Vendor_14;China;YES
TRX-1090278;;0,0;Vendor_7;China;YES
TRX-1090287;2026-04-23;200,72;UNKNOWN;UNKNOWN;YES
TRX-1090291;2026-04-17;0,0;Vendor_12;Netherlands;YES
TRX-1090299;2026-06-01;0,0;Vendor_38;China;YES
TRX-1090300;2026-01-02;0,0;Vendor_38;China;YES
TRX-1090303;2026-02-11;0,0;Vendor_25;China;YES
TRX-1090315;2026-03-21;1494,34;UNKNOWN;UNKNOWN;YES
TRX-1090331;2026-05-10;852,02;UNKNOWN;UNKNOWN;YES
TRX-1090333;;332,37;UNKNOWN;UNKNOWN;YES
TRX-1090339;2026-07-30;0,0;Vendor_32;Germany;YES
TRX-1090355;2026-06-04;0,0;Vendor_22;Germany;YES
TRX-1090364;2026-08-01;0,0;Vendor_9;China;YES
TRX-1090369;2026-04-24;477,96;UNKNOWN;UNKNOWN;YES
TRX-1090384;2026-06-23;1294,14;UNKNOWN;UNKNOWN;YES
TRX-1090389;2026-03-04;0,0;Vendor_14;China;YES
TRX-1090394;2026-09-08;0,0;Vendor_5;Poland;YES
TRX-1090395;2026-03-12;0,0;Vendor_29;Netherlands;YES
TRX-1090399;2026-01-12;0,0;Vendor_50;Poland;YES
TRX-1090405;;1048,84;UNKNOWN;UNKNOWN;YES
TRX-1090423;2026-02-07;0,0;Vendor_1;Germany;YES
TRX-1090433;2026-03-26;1316,62;UNKNOWN;UNKNOWN;YES
TRX-1090441;2026-04-23;0,0;Vendor_19;Netherlands;YES
TRX-1090444;2026-08-20;36,02;UNKNOWN;UNKNOWN;YES
TRX-1090445;2026-04-18;415,0;UNKNOWN;UNKNOWN;YES
TRX-1090448;2026-01-31;1260,61;UNKNOWN;UNKNOWN;YES
TRX-1090453;2026-08-29;0,0;Vendor_10;China;YES
TRX-1090459;2026-02-21;305,1;UNKNOWN;UNKNOWN;YES
TRX-1090471;2026-05-26;0,0;Vendor_10;China;YES
TRX-1090481;2026-04-27;37,6;UNKNOWN;UNKNOWN;YES
TRX-1090482;2026-09-07;0,0;Vendor_24;Germany;YES
TRX-1090485;2026-07-23;0,0;Vendor_7;China;YES
TRX-1090486;2026-07-24;0,0;Vendor_4;Netherlands;YES
TRX-1090487;2026-03-28;557,28;UNKNOWN;UNKNOWN;YES
TRX-1090492;2026-04-15;0,0;Vendor_21;Germany;YES
TRX-1090498;2026-01-01;0,0;Vendor_34;China;YES
TRX-1090500;2026-08-15;817,43;UNKNOWN;UNKNOWN;YES
TRX-1090518;2026-02-22;0,0;Vendor_20;Netherlands;YES
TRX-1090529;2026-07-13;0,0;Vendor_13;Netherlands;YES
TRX-1090547;2026-04-16;0,0;Vendor_28;Netherlands;YES
TRX-1090552;2026-01-19;0,0;Vendor_33;Poland;YES
TRX-1090553;2026-07-20;1217,98;UNKNOWN;UNKNOWN;YES
TRX-1090554;2026-03-14;0,0;UNKNOWN;UNKNOWN;YES
TRX-1090585;2026-09-01;0,0;Vendor_8;Germany;YES
TRX-1090595;2026-06-30;0,0;Vendor_28;Netherlands;YES
TRX-1090607;2026-02-23;496,04;UNKNOWN;UNKNOWN;YES
TRX-1090620;2026-04-25;823,15;UNKNOWN;UNKNOWN;YES
TRX-1090632;2026-05-02;195,48;UNKNOWN;UNKNOWN;YES
TRX-1090641;2026-05-12;236,01;UNKNOWN;UNKNOWN;YES
TRX-1090648;2026-07-19;0,0;Vendor_44;Poland;YES
TRX-1090650;2026-08-21;0,0;Vendor_24;Germany;YES
TRX-1090653;2026-08-20;235,05;UNKNOWN;UNKNOWN;YES
TRX-1090654;2026-08-26;26,56;UNKNOWN;UNKNOWN;YES
TRX-1090658;2026-07-11;1276,04;UNKNOWN;UNKNOWN;YES
TRX-1090665;2026-08-26;0,0;Vendor_47;Netherlands;YES
TRX-1090672;2026-03-05;947,46;UNKNOWN;UNKNOWN;YES
TRX-1090679;2026-08-13;0,0;Vendor_13;Netherlands;YES
TRX-1090680;2026-08-04;0,0;Vendor_12;Netherlands;YES
TRX-1090687;2026-08-16;0,0;Vendor_45;Poland;YES
TRX-1090688;2026-07-14;507,6;UNKNOWN;UNKNOWN;YES
TRX-1090690;2026-01-05;846,98;UNKNOWN;UNKNOWN;YES
TRX-1090711;2026-08-04;0,0;Vendor_17;China;YES
TRX-1090712;2026-08-29;1415,48;UNKNOWN;UNKNOWN;YES
TRX-1090719;2026-01-06;0,0;Vendor_27;Poland;YES
TRX-1090722;2026-06-10;0,0;Vendor_29;Netherlands;YES
TRX-1090725;2026-05-02;376,75;UNKNOWN;UNKNOWN;YES
TRX-1090726;2026-06-06;0,0;Vendor_48;Netherlands;YES
TRX-1090741;;0,0;Vendor_49;Poland;YES
TRX-1090748;2026-08-19;0,0;Vendor_44;Poland;YES
TRX-1090752;2026-06-04;0,0;Vendor_42;Germany;YES
TRX-1090756;2026-05-28;0,0;Vendor_9;China;YES
TRX-1090757;2026-07-06;0,0;Vendor_27;Poland;YES
TRX-1090761;2026-08-24;0,0;Vendor_33;Poland;YES
TRX-1090772;2026-06-03;153,07;UNKNOWN;UNKNOWN;YES
TRX-1090798;2026-01-12;0,0;UNKNOWN;UNKNOWN;YES
TRX-1090799;2026-07-18;0,0;Vendor_47;Netherlands;YES
TRX-1090801;2026-09-08;1369,91;UNKNOWN;UNKNOWN;YES
TRX-1090803;2026-02-17;935,68;UNKNOWN;UNKNOWN;YES
TRX-1090824;2026-05-20;0,0;Vendor_33;Poland;YES
TRX-1090830;2026-05-24;0,0;Vendor_22;Germany;YES
TRX-1090835;2026-05-06;0,0;Vendor_25;China;YES
TRX-1090836;2026-02-07;0,0;Vendor_19;Netherlands;YES
TRX-1090840;2026-04-05;0,0;Vendor_14;China;YES
TRX-1090850;;0,0;Vendor_10;China;YES
TRX-1090861;2026-03-02;0,0;Vendor_8;Germany;YES
TRX-1090865;2026-02-02;0,0;Vendor_48;Netherlands;YES
TRX-1090870;2026-06-06;0,0;Vendor_43;Netherlands;YES
TRX-1090888;2026-02-02;171,55;UNKNOWN;UNKNOWN;YES
TRX-1090895;;0,0;UNKNOWN;UNKNOWN;YES
TRX-1090900;;0,0;Vendor_37;China;YES
TRX-1090901;2026-07-22;0,0;Vendor_4;Netherlands;YES
TRX-1090902;2026-02-27;0,0;Vendor_3;Poland;YES
TRX-1090912;2026-03-24;0,0;Vendor_25;China;YES
TRX-1090920;2026-03-07;0,0;Vendor_21;Germany;YES
TRX-1090940;2026-07-20;0,0;Vendor_44;Poland;YES
TRX-1090955;2026-05-17;0,0;Vendor_49;Poland;YES
TRX-1090958;2026-08-24;1489,68;UNKNOWN;UNKNOWN;YES
TRX-1090975;2026-05-08;0,0;Vendor_36;Poland;YES
TRX-1090978;2026-08-09;0,0;Vendor_34;China;YES
TRX-1090985;2026-08-08;0,0;Vendor_2;China;YES
TRX-1090987;2026-08-02;851,23;UNKNOWN;UNKNOWN;YES
TRX-1090989;2026-01-16;0,0;Vendor_39;Poland;YES
TRX-1090998;2026-05-16;1204,8;UNKNOWN;UNKNOWN;YES
TRX-1091010;2026-03-12;1463,42;UNKNOWN;UNKNOWN;YES
TRX-1091021;2026-03-02;0,0;Vendor_39;Poland;YES
TRX-1091025;2026-09-05;0,0;Vendor_7;China;YES
TRX-1091028;2026-06-24;0,0;Vendor_18;China;YES
TRX-1091031;2026-05-25;157,29;UNKNOWN;UNKNOWN;YES
TRX-1091034;2026-05-30;0,0;Vendor_28;Netherlands;YES
TRX-1091037;2026-06-29;0,0;Vendor_45;Poland;YES
TRX-1091038;2026-08-26;0,0;Vendor_14;China;YES
TRX-1091047;2026-07-13;0,0;Vendor_12;Netherlands;YES
TRX-1091055;2026-03-13;1018,52;UNKNOWN;UNKNOWN;YES
TRX-1091058;2026-07-28;1040,7;UNKNOWN;UNKNOWN;YES
TRX-1091065;2026-03-23;1403,8;UNKNOWN;UNKNOWN;YES
TRX-1091068;2026-01-18;704,24;UNKNOWN;UNKNOWN;YES
TRX-1091080;2026-02-21;1008,36;UNKNOWN;UNKNOWN;YES
TRX-1091081;2026-05-24;0,0;Vendor_43;Netherlands;YES
TRX-1091084;2026-02-27;1221,31;UNKNOWN;UNKNOWN;YES
TRX-1091092;2026-06-19;1182,08;UNKNOWN;UNKNOWN;YES
TRX-1091095;2026-05-29;0,0;Vendor_33;Poland;YES
TRX-1091096;2026-07-07;1315,61;UNKNOWN;UNKNOWN;YES
TRX-1091104;;1179,63;UNKNOWN;UNKNOWN;YES
TRX-1091109;2026-01-20;0,0;Vendor_14;China;YES
TRX-1091110;2026-06-10;0,0;UNKNOWN;UNKNOWN;YES
TRX-1091112;2026-05-03;0,0;Vendor_31;Netherlands;YES
TRX-1091114;2026-06-01;0,0;Vendor_15;Germany;YES
TRX-1091116;2026-03-21;0,0;Vendor_45;Poland;YES
TRX-1091122;2026-01-08;1300,42;UNKNOWN;UNKNOWN;YES
TRX-1091124;2026-05-30;0,0;Vendor_2;China;YES
TRX-1091131;2026-01-01;0,0;Vendor_27;Poland;YES
TRX-1091138;2026-06-16;0,0;Vendor_28;Netherlands;YES
TRX-1091142;2026-02-26;0,0;Vendor_25;China;YES
TRX-1091146;2026-03-03;0,0;Vendor_2;China;YES
TRX-1091151;2026-07-16;577,73;UNKNOWN;UNKNOWN;YES
TRX-1091154;2026-05-17;233,5;UNKNOWN;UNKNOWN;YES
TRX-1091156;2026-08-18;0,0;Vendor_10;China;YES
TRX-1091165;2026-03-16;0,0;Vendor_17;China;YES
TRX-1091166;2026-03-21;0,0;Vendor_43;Netherlands;YES
TRX-1091178;2026-08-30;1136,54;UNKNOWN;UNKNOWN;YES
TRX-1091181;2026-01-21;23,58;UNKNOWN;UNKNOWN;YES
TRX-1091186;2026-04-10;686,53;UNKNOWN;UNKNOWN;YES
TRX-1091190;2026-07-09;0,0;Vendor_31;Netherlands;YES
TRX-1091213;2026-07-14;745,75;UNKNOWN;UNKNOWN;YES
TRX-1091216;2026-04-02;288,57;UNKNOWN;UNKNOWN;YES
TRX-1091220;2026-06-11;786,29;UNKNOWN;UNKNOWN;YES
TRX-1091221;2026-03-15;409,11;UNKNOWN;UNKNOWN;YES
TRX-1091222;2026-01-03;0,0;Vendor_8;Germany;YES
TRX-1091223;2026-08-23;0,0;Vendor_44;Poland;YES
TRX-1091227;2026-07-15;0,0;Vendor_30;Netherlands;YES
TRX-1091233;2026-03-14;0,0;Vendor_34;China;YES
TRX-1091240;;0,0;Vendor_5;Poland;YES
TRX-1091246;2026-06-04;0,0;Vendor_2;China;YES
TRX-1091251;2026-07-13;0,0;Vendor_28;Netherlands;YES
TRX-1091260;2026-07-05;0,0;Vendor_21;Germany;YES
TRX-1091280;2026-01-21;0,0;Vendor_1;Germany;YES
TRX-1091281;2026-05-26;0,0;Vendor_47;Netherlands;YES
TRX-1091282;2026-04-16;0,0;Vendor_31;Netherlands;YES
TRX-1091294;2026-04-23;0,0;Vendor_37;China;YES
TRX-1091301;2026-02-21;628,28;UNKNOWN;UNKNOWN;YES
TRX-1091304;2026-05-26;0,0;Vendor_23;Poland;YES
TRX-1091315;2026-05-27;0,0;Vendor_3;Poland;YES
TRX-1091331;2026-05-21;259,42;UNKNOWN;UNKNOWN;YES
TRX-1091333;2026-02-23;0,0;Vendor_37;China;YES
TRX-1091334;2026-01-03;0,0;Vendor_12;Netherlands;YES
TRX-1091342;2026-06-28;0,0;Vendor_43;Netherlands;YES
TRX-1091351;2026-06-09;0,0;Vendor_8;Germany;YES
TRX-1091359;2026-08-10;0,0;UNKNOWN;UNKNOWN;YES
TRX-1091367;2026-08-17;0,0;Vendor_48;Netherlands;YES
TRX-1091383;2026-09-04;0,0;Vendor_18;China;YES
TRX-1091385;2026-06-21;209,59;UNKNOWN;UNKNOWN;YES
TRX-1091387;2026-08-17;0,0;Vendor_7;China;YES
TRX-1091389;2026-06-08;0,0;Vendor_9;China;YES
TRX-1091413;2026-07-03;1278,25;UNKNOWN;UNKNOWN;YES
TRX-1091414;2026-08-13;0,0;Vendor_8;Germany;YES
TRX-1091424;2026-04-01;435,31;UNKNOWN;UNKNOWN;YES
TRX-1091445;2026-07-19;0,0;Vendor_47;Netherlands;YES
TRX-1091462;2026-02-09;0,0;Vendor_16;Netherlands;YES
TRX-1091467;2026-07-07;0,0;Vendor_34;China;YES
TRX-1091468;2026-07-25;0,0;Vendor_32;Germany;YES
TRX-1091471;2026-08-16;0,0;Vendor_33;Poland;YES
TRX-1091472;2026-07-09;0,0;Vendor_3;Poland;YES
TRX-1091474;2026-07-10;779,17;UNKNOWN;UNKNOWN;YES
TRX-1091483;2026-08-18;0,0;Vendor_19;Netherlands;YES
TRX-1091489;2026-07-01;871,73;UNKNOWN;UNKNOWN;YES
TRX-1091490;2026-03-14;0,0;Vendor_31;Netherlands;YES
TRX-1091500;2026-08-06;0,0;Vendor_17;China;YES
TRX-1091501;2026-09-02;659,6;UNKNOWN;UNKNOWN;YES
TRX-1091509;2026-04-27;0,0;Vendor_45;Poland;YES
TRX-1091523;2026-06-08;1251,72;UNKNOWN;UNKNOWN;YES
TRX-1091526;2026-01-28;1240,35;UNKNOWN;UNKNOWN;YES
TRX-1091527;2026-05-06;0,0;Vendor_1;Germany;YES
TRX-1091537;2026-06-10;0,0;Vendor_25;China;YES
TRX-1091540;2026-09-05;0,0;Vendor_16;Netherlands;YES
TRX-1091541;2026-03-27;0,0;Vendor_17;China;YES
TRX-1091547;2026-01-30;922,69;UNKNOWN;UNKNOWN;YES
TRX-1091549;2026-05-19;139,81;UNKNOWN;UNKNOWN;YES
TRX-1091577;2026-08-23;0,0;Vendor_2;China;YES
TRX-1091579;2026-03-10;0,0;Vendor_45;Poland;YES
TRX-1091590;2026-05-02;0,0;Vendor_12;Netherlands;YES
TRX-1091603;2026-04-30;0,0;Vendor_48;Netherlands;YES
TRX-1091610;2026-08-03;418,82;UNKNOWN;UNKNOWN;YES
TRX-1091619;2026-07-27;0,0;Vendor_29;Netherlands;YES
TRX-1091625;2026-06-09;0,0;Vendor_14;China;YES
TRX-1091631;2026-07-29;1423,07;UNKNOWN;UNKNOWN;YES
TRX-1091643;2026-02-05;0,0;Vendor_50;Poland;YES
TRX-1091645;2026-07-13;0,0;Vendor_42;Germany;YES
TRX-1091658;2026-05-13;899,63;UNKNOWN;UNKNOWN;YES
TRX-1091668;2026-04-21;0,0;Vendor_41;Germany;YES
TRX-1091671;2026-07-18;765,03;UNKNOWN;UNKNOWN;YES
TRX-1091672;2026-03-22;0,0;Vendor_41;Germany;YES
TRX-1091673;2026-06-16;0,0;Vendor_43;Netherlands;YES
TRX-1091677;;0,0;Vendor_20;Netherlands;YES
TRX-1091678;2026-08-11;716,75;UNKNOWN;UNKNOWN;YES
TRX-1091691;;0,0;Vendor_42;Germany;YES
TRX-1091696;2026-03-23;0,0;Vendor_25;China;YES
TRX-1091713;2026-05-05;0,0;Vendor_3;Poland;YES
TRX-1091716;2026-07-22;1289,96;UNKNOWN;UNKNOWN;YES
TRX-1091717;2026-01-18;787,49;UNKNOWN;UNKNOWN;YES
TRX-1091718;2026-07-13;1019,4;UNKNOWN;UNKNOWN;YES
TRX-1091738;2026-07-12;0,0;Vendor_13;Netherlands;YES
TRX-1091746;2026-06-16;0,0;Vendor_31;Netherlands;YES
TRX-1091748;2026-04-23;0,0;Vendor_48;Netherlands;YES
TRX-1091755;2026-03-22;0,0;Vendor_35;Poland;YES
TRX-1091756;2026-01-08;13,83;UNKNOWN;UNKNOWN;YES
TRX-1091775;2026-06-23;363,31;UNKNOWN;UNKNOWN;YES
TRX-1091785;2026-04-06;0,0;Vendor_15;Germany;YES
TRX-1091789;2026-02-03;0,0;Vendor_3;Poland;YES
TRX-1091799;2026-04-07;570,8;UNKNOWN;UNKNOWN;YES
TRX-1091802;2026-03-07;0,0;Vendor_41;Germany;YES
TRX-1091807;2026-09-04;0,0;Vendor_28;Netherlands;YES
TRX-1091810;;259,91;UNKNOWN;UNKNOWN;YES
TRX-1091817;2026-08-16;0,0;Vendor_40;China;YES
TRX-1091819;2026-07-18;325,0;UNKNOWN;UNKNOWN;YES
TRX-1091820;2026-03-06;0,0;Vendor_47;Netherlands;YES
TRX-1091822;2026-03-08;604,09;UNKNOWN;UNKNOWN;YES
TRX-1091823;2026-09-03;1366,37;UNKNOWN;UNKNOWN;YES
TRX-1091824;2026-06-03;0,0;Vendor_15;Germany;YES
TRX-1091844;2026-03-08;0,0;UNKNOWN;UNKNOWN;YES
TRX-1091849;2026-06-27;0,0;Vendor_1;Germany;YES
TRX-1091871;2026-09-08;0,0;Vendor_50;Poland;YES
TRX-1091885;2026-04-14;0,0;Vendor_34;China;YES
TRX-1091886;2026-07-16;0,0;Vendor_28;Netherlands;YES
TRX-1091895;2026-05-23;441,1;UNKNOWN;UNKNOWN;YES
TRX-1091897;2026-07-08;0,0;Vendor_42;Germany;YES
TRX-1091904;2026-02-15;0,0;Vendor_43;Netherlands;YES
TRX-1091906;2026-04-02;0,0;Vendor_8;Germany;YES
TRX-1091913;2026-02-20;0,0;Vendor_13;Netherlands;YES
TRX-1091919;2026-09-01;0,0;Vendor_45;Poland;YES
TRX-1091927;2026-09-08;0,0;Vendor_27;Poland;YES
TRX-1091936;2026-05-28;0,0;Vendor_16;Netherlands;YES
TRX-1091940;2026-05-04;0,0;UNKNOWN;UNKNOWN;YES
TRX-1091944;2026-03-12;0,0;Vendor_38;China;YES
TRX-1091946;2026-08-02;0,0;Vendor_37;China;YES
TRX-1091961;2026-02-01;0,0;Vendor_29;Netherlands;YES
TRX-1091962;2026-07-02;0,0;Vendor_16;Netherlands;YES
TRX-1091974;2026-05-29;0,0;Vendor_22;Germany;YES
TRX-1091975;2026-01-31;0,0;Vendor_30;Netherlands;YES
TRX-1091986;2026-04-20;0,0;Vendor_31;Netherlands;YES
TRX-1091997;;929,06;UNKNOWN;UNKNOWN;YES
TRX-1092018;2026-04-04;1422,02;UNKNOWN;UNKNOWN;YES
TRX-1092034;2026-04-02;0,0;Vendor_18;China;YES
TRX-1092041;2026-07-18;0,0;Vendor_41;Germany;YES
TRX-1092069;2026-08-14;0,0;Vendor_40;China;YES
TRX-1092070;2026-08-01;0,0;Vendor_17;China;YES
TRX-1092089;2026-02-22;0,0;Vendor_50;Poland;YES
TRX-1092091;2026-07-18;0,0;Vendor_16;Netherlands;YES
TRX-1092096;2026-02-22;148,91;UNKNOWN;UNKNOWN;YES
TRX-1092098;2026-05-25;0,0;Vendor_37;China;YES
TRX-1092099;2026-06-11;0,0;Vendor_11;Germany;YES
TRX-1092109;2026-09-06;0,0;Vendor_5;Poland;YES
TRX-1092129;2026-02-17;0,0;Vendor_27;Poland;YES
TRX-1092138;2026-06-21;0,0;Vendor_40;China;YES
TRX-1092142;2026-04-21;809,8;UNKNOWN;UNKNOWN;YES
TRX-1092143;;0,0;Vendor_22;Germany;YES
TRX-1092146;2026-08-19;0,0;Vendor_41;Germany;YES
TRX-1092147;2026-01-09;0,0;Vendor_27;Poland;YES
TRX-1092148;2026-03-10;0,0;Vendor_40;China;YES
TRX-1092153;2026-07-19;0,0;Vendor_8;Germany;YES
TRX-1092157;2026-04-01;0,0;Vendor_32;Germany;YES
TRX-1092158;;0,0;Vendor_4;Netherlands;YES
TRX-1092159;2026-06-18;0,0;Vendor_8;Germany;YES
TRX-1092171;2026-01-31;0,0;Vendor_5;Poland;YES
TRX-1092173;2026-01-11;0,0;Vendor_5;Poland;YES
TRX-1092177;2026-03-01;165,34;UNKNOWN;UNKNOWN;YES
TRX-1092191;2026-01-19;0,0;Vendor_13;Netherlands;YES
TRX-1092203;2026-02-24;0,0;Vendor_37;China;YES
TRX-1092215;2026-01-09;0,0;Vendor_6;China;YES
TRX-1092217;2026-05-29;0,0;Vendor_3;Poland;YES
TRX-1092244;2026-06-12;1349,12;UNKNOWN;UNKNOWN;YES
TRX-1092247;2026-07-14;0,0;Vendor_32;Germany;YES
TRX-1092251;2026-07-09;315,31;UNKNOWN;UNKNOWN;YES
TRX-1092256;2026-08-14;1236,66;UNKNOWN;UNKNOWN;YES
TRX-1092261;2026-01-19;0,0;Vendor_41;Germany;YES
TRX-1092262;2026-06-05;23,14;UNKNOWN;UNKNOWN;YES
TRX-1092273;2026-08-07;0,0;Vendor_11;Germany;YES
TRX-1092283;2026-06-01;0,0;Vendor_25;China;YES
TRX-1092306;2026-03-15;0,0;Vendor_29;Netherlands;YES
TRX-1092309;2026-08-22;0,0;Vendor_10;China;YES
TRX-1092316;2026-04-13;0,0;Vendor_36;Poland;YES
TRX-1092317;2026-08-28;0,0;UNKNOWN;UNKNOWN;YES
TRX-1092318;2026-03-09;0,0;Vendor_11;Germany;YES
TRX-1092323;2026-09-02;0,0;Vendor_26;Netherlands;YES
TRX-1092332;2026-06-08;0,0;Vendor_33;Poland;YES
TRX-1092339;2026-03-25;154,39;UNKNOWN;UNKNOWN;YES
TRX-1092343;;612,53;UNKNOWN;UNKNOWN;YES
TRX-1092345;2026-09-08;0,0;Vendor_12;Netherlands;YES
TRX-1092348;2026-06-18;1425,22;UNKNOWN;UNKNOWN;YES
TRX-1092351;2026-03-12;1174,27;UNKNOWN;UNKNOWN;YES
TRX-1092358;2026-05-27;1216,42;UNKNOWN;UNKNOWN;YES
TRX-1092359;2026-01-04;1257,4;UNKNOWN;UNKNOWN;YES
TRX-1092374;2026-07-13;0,0;Vendor_13;Netherlands;YES
TRX-1092378;2026-03-15;0,0;Vendor_16;Netherlands;YES
TRX-1092383;2026-02-28;0,0;Vendor_11;Germany;YES
TRX-1092393;2026-01-22;0,0;Vendor_14;China;YES
TRX-1092412;2026-01-14;0,0;Vendor_23;Poland;YES
TRX-1092417;2026-09-02;373,25;UNKNOWN;UNKNOWN;YES
TRX-1092418;2026-07-01;1376,19;UNKNOWN;UNKNOWN;YES
TRX-1092420;2026-07-12;326,74;UNKNOWN;UNKNOWN;YES
TRX-1092428;2026-07-23;0,0;Vendor_2;China;YES
TRX-1092435;2026-07-03;0,0;Vendor_11;Germany;YES
TRX-1092439;2026-05-18;0,0;UNKNOWN;UNKNOWN;YES
TRX-1092446;2026-03-19;0,0;Vendor_8;Germany;YES
TRX-1092449;2026-01-09;0,0;Vendor_11;Germany;YES
TRX-1092456;2026-02-13;371,35;UNKNOWN;UNKNOWN;YES
TRX-1092459;2026-06-02;0,0;Vendor_24;Germany;YES
TRX-1092470;2026-02-27;247,55;UNKNOWN;UNKNOWN;YES
TRX-1092479;2026-08-30;0,0;Vendor_4;Netherlands;YES
TRX-1092484;2026-04-12;372,09;UNKNOWN;UNKNOWN;YES
TRX-1092485;2026-06-28;1352,06;UNKNOWN;UNKNOWN;YES
TRX-1092494;;688,69;UNKNOWN;UNKNOWN;YES
TRX-1092501;2026-03-21;0,0;Vendor_2;China;YES
TRX-1092510;2026-06-12;0,0;Vendor_32;Germany;YES
TRX-1092527;2026-07-27;0,0;Vendor_39;Poland;YES
TRX-1092554;2026-03-13;0,0;Vendor_1;Germany;YES
TRX-1092559;2026-03-25;1177,23;UNKNOWN;UNKNOWN;YES
TRX-1092563;2026-05-07;0,0;Vendor_44;Poland;YES
TRX-1092572;2026-04-13;795,03;UNKNOWN;UNKNOWN;YES
TRX-1092579;2026-04-16;0,0;Vendor_31;Netherlands;YES
TRX-1092582;2026-06-24;90,79;UNKNOWN;UNKNOWN;YES
TRX-1092587;2026-05-19;0,0;Vendor_28;Netherlands;YES
TRX-1092591;2026-07-19;0,0;Vendor_9;China;YES
TRX-1092598;2026-03-14;689,18;UNKNOWN;UNKNOWN;YES
TRX-1092604;2026-02-01;0,0;Vendor_43;Netherlands;YES
TRX-1092617;2026-05-23;0,0;Vendor_1;Germany;YES
TRX-1092618;2026-01-08;0,0;Vendor_39;Poland;YES
TRX-1092629;2026-01-22;0,0;Vendor_26;Netherlands;YES
TRX-1092644;2026-03-14;1229,2;UNKNOWN;UNKNOWN;YES
TRX-1092654;2026-05-30;865,9;UNKNOWN;UNKNOWN;YES
TRX-1092676;2026-04-09;0,0;Vendor_16;Netherlands;YES
TRX-1092679;2026-02-18;0,0;Vendor_40;China;YES
TRX-1092683;2026-02-16;0,0;Vendor_25;China;YES
TRX-1092694;2026-06-12;0,0;UNKNOWN;UNKNOWN;YES
TRX-1092707;2026-05-16;303,63;UNKNOWN;UNKNOWN;YES
TRX-1092723;2026-07-13;765,77;UNKNOWN;UNKNOWN;YES
TRX-1092730;2026-09-05;0,0;Vendor_40;China;YES
TRX-1092732;2026-06-08;0,0;Vendor_27;Poland;YES
TRX-1092735;2026-07-11;0,0;Vendor_12;Netherlands;YES
TRX-1092755;2026-02-25;0,0;Vendor_28;Netherlands;YES
TRX-1092770;2026-07-11;1247,59;UNKNOWN;UNKNOWN;YES
TRX-1092774;2026-05-09;249,6;UNKNOWN;UNKNOWN;YES
TRX-1092775;2026-06-07;0,0;Vendor_30;Netherlands;YES
TRX-1092778;2026-08-06;0,0;Vendor_3;Poland;YES
TRX-1092790;2026-03-17;0,0;Vendor_47;Netherlands;YES
TRX-1092793;2026-02-28;0,0;UNKNOWN;UNKNOWN;YES
TRX-1092799;;0,0;Vendor_48;Netherlands;YES
TRX-1092802;2026-04-05;0,0;Vendor_22;Germany;YES
TRX-1092804;2026-05-08;0,0;Vendor_32;Germany;YES
TRX-1092813;2026-02-25;1436,15;UNKNOWN;UNKNOWN;YES
TRX-1092826;2026-01-08;417,83;UNKNOWN;UNKNOWN;YES
TRX-1092829;2026-08-23;0,0;Vendor_12;Netherlands;YES
TRX-1092834;2026-02-22;216,55;UNKNOWN;UNKNOWN;YES
TRX-1092853;;0,0;Vendor_13;Netherlands;YES
TRX-1092860;2026-06-07;0,0;Vendor_19;Netherlands;YES
TRX-1092874;2026-06-12;0,0;Vendor_39;Poland;YES
TRX-1092877;2026-03-13;0,0;Vendor_41;Germany;YES
TRX-1092880;2026-02-07;0,0;Vendor_36;Poland;YES
TRX-1092884;2026-08-23;0,0;Vendor_2;China;YES
TRX-1092893;2026-08-15;0,0;Vendor_21;Germany;YES
TRX-1092898;2026-07-25;0,0;Vendor_45;Poland;YES
TRX-1092902;2026-08-29;0,0;Vendor_3;Poland;YES
TRX-1092911;2026-06-26;1360,79;UNKNOWN;UNKNOWN;YES
TRX-1092919;2026-01-05;0,0;UNKNOWN;UNKNOWN;YES
TRX-1092920;2026-01-02;0,0;Vendor_39;Poland;YES
TRX-1092933;2026-01-10;222,93;UNKNOWN;UNKNOWN;YES
TRX-1092934;2026-05-28;0,0;Vendor_32;Germany;YES
TRX-1092942;2026-07-03;789,29;UNKNOWN;UNKNOWN;YES
TRX-1092944;2026-06-18;0,0;Vendor_12;Netherlands;YES
TRX-1092947;2026-06-20;0,0;Vendor_4;Netherlands;YES
TRX-1092964;2026-05-01;0,0;Vendor_35;Poland;YES
TRX-1092973;2026-03-27;0,0;Vendor_29;Netherlands;YES
TRX-1092976;2026-05-17;0,0;Vendor_23;Poland;YES
TRX-1092982;;0,0;Vendor_7;China;YES
TRX-1092987;2026-05-30;0,0;Vendor_1;Germany;YES
TRX-1092998;2026-02-11;0,0;Vendor_9;China;YES
TRX-1093010;2026-04-12;0,0;UNKNOWN;UNKNOWN;YES
TRX-1093012;2026-02-11;506,55;UNKNOWN;UNKNOWN;YES
TRX-1093015;2026-06-22;0,0;Vendor_11;Germany;YES
TRX-1093016;2026-07-25;0,0;Vendor_2;China;YES
TRX-1093022;2026-05-17;1022,17;UNKNOWN;UNKNOWN;YES
TRX-1093030;2026-01-11;1298,92;UNKNOWN;UNKNOWN;YES
TRX-1093048;2026-07-26;0,0;Vendor_4;Netherlands;YES
TRX-1093052;2026-05-27;830,96;UNKNOWN;UNKNOWN;YES
TRX-1093053;2026-05-30;0,0;Vendor_32;Germany;YES
TRX-1093057;2026-06-18;0,0;Vendor_38;China;YES
TRX-1093060;2026-08-18;0,0;Vendor_34;China;YES
TRX-1093064;2026-08-17;0,0;Vendor_8;Germany;YES
TRX-1093071;2026-06-23;0,0;Vendor_49;Poland;YES
TRX-1093074;2026-04-30;0,0;Vendor_39;Poland;YES
TRX-1093075;2026-04-21;1391,18;UNKNOWN;UNKNOWN;YES
TRX-1093086;2026-08-18;0,0;Vendor_49;Poland;YES
TRX-1093089;2026-05-09;0,0;Vendor_12;Netherlands;YES
TRX-1093104;2026-02-04;0,0;Vendor_7;China;YES
TRX-1093107;2026-01-08;0,0;Vendor_44;Poland;YES
TRX-1093109;2026-04-06;0,0;Vendor_24;Germany;YES
TRX-1093120;2026-02-03;883,36;UNKNOWN;UNKNOWN;YES
TRX-1093130;2026-03-31;0,0;Vendor_16;Netherlands;YES
TRX-1093133;2026-08-27;840,55;UNKNOWN;UNKNOWN;YES
TRX-1093140;2026-02-12;656,9;UNKNOWN;UNKNOWN;YES
TRX-1093142;2026-08-22;1398,62;UNKNOWN;UNKNOWN;YES
TRX-1093143;2026-08-13;0,0;Vendor_42;Germany;YES
TRX-1093145;2026-04-11;0,0;Vendor_4;Netherlands;YES
TRX-1093146;2026-07-21;0,0;Vendor_27;Poland;YES
TRX-1093149;2026-04-29;0,0;Vendor_39;Poland;YES
TRX-1093158;2026-03-30;1449,82;UNKNOWN;UNKNOWN;YES
TRX-1093187;2026-05-24;1432,55;UNKNOWN;UNKNOWN;YES
TRX-1093197;2026-01-26;0,0;Vendor_27;Poland;YES
TRX-1093200;2026-01-18;0,0;UNKNOWN;UNKNOWN;YES
TRX-1093204;2026-07-24;60,7;UNKNOWN;UNKNOWN;YES
TRX-1093208;2026-08-28;0,0;Vendor_24;Germany;YES
TRX-1093209;2026-08-09;1278,1;UNKNOWN;UNKNOWN;YES
TRX-1093211;2026-03-24;1157,51;UNKNOWN;UNKNOWN;YES
TRX-1093212;2026-01-11;0,0;Vendor_8;Germany;YES
TRX-1093216;2026-04-15;85,55;UNKNOWN;UNKNOWN;YES
TRX-1093236;2026-08-08;0,0;Vendor_21;Germany;YES
TRX-1093244;2026-08-15;429,74;UNKNOWN;UNKNOWN;YES
TRX-1093250;2026-02-01;0,0;Vendor_4;Netherlands;YES
TRX-1093252;2026-02-14;0,0;Vendor_5;Poland;YES
TRX-1093253;2026-01-29;1446,8;UNKNOWN;UNKNOWN;YES
TRX-1093257;2026-04-05;0,0;Vendor_5;Poland;YES
TRX-1093274;2026-08-14;0,0;Vendor_19;Netherlands;YES
TRX-1093288;2026-06-07;0,0;Vendor_33;Poland;YES
TRX-1093291;;569,28;UNKNOWN;UNKNOWN;YES
TRX-1093298;2026-09-07;0,0;Vendor_21;Germany;YES
TRX-1093299;2026-03-18;0,0;Vendor_30;Netherlands;YES
TRX-1093301;;911,4;UNKNOWN;UNKNOWN;YES
TRX-1093309;2026-04-22;992,83;UNKNOWN;UNKNOWN;YES
TRX-1093315;2026-07-13;0,0;Vendor_20;Netherlands;YES
TRX-1093322;2026-01-08;0,0;Vendor_9;China;YES
TRX-1093327;2026-02-24;0,0;Vendor_43;Netherlands;YES
TRX-1093330;2026-02-20;0,0;Vendor_13;Netherlands;YES
TRX-1093336;2026-04-01;0,0;Vendor_13;Netherlands;YES
TRX-1093337;2026-08-09;418,56;UNKNOWN;UNKNOWN;YES
TRX-1093339;2026-03-19;853,81;UNKNOWN;UNKNOWN;YES
TRX-1093341;2026-02-24;0,0;Vendor_31;Netherlands;YES
TRX-1093344;2026-05-26;559,94;UNKNOWN;UNKNOWN;YES
TRX-1093348;2026-03-11;0,0;Vendor_23;Poland;YES
TRX-1093375;2026-08-15;0,0;Vendor_48;Netherlands;YES
TRX-1093377;2026-01-02;0,0;Vendor_45;Poland;YES
TRX-1093378;2026-05-14;669,65;UNKNOWN;UNKNOWN;YES
TRX-1093386;2026-01-27;0,0;Vendor_29;Netherlands;YES
TRX-1093388;2026-06-24;0,0;Vendor_19;Netherlands;YES
TRX-1093396;2026-03-05;0,0;Vendor_11;Germany;YES
TRX-1093400;2026-05-05;965,42;UNKNOWN;UNKNOWN;YES
TRX-1093402;2026-09-03;0,0;Vendor_27;Poland;YES
TRX-1093406;;1055,79;UNKNOWN;UNKNOWN;YES
TRX-1093407;2026-08-20;0,0;Vendor_47;Netherlands;YES
TRX-1093416;;0,0;Vendor_46;Poland;YES
TRX-1093423;2026-01-20;767,35;UNKNOWN;UNKNOWN;YES
TRX-1093431;2026-07-21;626,21;UNKNOWN;UNKNOWN;YES
TRX-1093435;2026-08-13;0,0;Vendor_48;Netherlands;YES
TRX-1093443;2026-07-30;0,0;Vendor_38;China;YES
TRX-1093463;2026-01-28;234,2;UNKNOWN;UNKNOWN;YES
TRX-1093478;2026-05-07;0,0;UNKNOWN;UNKNOWN;YES
TRX-1093479;;0,0;Vendor_13;Netherlands;YES
TRX-1093484;2026-04-29;0,0;Vendor_31;Netherlands;YES
TRX-1093487;2026-09-03;1478,87;UNKNOWN;UNKNOWN;YES
TRX-1093493;2026-02-01;581,8;UNKNOWN;UNKNOWN;YES
TRX-1093499;2026-06-14;542,97;UNKNOWN;UNKNOWN;YES
TRX-1093506;2026-09-04;0,0;Vendor_36;Poland;YES
TRX-1093508;2026-09-05;0,0;Vendor_2;China;YES
TRX-1093521;2026-04-03;0,0;Vendor_9;China;YES
TRX-1093524;2026-01-29;1188,84;UNKNOWN;UNKNOWN;YES
TRX-1093531;2026-07-24;460,56;UNKNOWN;UNKNOWN;YES
TRX-1093534;2026-03-06;0,0;Vendor_34;China;YES
TRX-1093537;2026-01-11;0,0;Vendor_47;Netherlands;YES
TRX-1093541;2026-05-07;0,0;Vendor_12;Netherlands;YES
TRX-1093542;2026-07-16;0,0;Vendor_23;Poland;YES
TRX-1093556;2026-08-26;993,9;UNKNOWN;UNKNOWN;YES
TRX-1093562;2026-05-27;0,0;Vendor_8;Germany;YES
TRX-1093567;2026-02-07;161,06;UNKNOWN;UNKNOWN;YES
TRX-1093581;2026-06-14;0,0;Vendor_17;China;YES
TRX-1093596;2026-08-06;0,0;Vendor_40;China;YES
TRX-1093599;2026-06-03;0,0;Vendor_30;Netherlands;YES
TRX-1093600;;434,44;UNKNOWN;UNKNOWN;YES
TRX-1093611;2026-06-05;597,92;UNKNOWN;UNKNOWN;YES
TRX-1093674;2026-04-09;0,0;Vendor_25;China;YES
TRX-1093677;2026-08-30;0,0;Vendor_19;Netherlands;YES
TRX-1093682;2026-01-24;0,0;Vendor_21;Germany;YES
TRX-1093696;2026-07-04;0,0;Vendor_39;Poland;YES
TRX-1093697;2026-05-22;0,0;Vendor_48;Netherlands;YES
TRX-1093700;2026-01-13;302,13;UNKNOWN;UNKNOWN;YES
TRX-1093711;2026-04-23;391,64;UNKNOWN;UNKNOWN;YES
TRX-1093724;2026-03-06;0,0;Vendor_4;Netherlands;YES
TRX-1093729;2026-01-16;1423,15;UNKNOWN;UNKNOWN;YES
TRX-1093733;2026-02-27;0,0;Vendor_50;Poland;YES
TRX-1093734;2026-01-21;0,0;Vendor_10;China;YES
TRX-1093741;;268,8;UNKNOWN;UNKNOWN;YES
TRX-1093745;2026-04-02;0,0;UNKNOWN;UNKNOWN;YES
TRX-1093747;2026-07-26;0,0;Vendor_34;China;YES
TRX-1093751;2026-06-29;1473,94;UNKNOWN;UNKNOWN;YES
TRX-1093760;2026-03-08;0,0;Vendor_44;Poland;YES
TRX-1093773;2026-05-28;0,0;Vendor_42;Germany;YES
TRX-1093783;2026-02-10;1349,12;UNKNOWN;UNKNOWN;YES
TRX-1093784;2026-07-07;0,0;Vendor_28;Netherlands;YES
TRX-1093790;2026-08-08;225,5;UNKNOWN;UNKNOWN;YES
TRX-1093796;2026-04-21;797,01;UNKNOWN;UNKNOWN;YES
TRX-1093797;;0,0;Vendor_48;Netherlands;YES
TRX-1093816;2026-07-28;0,0;Vendor_12;Netherlands;YES
TRX-1093820;2026-05-03;0,0;Vendor_11;Germany;YES
TRX-1093847;2026-05-12;1194,92;UNKNOWN;UNKNOWN;YES
TRX-1093848;2026-06-07;0,0;Vendor_40;China;YES
TRX-1093867;2026-06-27;0,0;Vendor_6;China;YES
TRX-1093871;2026-07-02;881,97;UNKNOWN;UNKNOWN;YES
TRX-1093873;2026-05-27;1129,61;UNKNOWN;UNKNOWN;YES
TRX-1093876;2026-03-16;0,0;Vendor_9;China;YES
TRX-1093880;2026-02-18;0,0;Vendor_13;Netherlands;YES
TRX-1093883;2026-03-23;1069,88;UNKNOWN;UNKNOWN;YES
TRX-1093894;2026-07-26;118,73;UNKNOWN;UNKNOWN;YES
TRX-1093897;2026-05-11;829,03;UNKNOWN;UNKNOWN;YES
TRX-1093899;2026-07-19;259,72;UNKNOWN;UNKNOWN;YES
TRX-1093929;2026-01-20;682,13;UNKNOWN;UNKNOWN;YES
TRX-1093934;2026-08-07;984,79;UNKNOWN;UNKNOWN;YES
TRX-1093940;2026-04-14;0,0;Vendor_49;Poland;YES
TRX-1093944;2026-06-02;413,85;UNKNOWN;UNKNOWN;YES
TRX-1093955;2026-08-30;0,0;Vendor_46;Poland;YES
TRX-1093960;2026-01-02;1449,85;UNKNOWN;UNKNOWN;YES
TRX-1093962;2026-03-28;0,0;Vendor_5;Poland;YES
TRX-1093966;2026-03-23;255,55;UNKNOWN;UNKNOWN;YES
TRX-1093972;2026-02-21;1040,5;UNKNOWN;UNKNOWN;YES
TRX-1093981;2026-01-03;385,62;UNKNOWN;UNKNOWN;YES
TRX-1094000;2026-04-27;0,0;Vendor_23;Poland;YES
TRX-1094011;2026-08-30;211,04;UNKNOWN;UNKNOWN;YES
TRX-1094018;2026-02-27;1359,96;UNKNOWN;UNKNOWN;YES
TRX-1094019;2026-08-11;928,6;UNKNOWN;UNKNOWN;YES
TRX-1094026;2026-01-01;885,3;UNKNOWN;UNKNOWN;YES
TRX-1094033;2026-06-05;0,0;Vendor_14;China;YES
TRX-1094043;2026-03-14;0,0;Vendor_11;Germany;YES
TRX-1094050;2026-06-24;1138,8;UNKNOWN;UNKNOWN;YES
TRX-1094056;2026-03-15;0,0;Vendor_36;Poland;YES
TRX-1094074;2026-08-23;0,0;Vendor_3;Poland;YES
TRX-1094094;2026-01-04;1384,95;UNKNOWN;UNKNOWN;YES
TRX-1094099;2026-03-19;0,0;Vendor_19;Netherlands;YES
TRX-1094118;2026-04-15;0,0;Vendor_46;Poland;YES
TRX-1094126;2026-02-20;0,0;Vendor_10;China;YES
TRX-1094133;2026-05-29;0,0;Vendor_48;Netherlands;YES
TRX-1094141;2026-04-03;0,0;Vendor_19;Netherlands;YES
TRX-1094151;2026-03-04;0,0;Vendor_16;Netherlands;YES
TRX-1094159;2026-07-01;1494,47;UNKNOWN;UNKNOWN;YES
TRX-1094177;2026-06-19;0,0;Vendor_31;Netherlands;YES
TRX-1094178;2026-07-12;0,0;Vendor_7;China;YES
TRX-1094184;2026-05-28;0,0;Vendor_20;Netherlands;YES
TRX-1094185;;0,0;Vendor_6;China;YES
TRX-1094189;2026-05-29;0,0;Vendor_21;Germany;YES
TRX-1094197;2026-03-24;650,67;UNKNOWN;UNKNOWN;YES
TRX-1094202;;0,0;Vendor_35;Poland;YES
TRX-1094203;2026-06-08;0,0;Vendor_5;Poland;YES
TRX-1094204;2026-07-17;0,0;Vendor_20;Netherlands;YES
TRX-1094211;2026-01-27;1072,33;UNKNOWN;UNKNOWN;YES
TRX-1094214;2026-01-12;0,0;Vendor_28;Netherlands;YES
TRX-1094224;2026-04-17;741,59;UNKNOWN;UNKNOWN;YES
TRX-1094226;2026-07-01;0,0;Vendor_42;Germany;YES
TRX-1094227;2026-06-29;0,0;Vendor_19;Netherlands;YES
TRX-1094243;2026-01-26;0,0;Vendor_5;Poland;YES
TRX-1094255;2026-06-02;0,0;Vendor_22;Germany;YES
TRX-1094257;2026-07-08;1448,87;UNKNOWN;UNKNOWN;YES
TRX-1094268;2026-08-04;0,0;Vendor_48;Netherlands;YES
TRX-1094269;2026-05-25;923,73;UNKNOWN;UNKNOWN;YES
TRX-1094272;2026-02-11;54,35;UNKNOWN;UNKNOWN;YES
TRX-1094274;2026-02-02;0,0;Vendor_44;Poland;YES
TRX-1094282;2026-08-15;0,0;Vendor_31;Netherlands;YES
TRX-1094284;2026-05-09;0,0;Vendor_15;Germany;YES
TRX-1094286;2026-07-07;0,0;Vendor_36;Poland;YES
TRX-1094291;2026-01-01;0,0;Vendor_49;Poland;YES
TRX-1094293;2026-04-27;0,0;Vendor_7;China;YES
TRX-1094322;2026-02-15;0,0;Vendor_26;Netherlands;YES
TRX-1094329;2026-06-19;0,0;Vendor_13;Netherlands;YES
TRX-1094333;2026-01-27;0,0;UNKNOWN;UNKNOWN;YES
TRX-1094334;2026-01-20;0,0;Vendor_16;Netherlands;YES
TRX-1094336;2026-08-06;0,0;UNKNOWN;UNKNOWN;YES
TRX-1094342;2026-08-22;967,7;UNKNOWN;UNKNOWN;YES
TRX-1094343;2026-08-29;0,0;Vendor_36;Poland;YES
TRX-1094345;2026-01-26;489,46;UNKNOWN;UNKNOWN;YES
TRX-1094347;2026-08-17;80,68;UNKNOWN;UNKNOWN;YES
TRX-1094353;2026-05-22;0,0;Vendor_49;Poland;YES
TRX-1094373;2026-05-19;1498,0;UNKNOWN;UNKNOWN;YES
TRX-1094376;2026-03-09;0,0;Vendor_18;China;YES
TRX-1094379;2026-05-04;0,0;Vendor_45;Poland;YES
TRX-1094388;2026-05-12;117,71;UNKNOWN;UNKNOWN;YES
TRX-1094390;2026-01-10;0,0;Vendor_7;China;YES
TRX-1094405;2026-08-29;550,3;UNKNOWN;UNKNOWN;YES
TRX-1094423;2026-01-15;0,0;Vendor_18;China;YES
TRX-1094440;2026-06-13;0,0;Vendor_10;China;YES
TRX-1094451;2026-01-07;0,0;Vendor_2;China;YES
TRX-1094453;2026-04-03;1180,12;UNKNOWN;UNKNOWN;YES
TRX-1094465;2026-05-12;0,0;Vendor_39;Poland;YES
TRX-1094466;2026-03-05;0,0;Vendor_22;Germany;YES
TRX-1094469;2026-03-26;492,89;UNKNOWN;UNKNOWN;YES
TRX-1094475;2026-04-13;0,0;Vendor_18;China;YES
TRX-1094491;2026-03-22;139,4;UNKNOWN;UNKNOWN;YES
TRX-1094495;2026-07-16;0,0;UNKNOWN;UNKNOWN;YES
TRX-1094496;2026-05-10;1246,73;UNKNOWN;UNKNOWN;YES
TRX-1094516;2026-04-14;338,57;UNKNOWN;UNKNOWN;YES
TRX-1094518;2026-08-22;0,0;Vendor_46;Poland;YES
TRX-1094519;2026-01-04;0,0;Vendor_34;China;YES
TRX-1094526;2026-04-27;0,0;Vendor_39;Poland;YES
TRX-1094537;2026-05-05;0,0;Vendor_14;China;YES
TRX-1094553;2026-06-09;0,0;Vendor_6;China;YES
TRX-1094576;2026-08-17;0,0;Vendor_9;China;YES
TRX-1094584;2026-08-12;1389,2;UNKNOWN;UNKNOWN;YES
TRX-1094596;2026-04-16;1400,05;UNKNOWN;UNKNOWN;YES
TRX-1094599;2026-01-15;0,0;Vendor_9;China;YES
TRX-1094601;2026-05-15;0,0;Vendor_26;Netherlands;YES
TRX-1094607;2026-06-12;0,0;Vendor_3;Poland;YES
TRX-1094613;2026-09-04;0,0;Vendor_43;Netherlands;YES
TRX-1094620;2026-07-12;0,0;Vendor_33;Poland;YES
TRX-1094639;;0,0;Vendor_19;Netherlands;YES
TRX-1094645;2026-02-09;94,0;UNKNOWN;UNKNOWN;YES
TRX-1094648;2026-05-01;608,28;UNKNOWN;UNKNOWN;YES
TRX-1094651;2026-06-27;1226,42;UNKNOWN;UNKNOWN;YES
TRX-1094652;2026-04-18;650,54;UNKNOWN;UNKNOWN;YES
TRX-1094656;2026-05-10;1388,58;UNKNOWN;UNKNOWN;YES
TRX-1094665;2026-03-21;0,0;Vendor_32;Germany;YES
TRX-1094669;2026-07-30;0,0;Vendor_41;Germany;YES
TRX-1094672;2026-03-05;0,0;Vendor_2;China;YES
TRX-1094682;2026-08-20;0,0;Vendor_18;China;YES
TRX-1094684;2026-03-17;530,25;UNKNOWN;UNKNOWN;YES
TRX-1094698;2026-06-12;825,78;UNKNOWN;UNKNOWN;YES
TRX-1094711;2026-04-21;567,52;UNKNOWN;UNKNOWN;YES
TRX-1094718;2026-01-18;1040,87;UNKNOWN;UNKNOWN;YES
TRX-1094720;2026-06-08;0,0;Vendor_21;Germany;YES
TRX-1094727;2026-05-06;0,0;Vendor_1;Germany;YES
TRX-1094765;2026-02-04;0,0;Vendor_30;Netherlands;YES
TRX-1094775;2026-06-08;1174,91;UNKNOWN;UNKNOWN;YES
TRX-1094796;2026-03-29;0,0;Vendor_19;Netherlands;YES
TRX-1094805;2026-04-13;642,87;UNKNOWN;UNKNOWN;YES
TRX-1094812;2026-03-21;0,0;Vendor_15;Germany;YES
TRX-1094817;2026-07-18;1213,9;UNKNOWN;UNKNOWN;YES
TRX-1094818;2026-07-13;1156,5;UNKNOWN;UNKNOWN;YES
TRX-1094824;2026-08-17;0,0;Vendor_46;Poland;YES
TRX-1094840;2026-02-25;0,0;Vendor_21;Germany;YES
TRX-1094852;2026-08-18;0,0;Vendor_23;Poland;YES
TRX-1094854;2026-01-06;0,0;Vendor_22;Germany;YES
TRX-1094863;2026-06-21;0,0;Vendor_28;Netherlands;YES
TRX-1094871;2026-08-05;0,0;Vendor_20;Netherlands;YES
TRX-1094882;2026-06-04;0,0;Vendor_13;Netherlands;YES
TRX-1094889;2026-03-05;0,0;Vendor_17;China;YES
TRX-1094895;2026-08-29;0,0;Vendor_11;Germany;YES
TRX-1094899;2026-05-28;0,0;Vendor_37;China;YES
TRX-1094901;2026-02-15;0,0;Vendor_43;Netherlands;YES
TRX-1094910;2026-08-05;1414,26;UNKNOWN;UNKNOWN;YES
TRX-1094912;2026-01-20;0,0;Vendor_11;Germany;YES
TRX-1094914;2026-03-11;0,0;Vendor_17;China;YES
TRX-1094916;2026-01-04;792,59;UNKNOWN;UNKNOWN;YES
TRX-1094923;2026-08-20;0,0;Vendor_1;Germany;YES
TRX-1094961;2026-07-01;267,62;UNKNOWN;UNKNOWN;YES
TRX-1094978;2026-02-07;0,0;Vendor_37;China;YES
TRX-1094984;2026-03-25;0,0;Vendor_29;Netherlands;YES
TRX-1094986;2026-04-16;0,0;Vendor_1;Germany;YES
TRX-1095013;2026-05-21;264,92;UNKNOWN;UNKNOWN;YES
TRX-1095025;2026-08-02;0,0;Vendor_19;Netherlands;YES
TRX-1095035;2026-06-03;0,0;Vendor_36;Poland;YES
TRX-1095048;;0,0;Vendor_35;Poland;YES
TRX-1095063;2026-02-09;317,53;UNKNOWN;UNKNOWN;YES
TRX-1095065;2026-06-09;238,0;UNKNOWN;UNKNOWN;YES
TRX-1095095;2026-05-10;0,0;Vendor_15;Germany;YES
TRX-1095096;2026-06-18;0,0;Vendor_39;Poland;YES
TRX-1095103;2026-02-12;0,0;Vendor_50;Poland;YES
TRX-1095107;2026-07-31;0,0;Vendor_41;Germany;YES
TRX-1095108;2026-03-19;0,0;Vendor_27;Poland;YES
TRX-1095111;2026-06-07;0,0;Vendor_20;Netherlands;YES
TRX-1095113;2026-01-29;0,0;Vendor_8;Germany;YES
TRX-1095115;2026-05-25;645,72;UNKNOWN;UNKNOWN;YES
TRX-1095117;2026-08-13;1423,5;UNKNOWN;UNKNOWN;YES
TRX-1095119;2026-07-17;1290,0;UNKNOWN;UNKNOWN;YES
TRX-1095126;2026-02-02;0,0;Vendor_8;Germany;YES
TRX-1095132;2026-05-27;0,0;Vendor_32;Germany;YES
TRX-1095148;2026-04-28;0,0;Vendor_44;Poland;YES
TRX-1095153;2026-02-12;0,0;Vendor_45;Poland;YES
TRX-1095154;2026-04-17;0,0;Vendor_9;China;YES
TRX-1095167;2026-08-30;0,0;Vendor_16;Netherlands;YES
TRX-1095182;2026-08-08;0,0;UNKNOWN;UNKNOWN;YES
TRX-1095190;2026-05-03;0,0;Vendor_5;Poland;YES
TRX-1095217;2026-06-26;0,0;Vendor_37;China;YES
TRX-1095222;2026-05-28;866,86;UNKNOWN;UNKNOWN;YES
TRX-1095224;2026-04-14;0,0;Vendor_14;China;YES
TRX-1095240;2026-04-17;0,0;Vendor_25;China;YES
TRX-1095242;2026-03-06;0,0;Vendor_22;Germany;YES
TRX-1095243;2026-08-08;0,0;Vendor_40;China;YES
TRX-1095250;2026-09-07;748,26;UNKNOWN;UNKNOWN;YES
TRX-1095256;;0,0;Vendor_50;Poland;YES
TRX-1095270;2026-08-06;0,0;Vendor_4;Netherlands;YES
TRX-1095288;2026-08-15;0,0;Vendor_27;Poland;YES
TRX-1095302;2026-04-15;833,98;UNKNOWN;UNKNOWN;YES
TRX-1095305;2026-07-08;1060,02;UNKNOWN;UNKNOWN;YES
TRX-1095324;2026-06-19;0,0;Vendor_30;Netherlands;YES
TRX-1095329;2026-05-16;0,0;Vendor_18;China;YES
TRX-1095335;2026-09-06;0,0;Vendor_4;Netherlands;YES
TRX-1095353;2026-05-12;0,0;Vendor_31;Netherlands;YES
TRX-1095356;2026-08-29;0,0;Vendor_24;Germany;YES
TRX-1095357;;0,0;Vendor_24;Germany;YES
TRX-1095364;2026-05-07;522,89;UNKNOWN;UNKNOWN;YES
TRX-1095379;2026-03-29;0,0;UNKNOWN;UNKNOWN;YES
TRX-1095380;2026-04-22;723,58;UNKNOWN;UNKNOWN;YES
TRX-1095398;2026-03-23;724,75;UNKNOWN;UNKNOWN;YES
TRX-1095399;2026-04-04;1263,21;UNKNOWN;UNKNOWN;YES
TRX-1095401;2026-07-15;0,0;Vendor_27;Poland;YES
TRX-1095402;2026-07-10;266,52;UNKNOWN;UNKNOWN;YES
TRX-1095411;2026-06-08;0,0;Vendor_50;Poland;YES
TRX-1095416;2026-02-04;0,0;Vendor_3;Poland;YES
TRX-1095418;2026-06-30;0,0;Vendor_50;Poland;YES
TRX-1095432;2026-05-12;0,0;Vendor_37;China;YES
TRX-1095436;2026-05-08;50,4;UNKNOWN;UNKNOWN;YES
TRX-1095442;2026-05-18;0,0;Vendor_28;Netherlands;YES
TRX-1095444;2026-05-25;0,0;Vendor_34;China;YES
TRX-1095447;;0,0;UNKNOWN;UNKNOWN;YES
TRX-1095448;2026-02-04;0,0;Vendor_12;Netherlands;YES
TRX-1095449;2026-06-15;667,34;UNKNOWN;UNKNOWN;YES
TRX-1095455;;0,0;Vendor_40;China;YES
TRX-1095457;2026-07-04;0,0;Vendor_40;China;YES
TRX-1095477;2026-03-24;0,0;Vendor_36;Poland;YES
TRX-1095497;2026-03-11;0,0;Vendor_1;Germany;YES
TRX-1095500;2026-02-24;0,0;Vendor_46;Poland;YES
TRX-1095501;2026-02-28;979,36;UNKNOWN;UNKNOWN;YES
TRX-1095513;2026-05-09;683,64;UNKNOWN;UNKNOWN;YES
TRX-1095518;2026-06-26;0,0;Vendor_17;China;YES
TRX-1095532;2026-05-04;0,0;Vendor_4;Netherlands;YES
TRX-1095538;2026-06-08;0,0;Vendor_6;China;YES
TRX-1095539;2026-06-18;0,0;Vendor_3;Poland;YES
TRX-1095546;2026-04-11;0,0;Vendor_46;Poland;YES
TRX-1095553;2026-03-15;0,0;Vendor_15;Germany;YES
TRX-1095563;2026-01-29;1438,58;UNKNOWN;UNKNOWN;YES
TRX-1095575;2026-06-09;1388,44;UNKNOWN;UNKNOWN;YES
TRX-1095582;2026-06-06;0,0;UNKNOWN;UNKNOWN;YES
TRX-1095598;;623,87;UNKNOWN;UNKNOWN;YES
TRX-1095601;2026-08-14;0,0;Vendor_38;China;YES
TRX-1095615;2026-04-29;0,0;Vendor_48;Netherlands;YES
TRX-1095625;2026-01-21;0,0;Vendor_5;Poland;YES
TRX-1095643;2026-05-24;0,0;Vendor_33;Poland;YES
TRX-1095659;2026-09-05;598,32;UNKNOWN;UNKNOWN;YES
TRX-1095661;2026-07-17;0,0;Vendor_34;China;YES
TRX-1095662;2026-06-12;0,0;Vendor_21;Germany;YES
TRX-1095670;2026-01-15;0,0;Vendor_1;Germany;YES
TRX-1095686;2026-01-23;0,0;Vendor_8;Germany;YES
TRX-1095699;2026-02-06;1428,17;UNKNOWN;UNKNOWN;YES
TRX-1095707;2026-06-16;0,0;Vendor_1;Germany;YES
TRX-1095709;2026-06-14;528,13;UNKNOWN;UNKNOWN;YES
TRX-1095718;2026-01-04;0,0;UNKNOWN;UNKNOWN;YES
TRX-1095728;2026-06-09;557,13;UNKNOWN;UNKNOWN;YES
TRX-1095738;2026-08-27;0,0;Vendor_26;Netherlands;YES
TRX-1095739;2026-01-25;0,0;Vendor_31;Netherlands;YES
TRX-1095743;2026-01-11;0,0;Vendor_11;Germany;YES
TRX-1095750;2026-02-18;0,0;Vendor_14;China;YES
TRX-1095751;2026-08-27;0,0;Vendor_9;China;YES
TRX-1095773;2026-02-24;818,47;UNKNOWN;UNKNOWN;YES
TRX-1095781;2026-02-10;0,0;Vendor_24;Germany;YES
TRX-1095786;2026-08-07;0,0;Vendor_49;Poland;YES
TRX-1095796;2026-06-20;0,0;Vendor_22;Germany;YES
TRX-1095798;2026-06-21;0,0;Vendor_12;Netherlands;YES
TRX-1095801;2026-04-10;0,0;Vendor_24;Germany;YES
TRX-1095816;2026-05-05;64,81;UNKNOWN;UNKNOWN;YES
TRX-1095826;2026-08-08;0,0;Vendor_27;Poland;YES
TRX-1095834;2026-08-10;0,0;Vendor_21;Germany;YES
TRX-1095836;2026-01-07;0,0;Vendor_13;Netherlands;YES
TRX-1095838;2026-02-01;0,0;UNKNOWN;UNKNOWN;YES
TRX-1095840;2026-05-14;0,0;Vendor_22;Germany;YES
TRX-1095847;;0,0;Vendor_12;Netherlands;YES
TRX-1095852;2026-03-30;248,32;UNKNOWN;UNKNOWN;YES
TRX-1095855;2026-06-25;330,94;UNKNOWN;UNKNOWN;YES
TRX-1095856;2026-07-31;23,74;UNKNOWN;UNKNOWN;YES
TRX-1095865;2026-02-15;0,0;Vendor_21;Germany;YES
TRX-1095880;2026-02-24;682,82;UNKNOWN;UNKNOWN;YES
TRX-1095889;2026-04-03;0,0;Vendor_45;Poland;YES
TRX-1095894;2026-01-22;0,0;Vendor_5;Poland;YES
TRX-1095903;2026-02-12;0,0;Vendor_32;Germany;YES
TRX-1095907;2026-02-25;0,0;UNKNOWN;UNKNOWN;YES
TRX-1095925;2026-02-10;0,0;Vendor_27;Poland;YES
TRX-1095937;2026-05-31;0,0;Vendor_18;China;YES
TRX-1095938;2026-02-18;647,28;UNKNOWN;UNKNOWN;YES
TRX-1095950;2026-03-05;695,47;UNKNOWN;UNKNOWN;YES
TRX-1095951;2026-03-16;0,0;Vendor_4;Netherlands;YES
TRX-1095975;2026-04-08;304,84;UNKNOWN;UNKNOWN;YES
TRX-1095995;2026-08-09;0,0;Vendor_33;Poland;YES
TRX-1095998;2026-08-27;0,0;UNKNOWN;UNKNOWN;YES
TRX-1096006;;886,05;UNKNOWN;UNKNOWN;YES
TRX-1096011;2026-07-25;357,5;UNKNOWN;UNKNOWN;YES
TRX-1096018;2026-02-09;84,28;UNKNOWN;UNKNOWN;YES
TRX-1096030;2026-02-03;0,0;Vendor_50;Poland;YES
TRX-1096039;2026-04-17;0,0;Vendor_21;Germany;YES
TRX-1096041;2026-04-17;0,0;Vendor_27;Poland;YES
TRX-1096042;2026-05-23;0,0;Vendor_19;Netherlands;YES
TRX-1096043;2026-03-12;0,0;Vendor_5;Poland;YES
TRX-1096066;2026-07-31;0,0;Vendor_47;Netherlands;YES
TRX-1096069;2026-04-07;636,48;UNKNOWN;UNKNOWN;YES
TRX-1096077;2026-06-27;0,0;Vendor_28;Netherlands;YES
TRX-1096086;2026-08-11;0,0;Vendor_40;China;YES
TRX-1096090;2026-05-20;0,0;Vendor_19;Netherlands;YES
TRX-1096096;2026-03-27;0,0;Vendor_44;Poland;YES
TRX-1096115;2026-05-03;0,0;Vendor_2;China;YES
TRX-1096116;2026-03-09;0,0;Vendor_3;Poland;YES
TRX-1096128;2026-07-07;0,0;Vendor_17;China;YES
TRX-1096135;2026-02-05;1321,82;UNKNOWN;UNKNOWN;YES
TRX-1096140;2026-04-13;0,0;Vendor_24;Germany;YES
TRX-1096143;2026-02-27;0,0;Vendor_31;Netherlands;YES
TRX-1096148;2026-01-19;1034,18;UNKNOWN;UNKNOWN;YES
TRX-1096150;2026-07-03;0,0;Vendor_5;Poland;YES
TRX-1096151;2026-09-02;0,0;Vendor_14;China;YES
TRX-1096161;;523,63;UNKNOWN;UNKNOWN;YES
TRX-1096162;2026-03-20;0,0;Vendor_49;Poland;YES
TRX-1096171;2026-08-24;0,0;Vendor_42;Germany;YES
TRX-1096178;2026-08-24;0,0;Vendor_1;Germany;YES
TRX-1096182;2026-01-03;0,0;Vendor_45;Poland;YES
TRX-1096185;2026-03-16;248,53;UNKNOWN;UNKNOWN;YES
TRX-1096189;;0,0;Vendor_47;Netherlands;YES
TRX-1096193;2026-05-20;0,0;Vendor_31;Netherlands;YES
TRX-1096201;2026-03-22;238,93;UNKNOWN;UNKNOWN;YES
TRX-1096204;2026-08-16;0,0;Vendor_26;Netherlands;YES
TRX-1096207;2026-02-14;1033,92;UNKNOWN;UNKNOWN;YES
TRX-1096208;2026-01-25;1112,56;UNKNOWN;UNKNOWN;YES
TRX-1096217;2026-08-28;0,0;Vendor_45;Poland;YES
TRX-1096233;2026-02-10;0,0;Vendor_37;China;YES
TRX-1096235;2026-03-10;767,22;UNKNOWN;UNKNOWN;YES
TRX-1096236;2026-08-31;0,0;Vendor_24;Germany;YES
TRX-1096242;2026-03-06;0,0;Vendor_39;Poland;YES
TRX-1096246;2026-07-17;1097,12;UNKNOWN;UNKNOWN;YES
TRX-1096263;2026-07-01;0,0;Vendor_24;Germany;YES
TRX-1096278;2026-04-27;0,0;Vendor_49;Poland;YES
TRX-1096280;2026-03-31;1163,05;UNKNOWN;UNKNOWN;YES
TRX-1096290;2026-02-07;0,0;Vendor_46;Poland;YES
TRX-1096291;;0,0;Vendor_15;Germany;YES
TRX-1096295;2026-08-08;0,0;Vendor_17;China;YES
TRX-1096309;;0,0;Vendor_25;China;YES
TRX-1096311;2026-01-21;151,16;UNKNOWN;UNKNOWN;YES
TRX-1096312;2026-06-08;0,0;Vendor_21;Germany;YES
TRX-1096329;2026-05-05;1056,11;UNKNOWN;UNKNOWN;YES
TRX-1096335;2026-07-08;135,15;UNKNOWN;UNKNOWN;YES
TRX-1096337;2026-04-11;0,0;Vendor_14;China;YES
TRX-1096344;2026-01-07;0,0;Vendor_24;Germany;YES
TRX-1096349;;730,53;UNKNOWN;UNKNOWN;YES
TRX-1096351;2026-01-18;0,0;Vendor_44;Poland;YES
TRX-1096357;2026-03-20;0,0;Vendor_29;Netherlands;YES
TRX-1096360;2026-03-20;941,35;UNKNOWN;UNKNOWN;YES
TRX-1096363;2026-05-29;0,0;Vendor_29;Netherlands;YES
TRX-1096367;2026-08-23;0,0;Vendor_18;China;YES
TRX-1096370;2026-03-28;0,0;Vendor_36;Poland;YES
TRX-1096388;2026-04-07;1071,23;UNKNOWN;UNKNOWN;YES
TRX-1096395;2026-07-30;0,0;Vendor_7;China;YES
TRX-1096399;;0,0;Vendor_39;Poland;YES
TRX-1096400;2026-03-08;422,47;UNKNOWN;UNKNOWN;YES
TRX-1096401;2026-08-29;0,0;Vendor_1;Germany;YES
TRX-1096414;2026-05-19;0,0;Vendor_28;Netherlands;YES
TRX-1096415;2026-06-01;0,0;Vendor_3;Poland;YES
TRX-1096419;2026-04-19;0,0;UNKNOWN;UNKNOWN;YES
TRX-1096427;;0,0;Vendor_25;China;YES
TRX-1096434;2026-08-03;0,0;Vendor_16;Netherlands;YES
TRX-1096442;2026-04-17;840,75;UNKNOWN;UNKNOWN;YES
TRX-1096449;2026-02-28;0,0;Vendor_42;Germany;YES
TRX-1096451;2026-07-01;0,0;Vendor_2;China;YES
TRX-1096454;2026-07-27;0,0;Vendor_47;Netherlands;YES
TRX-1096460;2026-06-14;0,0;Vendor_1;Germany;YES
TRX-1096463;2026-09-05;0,0;Vendor_25;China;YES
TRX-1096471;2026-03-20;0,0;Vendor_8;Germany;YES
TRX-1096479;;829,11;UNKNOWN;UNKNOWN;YES
TRX-1096483;2026-02-27;0,0;Vendor_28;Netherlands;YES
TRX-1096488;2026-06-14;0,0;Vendor_43;Netherlands;YES
TRX-1096489;2026-08-01;0,0;Vendor_15;Germany;YES
TRX-1096495;2026-02-17;0,0;Vendor_9;China;YES
TRX-1096496;2026-03-06;0,0;Vendor_37;China;YES
TRX-1096497;2026-04-10;0,0;Vendor_19;Netherlands;YES
TRX-1096503;2026-02-26;0,0;Vendor_18;China;YES
TRX-1096508;2026-02-17;0,0;Vendor_45;Poland;YES
TRX-1096520;2026-01-14;0,0;Vendor_6;China;YES
TRX-1096524;2026-02-22;409,11;UNKNOWN;UNKNOWN;YES
TRX-1096525;2026-07-05;956,66;UNKNOWN;UNKNOWN;YES
TRX-1096531;2026-05-07;0,0;Vendor_25;China;YES
TRX-1096537;2026-05-29;0,0;Vendor_38;China;YES
TRX-1096538;2026-02-22;0,0;Vendor_33;Poland;YES
TRX-1096551;2026-02-16;1335,94;UNKNOWN;UNKNOWN;YES
TRX-1096553;;191,89;UNKNOWN;UNKNOWN;YES
TRX-1096554;2026-01-25;0,0;Vendor_23;Poland;YES
TRX-1096556;2026-08-04;342,78;UNKNOWN;UNKNOWN;YES
TRX-1096572;2026-05-13;0,0;Vendor_44;Poland;YES
TRX-1096573;2026-06-14;1499,41;UNKNOWN;UNKNOWN;YES
TRX-1096583;2026-05-09;0,0;Vendor_38;China;YES
TRX-1096593;2026-03-07;0,0;Vendor_29;Netherlands;YES
TRX-1096600;2026-05-23;749,42;UNKNOWN;UNKNOWN;YES
TRX-1096611;2026-04-15;0,0;Vendor_48;Netherlands;YES
TRX-1096629;2026-03-14;0,0;Vendor_33;Poland;YES
TRX-1096637;2026-01-20;0,0;Vendor_9;China;YES
TRX-1096645;2026-05-23;0,0;Vendor_47;Netherlands;YES
TRX-1096648;;429,2;UNKNOWN;UNKNOWN;YES
TRX-1096650;2026-02-11;0,0;Vendor_35;Poland;YES
TRX-1096651;2026-09-03;0,0;Vendor_11;Germany;YES
TRX-1096658;2026-01-04;1093,3;UNKNOWN;UNKNOWN;YES
TRX-1096662;2026-06-12;0,0;Vendor_10;China;YES
TRX-1096673;2026-05-22;0,0;Vendor_46;Poland;YES
TRX-1096706;2026-03-02;0,0;Vendor_39;Poland;YES
TRX-1096715;2026-07-05;0,0;Vendor_34;China;YES
TRX-1096734;2026-06-28;1097,56;UNKNOWN;UNKNOWN;YES
TRX-1096741;2026-07-11;323,17;UNKNOWN;UNKNOWN;YES
TRX-1096748;2026-05-28;0,0;Vendor_14;China;YES
TRX-1096750;2026-07-30;77,56;UNKNOWN;UNKNOWN;YES
TRX-1096757;;0,0;Vendor_49;Poland;YES
TRX-1096769;2026-07-07;0,0;Vendor_47;Netherlands;YES
TRX-1096770;2026-08-20;0,0;Vendor_33;Poland;YES
TRX-1096782;2026-02-10;1315,56;UNKNOWN;UNKNOWN;YES
TRX-1096791;2026-03-29;0,0;Vendor_38;China;YES
TRX-1096792;2026-02-01;0,0;Vendor_40;China;YES
TRX-1096796;2026-06-07;1309,07;UNKNOWN;UNKNOWN;YES
TRX-1096803;;0,0;Vendor_13;Netherlands;YES
TRX-1096829;2026-01-27;1392,39;UNKNOWN;UNKNOWN;YES
TRX-1096831;2026-05-25;704,32;UNKNOWN;UNKNOWN;YES
TRX-1096832;2026-08-07;192,87;UNKNOWN;UNKNOWN;YES
TRX-1096843;2026-01-06;0,0;Vendor_21;Germany;YES
TRX-1096846;2026-07-16;260,73;UNKNOWN;UNKNOWN;YES
TRX-1096849;2026-01-16;991,07;UNKNOWN;UNKNOWN;YES
TRX-1096860;2026-07-16;0,0;Vendor_15;Germany;YES
TRX-1096874;2026-03-03;0,0;Vendor_32;Germany;YES
TRX-1096888;2026-07-29;0,0;Vendor_41;Germany;YES
TRX-1096899;2026-02-21;0,0;Vendor_19;Netherlands;YES
TRX-1096900;2026-01-03;0,0;Vendor_41;Germany;YES
TRX-1096904;2026-06-30;226,21;UNKNOWN;UNKNOWN;YES
TRX-1096914;2026-02-05;37,47;UNKNOWN;UNKNOWN;YES
TRX-1096919;2026-03-30;0,0;Vendor_18;China;YES
TRX-1096924;2026-01-11;724,13;UNKNOWN;UNKNOWN;YES
TRX-1096930;2026-04-23;0,0;Vendor_49;Poland;YES
TRX-1096941;2026-05-09;79,71;UNKNOWN;UNKNOWN;YES
TRX-1096944;2026-02-15;0,0;Vendor_43;Netherlands;YES
TRX-1096948;2026-06-27;0,0;Vendor_34;China;YES
TRX-1096953;2026-01-01;0,0;Vendor_42;Germany;YES
TRX-1096964;2026-03-23;510,86;UNKNOWN;UNKNOWN;YES
TRX-1096971;2026-05-04;1470,28;UNKNOWN;UNKNOWN;YES
TRX-1096972;2026-07-13;411,96;UNKNOWN;UNKNOWN;YES
TRX-1096973;2026-02-13;777,0;UNKNOWN;UNKNOWN;YES
TRX-1096981;2026-01-31;0,0;Vendor_24;Germany;YES
TRX-1096983;2026-08-31;0,0;Vendor_39;Poland;YES
TRX-1096985;2026-03-14;317,43;UNKNOWN;UNKNOWN;YES
TRX-1096989;2026-03-17;83,55;UNKNOWN;UNKNOWN;YES
TRX-1096993;2026-03-24;0,0;Vendor_24;Germany;YES
TRX-1096994;;0,0;Vendor_6;China;YES
TRX-1096995;2026-01-29;210,17;UNKNOWN;UNKNOWN;YES
TRX-1096999;2026-06-06;262,2;UNKNOWN;UNKNOWN;YES
TRX-1097005;2026-05-29;762,13;UNKNOWN;UNKNOWN;YES
TRX-1097017;2026-09-05;0,0;Vendor_40;China;YES
TRX-1097020;2026-04-22;0,0;Vendor_16;Netherlands;YES
TRX-1097029;2026-04-27;0,0;Vendor_48;Netherlands;YES
TRX-1097032;2026-07-06;0,0;Vendor_19;Netherlands;YES
TRX-1097041;2026-07-05;0,0;Vendor_13;Netherlands;YES
TRX-1097043;2026-02-02;608,38;UNKNOWN;UNKNOWN;YES
TRX-1097044;2026-02-28;0,0;Vendor_31;Netherlands;YES
TRX-1097054;2026-01-01;1008,21;UNKNOWN;UNKNOWN;YES
TRX-1097056;2026-02-04;1410,56;UNKNOWN;UNKNOWN;YES
TRX-1097063;2026-05-14;0,0;Vendor_10;China;YES
TRX-1097074;2026-04-14;0,0;Vendor_27;Poland;YES
TRX-1097076;2026-01-18;0,0;Vendor_17;China;YES
TRX-1097084;2026-01-07;127,24;UNKNOWN;UNKNOWN;YES
TRX-1097088;2026-06-01;0,0;Vendor_31;Netherlands;YES
TRX-1097092;2026-08-07;162,54;UNKNOWN;UNKNOWN;YES
TRX-1097095;2026-06-19;0,0;Vendor_49;Poland;YES
TRX-1097103;2026-03-18;0,0;Vendor_24;Germany;YES
TRX-1097106;2026-05-19;1264,9;UNKNOWN;UNKNOWN;YES
TRX-1097107;2026-03-21;654,92;UNKNOWN;UNKNOWN;YES
TRX-1097118;2026-05-03;0,0;Vendor_45;Poland;YES
TRX-1097135;2026-01-16;0,0;Vendor_26;Netherlands;YES
TRX-1097142;2026-08-25;0,0;Vendor_10;China;YES
TRX-1097146;2026-02-15;1056,32;UNKNOWN;UNKNOWN;YES
TRX-1097165;2026-03-17;0,0;Vendor_34;China;YES
TRX-1097166;2026-05-19;0,0;Vendor_20;Netherlands;YES
TRX-1097169;2026-06-22;0,0;Vendor_47;Netherlands;YES
TRX-1097171;2026-07-02;0,0;Vendor_23;Poland;YES
TRX-1097172;2026-04-13;0,0;Vendor_14;China;YES
TRX-1097173;2026-08-29;0,0;Vendor_45;Poland;YES
TRX-1097174;2026-06-13;0,0;Vendor_33;Poland;YES
TRX-1097185;2026-01-08;0,0;Vendor_30;Netherlands;YES
TRX-1097191;2026-03-06;0,0;Vendor_42;Germany;YES
TRX-1097201;2026-01-03;0,0;Vendor_7;China;YES
TRX-1097203;2026-03-12;0,0;Vendor_27;Poland;YES
TRX-1097208;2026-06-08;112,46;UNKNOWN;UNKNOWN;YES
TRX-1097226;2026-08-06;0,0;Vendor_4;Netherlands;YES
TRX-1097235;2026-08-11;0,0;Vendor_23;Poland;YES
TRX-1097240;2026-02-05;261,48;UNKNOWN;UNKNOWN;YES
TRX-1097245;2026-07-15;0,0;Vendor_35;Poland;YES
TRX-1097246;2026-04-24;791,64;UNKNOWN;UNKNOWN;YES
TRX-1097255;2026-01-04;368,99;UNKNOWN;UNKNOWN;YES
TRX-1097263;2026-03-23;0,0;Vendor_26;Netherlands;YES
TRX-1097266;2026-03-05;0,0;Vendor_3;Poland;YES
TRX-1097285;2026-03-03;0,0;Vendor_8;Germany;YES
TRX-1097286;2026-04-19;456,28;UNKNOWN;UNKNOWN;YES
TRX-1097293;2026-08-06;0,0;Vendor_50;Poland;YES
TRX-1097294;2026-03-17;1188,0;UNKNOWN;UNKNOWN;YES
TRX-1097296;2026-03-12;337,7;UNKNOWN;UNKNOWN;YES
TRX-1097300;2026-04-10;0,0;Vendor_35;Poland;YES
TRX-1097304;2026-08-12;0,0;Vendor_38;China;YES
TRX-1097306;2026-01-09;0,0;Vendor_24;Germany;YES
TRX-1097309;2026-05-23;1314,75;UNKNOWN;UNKNOWN;YES
TRX-1097317;2026-06-21;0,0;Vendor_3;Poland;YES
TRX-1097324;2026-02-18;786,24;UNKNOWN;UNKNOWN;YES
TRX-1097335;2026-04-26;0,0;Vendor_23;Poland;YES
TRX-1097336;;0,0;Vendor_3;Poland;YES
TRX-1097351;2026-05-23;0,0;Vendor_48;Netherlands;YES
TRX-1097366;2026-06-09;0,0;Vendor_28;Netherlands;YES
TRX-1097388;2026-05-07;0,0;Vendor_18;China;YES
TRX-1097394;2026-08-07;0,0;Vendor_35;Poland;YES
TRX-1097395;2026-08-02;0,0;Vendor_46;Poland;YES
TRX-1097396;;0,0;Vendor_24;Germany;YES
TRX-1097399;2026-08-17;0,0;Vendor_27;Poland;YES
TRX-1097400;2026-07-19;540,17;UNKNOWN;UNKNOWN;YES
TRX-1097402;2026-03-19;0,0;Vendor_48;Netherlands;YES
TRX-1097410;2026-03-08;1215,2;UNKNOWN;UNKNOWN;YES
TRX-1097413;2026-08-20;840,2;UNKNOWN;UNKNOWN;YES
TRX-1097420;2026-06-18;0,0;Vendor_29;Netherlands;YES
TRX-1097424;2026-01-11;0,0;Vendor_26;Netherlands;YES
TRX-1097430;2026-07-21;0,0;Vendor_37;China;YES
TRX-1097440;2026-02-15;0,0;Vendor_8;Germany;YES
TRX-1097441;2026-01-09;0,0;Vendor_49;Poland;YES
TRX-1097442;2026-09-06;0,0;Vendor_42;Germany;YES
TRX-1097455;;0,0;Vendor_49;Poland;YES
TRX-1097458;2026-01-14;1349,59;UNKNOWN;UNKNOWN;YES
TRX-1097469;2026-09-06;332,87;UNKNOWN;UNKNOWN;YES
TRX-1097475;2026-02-27;76,75;UNKNOWN;UNKNOWN;YES
TRX-1097478;2026-05-27;632,84;UNKNOWN;UNKNOWN;YES
TRX-1097482;2026-02-22;0,0;UNKNOWN;UNKNOWN;YES
TRX-1097484;2026-07-12;0,0;Vendor_15;Germany;YES
TRX-1097485;2026-03-23;0,0;Vendor_38;China;YES
TRX-1097490;2026-08-02;329,65;UNKNOWN;UNKNOWN;YES
TRX-1097493;2026-09-02;0,0;Vendor_48;Netherlands;YES
TRX-1097495;2026-07-11;315,52;UNKNOWN;UNKNOWN;YES
TRX-1097506;2026-04-07;0,0;Vendor_1;Germany;YES
TRX-1097507;2026-08-31;0,0;Vendor_46;Poland;YES
TRX-1097510;2026-06-05;0,0;Vendor_4;Netherlands;YES
TRX-1097521;2026-06-24;1108,75;UNKNOWN;UNKNOWN;YES
TRX-1097524;2026-04-10;764,08;UNKNOWN;UNKNOWN;YES
TRX-1097543;2026-02-07;1445,61;UNKNOWN;UNKNOWN;YES
TRX-1097560;2026-02-06;0,0;Vendor_40;China;YES
TRX-1097563;2026-09-07;403,77;UNKNOWN;UNKNOWN;YES
TRX-1097564;2026-02-01;34,93;UNKNOWN;UNKNOWN;YES
TRX-1097565;2026-01-15;1465,3;UNKNOWN;UNKNOWN;YES
TRX-1097566;2026-05-10;0,0;Vendor_15;Germany;YES
TRX-1097570;2026-07-09;0,0;Vendor_37;China;YES
TRX-1097572;2026-07-09;0,0;Vendor_48;Netherlands;YES
TRX-1097573;2026-05-29;0,0;Vendor_24;Germany;YES
TRX-1097584;2026-06-30;0,0;Vendor_50;Poland;YES
TRX-1097598;2026-05-27;0,0;Vendor_37;China;YES
TRX-1097603;2026-02-24;0,0;Vendor_35;Poland;YES
TRX-1097604;2026-05-09;49,34;UNKNOWN;UNKNOWN;YES
TRX-1097609;2026-07-22;0,0;Vendor_7;China;YES
TRX-1097615;2026-04-03;0,0;Vendor_4;Netherlands;YES
TRX-1097616;2026-02-05;0,0;Vendor_6;China;YES
TRX-1097621;2026-01-13;0,0;Vendor_40;China;YES
TRX-1097622;2026-04-30;0,0;Vendor_15;Germany;YES
TRX-1097629;2026-01-31;0,0;Vendor_22;Germany;YES
TRX-1097635;2026-08-28;0,0;UNKNOWN;UNKNOWN;YES
TRX-1097641;2026-05-21;0,0;Vendor_41;Germany;YES
TRX-1097647;2026-04-11;0,0;Vendor_42;Germany;YES
TRX-1097652;2026-03-18;0,0;Vendor_12;Netherlands;YES
TRX-1097661;2026-06-25;0,0;Vendor_12;Netherlands;YES
TRX-1097667;2026-08-10;0,0;Vendor_10;China;YES
TRX-1097671;2026-02-16;550,74;UNKNOWN;UNKNOWN;YES
TRX-1097676;2026-01-19;0,0;Vendor_45;Poland;YES
TRX-1097689;2026-05-30;0,0;Vendor_12;Netherlands;YES
TRX-1097699;2026-07-02;0,0;Vendor_10;China;YES
TRX-1097702;2026-05-16;0,0;Vendor_43;Netherlands;YES
TRX-1097704;2026-04-17;0,0;Vendor_7;China;YES
TRX-1097716;2026-01-27;0,0;Vendor_48;Netherlands;YES
TRX-1097719;2026-07-07;0,0;Vendor_50;Poland;YES
TRX-1097729;2026-05-04;477,69;UNKNOWN;UNKNOWN;YES
TRX-1097737;2026-04-15;0,0;UNKNOWN;UNKNOWN;YES
TRX-1097758;2026-05-03;0,0;Vendor_11;Germany;YES
TRX-1097764;;0,0;Vendor_35;Poland;YES
TRX-1097767;2026-05-23;0,0;Vendor_29;Netherlands;YES
TRX-1097773;2026-07-26;0,0;Vendor_16;Netherlands;YES
TRX-1097783;2026-06-01;0,0;Vendor_37;China;YES
TRX-1097792;2026-04-18;0,0;Vendor_28;Netherlands;YES
TRX-1097794;2026-06-07;1438,14;UNKNOWN;UNKNOWN;YES
TRX-1097803;2026-08-04;0,0;UNKNOWN;UNKNOWN;YES
TRX-1097823;2026-05-27;0,0;Vendor_8;Germany;YES
TRX-1097828;2026-08-31;541,9;UNKNOWN;UNKNOWN;YES
TRX-1097837;2026-04-18;0,0;Vendor_21;Germany;YES
TRX-1097860;2026-07-13;0,0;Vendor_41;Germany;YES
TRX-1097871;2026-04-30;0,0;Vendor_48;Netherlands;YES
TRX-1097876;2026-06-15;365,41;UNKNOWN;UNKNOWN;YES
TRX-1097893;2026-02-28;0,0;Vendor_21;Germany;YES
TRX-1097895;2026-06-16;0,0;Vendor_25;China;YES
TRX-1097913;2026-06-02;0,0;Vendor_9;China;YES
TRX-1097917;2026-01-04;0,0;Vendor_6;China;YES
TRX-1097924;2026-06-14;0,0;Vendor_7;China;YES
TRX-1097930;2026-01-18;0,0;Vendor_10;China;YES
TRX-1097932;2026-02-25;0,0;Vendor_14;China;YES
TRX-1097955;2026-01-15;510,79;UNKNOWN;UNKNOWN;YES
TRX-1097958;2026-01-18;0,0;Vendor_34;China;YES
TRX-1097964;2026-04-30;0,0;Vendor_40;China;YES
TRX-1097968;2026-07-12;0,0;Vendor_19;Netherlands;YES
TRX-1097982;2026-08-01;0,0;Vendor_47;Netherlands;YES
TRX-1097987;2026-02-05;214,78;UNKNOWN;UNKNOWN;YES
TRX-1097988;2026-02-18;312,82;UNKNOWN;UNKNOWN;YES
TRX-1097995;2026-02-17;0,0;UNKNOWN;UNKNOWN;YES
TRX-1098006;2026-05-05;0,0;Vendor_38;China;YES
TRX-1098017;2026-03-07;0,0;Vendor_12;Netherlands;YES
TRX-1098022;2026-09-02;0,0;Vendor_16;Netherlands;YES
TRX-1098025;;0,0;Vendor_27;Poland;YES
TRX-1098027;2026-03-05;0,0;Vendor_17;China;YES
TRX-1098033;2026-04-19;0,0;Vendor_31;Netherlands;YES
TRX-1098040;2026-03-23;0,0;Vendor_4;Netherlands;YES
TRX-1098051;2026-01-04;0,0;Vendor_25;China;YES
TRX-1098058;2026-01-09;0,0;Vendor_24;Germany;YES
TRX-1098066;2026-03-18;0,0;Vendor_10;China;YES
TRX-1098069;2026-05-14;0,0;Vendor_28;Netherlands;YES
TRX-1098073;2026-04-24;0,0;Vendor_9;China;YES
TRX-1098092;2026-03-13;0,0;Vendor_43;Netherlands;YES
TRX-1098115;2026-03-13;0,0;Vendor_4;Netherlands;YES
TRX-1098116;2026-01-15;657,75;UNKNOWN;UNKNOWN;YES
TRX-1098119;2026-02-24;546,46;UNKNOWN;UNKNOWN;YES
TRX-1098123;2026-06-11;0,0;Vendor_49;Poland;YES
TRX-1098144;2026-03-11;0,0;Vendor_41;Germany;YES
TRX-1098149;2026-08-08;114,52;UNKNOWN;UNKNOWN;YES
TRX-1098150;2026-07-25;0,0;Vendor_24;Germany;YES
TRX-1098155;2026-01-05;0,0;Vendor_10;China;YES
TRX-1098186;2026-06-18;0,0;UNKNOWN;UNKNOWN;YES
TRX-1098188;2026-08-18;0,0;Vendor_7;China;YES
TRX-1098190;2026-01-27;0,0;Vendor_6;China;YES
TRX-1098194;2026-02-07;0,0;Vendor_36;Poland;YES
TRX-1098199;2026-04-02;0,0;Vendor_3;Poland;YES
TRX-1098203;2026-07-24;0,0;Vendor_23;Poland;YES
TRX-1098219;;0,0;Vendor_15;Germany;YES
TRX-1098232;2026-01-31;0,0;Vendor_31;Netherlands;YES
TRX-1098239;2026-06-19;1351,33;UNKNOWN;UNKNOWN;YES
TRX-1098244;2026-04-01;0,0;Vendor_48;Netherlands;YES
TRX-1098246;2026-02-27;0,0;Vendor_44;Poland;YES
TRX-1098256;2026-06-02;0,0;Vendor_44;Poland;YES
TRX-1098260;2026-08-25;0,0;Vendor_45;Poland;YES
TRX-1098261;2026-05-12;0,0;UNKNOWN;UNKNOWN;YES
TRX-1098266;2026-05-29;0,0;Vendor_44;Poland;YES
TRX-1098271;2026-09-07;0,0;Vendor_49;Poland;YES
TRX-1098275;2026-03-05;35,49;UNKNOWN;UNKNOWN;YES
TRX-1098285;2026-01-11;0,0;Vendor_16;Netherlands;YES
TRX-1098288;2026-03-01;946,41;UNKNOWN;UNKNOWN;YES
TRX-1098294;2026-07-28;0,0;UNKNOWN;UNKNOWN;YES
TRX-1098304;2026-07-16;0,0;Vendor_2;China;YES
TRX-1098313;2026-01-17;0,0;Vendor_41;Germany;YES
TRX-1098319;2026-04-23;431,94;UNKNOWN;UNKNOWN;YES
TRX-1098344;2026-01-10;0,0;Vendor_4;Netherlands;YES
TRX-1098346;2026-05-27;0,0;Vendor_27;Poland;YES
TRX-1098347;2026-04-08;347,32;UNKNOWN;UNKNOWN;YES
TRX-1098349;2026-09-01;0,0;Vendor_49;Poland;YES
TRX-1098350;2026-05-09;0,0;Vendor_50;Poland;YES
TRX-1098352;2026-08-21;0,0;Vendor_6;China;YES
TRX-1098357;2026-07-05;689,47;UNKNOWN;UNKNOWN;YES
TRX-1098364;2026-07-11;0,0;Vendor_21;Germany;YES
TRX-1098368;2026-03-04;0,0;Vendor_1;Germany;YES
TRX-1098374;2026-04-14;0,0;Vendor_7;China;YES
TRX-1098381;2026-01-17;0,0;Vendor_16;Netherlands;YES
TRX-1098383;2026-04-17;0,0;Vendor_42;Germany;YES
TRX-1098389;2026-03-23;520,28;UNKNOWN;UNKNOWN;YES
TRX-1098398;2026-03-19;0,0;Vendor_39;Poland;YES
TRX-1098399;2026-04-22;0,0;Vendor_49;Poland;YES
TRX-1098406;2026-08-18;368,25;UNKNOWN;UNKNOWN;YES
TRX-1098411;2026-07-27;0,0;Vendor_48;Netherlands;YES
TRX-1098430;2026-02-09;540,79;UNKNOWN;UNKNOWN;YES
TRX-1098432;2026-04-08;0,0;Vendor_32;Germany;YES
TRX-1098440;2026-03-31;0,0;UNKNOWN;UNKNOWN;YES
TRX-1098462;2026-05-14;0,0;Vendor_16;Netherlands;YES
TRX-1098463;2026-05-10;699,22;UNKNOWN;UNKNOWN;YES
TRX-1098482;2026-03-10;0,0;Vendor_42;Germany;YES
TRX-1098490;2026-07-02;0,0;Vendor_9;China;YES
TRX-1098509;2026-05-22;403,27;UNKNOWN;UNKNOWN;YES
TRX-1098517;2026-06-30;0,0;Vendor_22;Germany;YES
TRX-1098522;2026-06-09;0,0;Vendor_8;Germany;YES
TRX-1098523;2026-08-07;0,0;Vendor_31;Netherlands;YES
TRX-1098527;2026-07-03;0,0;Vendor_24;Germany;YES
TRX-1098529;2026-02-20;0,0;Vendor_31;Netherlands;YES
TRX-1098532;2026-06-18;0,0;Vendor_7;China;YES
TRX-1098537;2026-06-17;1343,52;UNKNOWN;UNKNOWN;YES
TRX-1098539;2026-04-16;458,88;UNKNOWN;UNKNOWN;YES
TRX-1098545;2026-04-19;0,0;Vendor_46;Poland;YES
TRX-1098558;;0,0;Vendor_39;Poland;YES
TRX-1098567;2026-05-21;0,0;Vendor_20;Netherlands;YES
TRX-1098571;;0,0;Vendor_31;Netherlands;YES
TRX-1098582;2026-06-13;42,73;UNKNOWN;UNKNOWN;YES
TRX-1098585;2026-09-03;0,0;Vendor_36;Poland;YES
TRX-1098586;2026-06-16;0,0;Vendor_22;Germany;YES
TRX-1098591;2026-05-04;0,0;Vendor_38;China;YES
TRX-1098599;2026-08-21;0,0;Vendor_44;Poland;YES
TRX-1098608;2026-03-26;1338,24;UNKNOWN;UNKNOWN;YES
TRX-1098615;2026-04-15;0,0;UNKNOWN;UNKNOWN;YES
TRX-1098626;2026-05-29;1455,1;UNKNOWN;UNKNOWN;YES
TRX-1098628;2026-07-07;799,23;UNKNOWN;UNKNOWN;YES
TRX-1098667;2026-06-07;0,0;Vendor_20;Netherlands;YES
TRX-1098671;2026-06-04;1438,84;UNKNOWN;UNKNOWN;YES
TRX-1098673;;0,0;Vendor_8;Germany;YES
TRX-1098689;2026-02-26;0,0;Vendor_32;Germany;YES
TRX-1098702;2026-03-19;1371,85;UNKNOWN;UNKNOWN;YES
TRX-1098708;2026-04-11;0,0;Vendor_50;Poland;YES
TRX-1098718;2026-05-03;0,0;Vendor_16;Netherlands;YES
TRX-1098731;2026-06-22;0,0;Vendor_31;Netherlands;YES
TRX-1098738;2026-06-28;0,0;Vendor_34;China;YES
TRX-1098739;2026-04-01;0,0;Vendor_44;Poland;YES
TRX-1098744;2026-03-23;0,0;Vendor_44;Poland;YES
TRX-1098749;2026-08-01;0,0;Vendor_23;Poland;YES
TRX-1098751;2026-07-20;0,0;Vendor_22;Germany;YES
TRX-1098763;2026-08-11;0,0;Vendor_29;Netherlands;YES
TRX-1098773;2026-07-23;0,0;Vendor_30;Netherlands;YES
TRX-1098788;2026-08-18;0,0;Vendor_25;China;YES
TRX-1098793;2026-08-21;0,0;Vendor_28;Netherlands;YES
TRX-1098795;2026-04-20;0,0;Vendor_17;China;YES
TRX-1098805;2026-03-29;0,0;Vendor_35;Poland;YES
TRX-1098810;2026-07-26;232,93;UNKNOWN;UNKNOWN;YES
TRX-1098811;2026-04-04;0,0;Vendor_20;Netherlands;YES
TRX-1098817;2026-08-26;0,0;Vendor_44;Poland;YES
TRX-1098827;2026-02-12;183,62;UNKNOWN;UNKNOWN;YES
TRX-1098849;2026-09-03;114,46;UNKNOWN;UNKNOWN;YES
TRX-1098852;2026-05-03;265,21;UNKNOWN;UNKNOWN;YES
TRX-1098855;2026-05-05;0,0;Vendor_45;Poland;YES
TRX-1098860;;0,0;Vendor_10;China;YES
TRX-1098862;2026-08-30;683,88;UNKNOWN;UNKNOWN;YES
TRX-1098865;2026-06-20;0,0;Vendor_16;Netherlands;YES
TRX-1098873;2026-08-16;0,0;Vendor_27;Poland;YES
TRX-1098874;2026-05-30;0,0;Vendor_18;China;YES
TRX-1098885;2026-05-30;0,0;Vendor_10;China;YES
TRX-1098901;2026-03-03;0,0;Vendor_2;China;YES
TRX-1098907;2026-03-10;1440,49;UNKNOWN;UNKNOWN;YES
TRX-1098909;2026-03-20;0,0;Vendor_20;Netherlands;YES
TRX-1098910;2026-04-08;0,0;Vendor_25;China;YES
TRX-1098929;2026-06-19;0,0;Vendor_48;Netherlands;YES
TRX-1098940;2026-02-19;204,98;UNKNOWN;UNKNOWN;YES
TRX-1098941;2026-03-31;758,55;UNKNOWN;UNKNOWN;YES
TRX-1098942;2026-05-29;137,36;UNKNOWN;UNKNOWN;YES
TRX-1098945;2026-03-31;0,0;Vendor_31;Netherlands;YES
TRX-1098956;2026-08-27;0,0;Vendor_16;Netherlands;YES
TRX-1098957;2026-04-10;0,0;Vendor_23;Poland;YES
TRX-1098961;2026-03-13;1439,3;UNKNOWN;UNKNOWN;YES
TRX-1098963;;0,0;Vendor_46;Poland;YES
TRX-1098966;2026-05-27;0,0;Vendor_37;China;YES
TRX-1098970;2026-01-20;0,0;Vendor_28;Netherlands;YES
TRX-1098977;2026-08-24;0,0;Vendor_23;Poland;YES
TRX-1099004;2026-03-03;1062,93;UNKNOWN;UNKNOWN;YES
TRX-1099020;2026-06-14;0,0;Vendor_15;Germany;YES
TRX-1099033;2026-04-23;0,0;Vendor_30;Netherlands;YES
TRX-1099041;2026-07-20;0,0;Vendor_30;Netherlands;YES
TRX-1099063;2026-02-28;0,0;Vendor_17;China;YES
TRX-1099064;2026-06-09;928,05;UNKNOWN;UNKNOWN;YES
TRX-1099068;2026-01-26;0,0;Vendor_7;China;YES
TRX-1099077;2026-01-30;180,41;UNKNOWN;UNKNOWN;YES
TRX-1099080;2026-01-06;0,0;UNKNOWN;UNKNOWN;YES
TRX-1099082;2026-02-23;8,01;UNKNOWN;UNKNOWN;YES
TRX-1099098;2026-05-17;0,0;Vendor_26;Netherlands;YES
TRX-1099103;2026-04-13;0,0;Vendor_40;China;YES
TRX-1099110;2026-01-12;344,94;UNKNOWN;UNKNOWN;YES
TRX-1099113;2026-06-28;152,49;UNKNOWN;UNKNOWN;YES
TRX-1099116;2026-07-30;0,0;Vendor_32;Germany;YES
TRX-1099121;2026-06-20;0,0;Vendor_29;Netherlands;YES
TRX-1099129;2026-09-05;149,31;UNKNOWN;UNKNOWN;YES
TRX-1099132;2026-05-24;0,0;Vendor_37;China;YES
TRX-1099142;2026-07-22;0,0;Vendor_28;Netherlands;YES
TRX-1099147;2026-04-08;0,0;Vendor_7;China;YES
TRX-1099163;2026-05-25;0,0;Vendor_35;Poland;YES
TRX-1099167;2026-05-15;0,0;Vendor_30;Netherlands;YES
TRX-1099169;2026-04-05;0,0;Vendor_37;China;YES
TRX-1099189;2026-02-12;0,0;Vendor_6;China;YES
TRX-1099191;2026-02-05;0,0;Vendor_46;Poland;YES
TRX-1099205;2026-01-06;0,0;Vendor_48;Netherlands;YES
TRX-1099214;2026-01-02;0,0;Vendor_25;China;YES
TRX-1099215;2026-01-08;1285,86;UNKNOWN;UNKNOWN;YES
TRX-1099225;2026-08-20;586,55;UNKNOWN;UNKNOWN;YES
TRX-1099228;2026-06-06;170,17;UNKNOWN;UNKNOWN;YES
TRX-1099229;2026-02-10;1395,46;UNKNOWN;UNKNOWN;YES
TRX-1099232;2026-05-14;0,0;Vendor_24;Germany;YES
TRX-1099233;;0,0;Vendor_22;Germany;YES
TRX-1099239;2026-06-01;0,0;Vendor_31;Netherlands;YES
TRX-1099250;2026-08-26;974,1;UNKNOWN;UNKNOWN;YES
TRX-1099265;2026-03-10;0,0;Vendor_18;China;YES
TRX-1099277;2026-05-26;0,0;Vendor_29;Netherlands;YES
TRX-1099292;2026-09-07;0,0;Vendor_38;China;YES
TRX-1099293;2026-03-25;1280,33;UNKNOWN;UNKNOWN;YES
TRX-1099294;2026-05-04;0,0;Vendor_1;Germany;YES
TRX-1099300;2026-01-26;680,32;UNKNOWN;UNKNOWN;YES
TRX-1099322;2026-03-22;237,51;UNKNOWN;UNKNOWN;YES
TRX-1099325;;0,0;Vendor_46;Poland;YES
TRX-1099339;2026-05-18;0,0;Vendor_30;Netherlands;YES
TRX-1099344;2026-01-05;0,0;Vendor_15;Germany;YES
TRX-1099352;2026-08-20;0,0;Vendor_41;Germany;YES
TRX-1099357;2026-01-19;0,0;Vendor_20;Netherlands;YES
TRX-1099374;2026-03-17;789,11;UNKNOWN;UNKNOWN;YES
TRX-1099375;2026-01-07;0,0;Vendor_8;Germany;YES
TRX-1099384;2026-05-12;663,52;UNKNOWN;UNKNOWN;YES
TRX-1099386;2026-07-28;0,0;Vendor_3;Poland;YES
TRX-1099392;2026-07-17;0,0;Vendor_47;Netherlands;YES
TRX-1099393;2026-03-08;33,09;UNKNOWN;UNKNOWN;YES
TRX-1099405;2026-06-07;0,0;Vendor_20;Netherlands;YES
TRX-1099408;2026-09-07;0,0;Vendor_45;Poland;YES
TRX-1099410;2026-06-03;0,0;Vendor_43;Netherlands;YES
TRX-1099414;2026-05-11;0,0;Vendor_46;Poland;YES
TRX-1099417;2026-05-18;0,0;Vendor_16;Netherlands;YES
TRX-1099441;2026-01-18;561,48;UNKNOWN;UNKNOWN;YES
TRX-1099442;2026-04-09;0,0;Vendor_25;China;YES
TRX-1099453;2026-04-28;257,41;UNKNOWN;UNKNOWN;YES
TRX-1099456;;834,58;UNKNOWN;UNKNOWN;YES
TRX-1099458;2026-02-20;0,0;Vendor_12;Netherlands;YES
TRX-1099463;2026-05-17;0,0;Vendor_37;China;YES
TRX-1099470;2026-03-06;371,73;UNKNOWN;UNKNOWN;YES
TRX-1099493;2026-02-23;1189,77;UNKNOWN;UNKNOWN;YES
TRX-1099505;2026-01-31;0,0;Vendor_49;Poland;YES
TRX-1099519;2026-05-03;0,0;Vendor_16;Netherlands;YES
TRX-1099525;2026-07-27;0,0;Vendor_49;Poland;YES
TRX-1099526;2026-01-20;0,0;Vendor_3;Poland;YES
TRX-1099530;2026-05-12;0,0;Vendor_46;Poland;YES
TRX-1099539;2026-09-03;0,0;Vendor_32;Germany;YES
TRX-1099546;2026-06-02;0,0;Vendor_29;Netherlands;YES
TRX-1099557;2026-01-14;478,33;UNKNOWN;UNKNOWN;YES
TRX-1099562;2026-04-03;801,94;UNKNOWN;UNKNOWN;YES
TRX-1099564;2026-06-17;0,0;Vendor_18;China;YES
TRX-1099566;2026-06-02;21,0;UNKNOWN;UNKNOWN;YES
TRX-1099569;2026-01-03;0,0;Vendor_19;Netherlands;YES
TRX-1099570;2026-08-28;34,18;UNKNOWN;UNKNOWN;YES
TRX-1099598;2026-04-03;0,0;Vendor_6;China;YES
TRX-1099602;2026-06-11;0,0;UNKNOWN;UNKNOWN;YES
TRX-1099603;2026-08-10;0,0;Vendor_8;Germany;YES
TRX-1099609;2026-08-11;0,0;Vendor_36;Poland;YES
TRX-1099612;2026-08-29;0,0;Vendor_35;Poland;YES
TRX-1099614;2026-02-19;916,41;UNKNOWN;UNKNOWN;YES
TRX-1099622;2026-03-03;1357,17;UNKNOWN;UNKNOWN;YES
TRX-1099628;2026-04-24;0,0;Vendor_6;China;YES
TRX-1099629;2026-02-24;0,0;Vendor_15;Germany;YES
TRX-1099631;2026-01-29;0,0;Vendor_31;Netherlands;YES
TRX-1099635;2026-06-04;0,0;Vendor_29;Netherlands;YES
TRX-1099637;2026-01-03;0,0;Vendor_21;Germany;YES
TRX-1099641;2026-02-03;0,0;Vendor_19;Netherlands;YES
TRX-1099647;2026-04-17;0,0;Vendor_41;Germany;YES
TRX-1099649;2026-05-23;0,0;Vendor_18;China;YES
TRX-1099652;2026-01-30;0,0;Vendor_15;Germany;YES
TRX-1099660;2026-07-06;0,0;Vendor_21;Germany;YES
TRX-1099676;2026-06-29;0,0;Vendor_24;Germany;YES
TRX-1099689;2026-08-17;0,0;Vendor_6;China;YES
TRX-1099698;2026-06-19;0,0;Vendor_15;Germany;YES
TRX-1099707;2026-06-30;1287,3;UNKNOWN;UNKNOWN;YES
TRX-1099721;2026-04-04;0,0;UNKNOWN;UNKNOWN;YES
TRX-1099726;2026-08-23;0,0;Vendor_47;Netherlands;YES
TRX-1099729;2026-03-29;0,0;Vendor_18;China;YES
TRX-1099735;2026-01-06;0,0;Vendor_26;Netherlands;YES
TRX-1099744;2026-02-22;0,0;Vendor_5;Poland;YES
TRX-1099756;2026-02-20;0,0;Vendor_49;Poland;YES
TRX-1099761;2026-04-30;1471,89;UNKNOWN;UNKNOWN;YES
TRX-1099777;2026-05-21;0,0;Vendor_37;China;YES
TRX-1099788;2026-05-20;662,88;UNKNOWN;UNKNOWN;YES
TRX-1099791;2026-03-04;0,0;Vendor_29;Netherlands;YES
TRX-1099793;2026-07-27;0,0;Vendor_2;China;YES
TRX-1099797;2026-01-15;0,0;Vendor_31;Netherlands;YES
TRX-1099802;2026-05-28;0,0;Vendor_46;Poland;YES
TRX-1099804;2026-09-04;0,0;Vendor_4;Netherlands;YES
TRX-1099806;2026-01-15;856,32;UNKNOWN;UNKNOWN;YES
TRX-1099807;;623,91;UNKNOWN;UNKNOWN;YES
TRX-1099812;2026-05-11;0,0;Vendor_15;Germany;YES
TRX-1099818;2026-07-13;0,0;Vendor_45;Poland;YES
TRX-1099820;2026-06-20;0,0;Vendor_10;China;YES
TRX-1099837;2026-06-16;0,0;Vendor_25;China;YES
TRX-1099845;2026-03-10;1304,08;UNKNOWN;UNKNOWN;YES
TRX-1099847;2026-02-19;575,2;UNKNOWN;UNKNOWN;YES
TRX-1099848;;395,97;UNKNOWN;UNKNOWN;YES
TRX-1099849;2026-07-06;1304,05;UNKNOWN;UNKNOWN;YES
TRX-1099851;2026-04-25;0,0;Vendor_27;Poland;YES
TRX-1099852;2026-04-30;0,0;Vendor_21;Germany;YES
TRX-1099853;2026-07-13;0,0;Vendor_29;Netherlands;YES
TRX-1099856;2026-02-08;0,0;Vendor_1;Germany;YES
TRX-1099857;2026-07-12;745,66;UNKNOWN;UNKNOWN;YES
TRX-1099861;2026-07-05;0,0;Vendor_30;Netherlands;YES
TRX-1099863;2026-03-20;0,0;Vendor_50;Poland;YES
TRX-1099866;2026-01-25;0,0;Vendor_21;Germany;YES
TRX-1099873;2026-02-25;0,0;Vendor_25;China;YES
TRX-1099900;2026-07-06;0,0;Vendor_3;Poland;YES
TRX-1099905;2026-04-01;0,0;Vendor_40;China;YES
TRX-1099907;2026-01-29;0,0;Vendor_9;China;YES
TRX-1099910;2026-04-03;0,0;Vendor_32;Germany;YES
TRX-1099914;2026-05-31;456,66;UNKNOWN;UNKNOWN;YES
TRX-1099916;2026-02-02;0,0;Vendor_1;Germany;YES
TRX-1099923;2026-08-29;0,0;Vendor_14;China;YES
TRX-1099926;2026-03-28;993,67;UNKNOWN;UNKNOWN;YES
TRX-1099931;2026-08-17;0,0;Vendor_32;Germany;YES
TRX-1099933;2026-07-27;814,54;UNKNOWN;UNKNOWN;YES
TRX-1099939;2026-05-23;0,0;Vendor_4;Netherlands;YES
TRX-1099954;2026-05-27;0,0;Vendor_5;Poland;YES
TRX-1099955;2026-07-23;0,0;Vendor_12;Netherlands;YES
TRX-1099959;2026-02-28;1328,66;UNKNOWN;UNKNOWN;YES
TRX-1099964;2026-06-30;747,9;UNKNOWN;UNKNOWN;YES
TRX-1099965;2026-09-08;0,0;Vendor_2;China;YES
TRX-1099989;2026-05-29;1063,07;UNKNOWN;UNKNOWN;YES
